sample_id,form_id,writer_id,image_path,image_width,image_height,skew,baseline_deviation,word_spacing_cv,character_height_cv,average_word_height,average_word_width,stroke_density,slant_angle,writing_area,connected_component_count,num_lines,num_words,num_components,segmentation_error_count
a01-000u,a01-000u,000,data/raw/IAM/images/formsA-D/a01-000u.png,2479,3542,287.0,7.4616224779401135,0.27762493639185526,0.41387284213999803,58.69230769230769,191.84615384615384,0.0590926235204682,-15.285714285714286,0.27235736710104,142,7,52,138,2
a01-000x,a01-000x,001,data/raw/IAM/images/formsA-D/a01-000x.png,2479,3542,-30.0,15.772642733248231,0.2996589136373053,0.6687077505221461,84.5576923076923,107.75,0.047978319795664186,-7.666666666666667,0.19806100208436353,161,6,52,146,0
a01-003,a01-003,002,data/raw/IAM/images/formsA-D/a01-003.png,2479,3542,127.0,7.4974414239564,0.31738758166315684,0.7630775741813933,65.96296296296296,181.01234567901236,0.04050118761469526,45.0,0.42467432246796294,310,11,81,298,1
a01-003u,a01-003u,000,data/raw/IAM/images/formsA-D/a01-003u.png,2479,3542,223.0,8.918163082599824,0.34732320490691665,0.41762260836819204,59.0625,215.075,0.062139870850235944,-14.454545454545455,0.4402059171689282,224,11,80,222,1
a01-003x,a01-003x,003,data/raw/IAM/images/formsA-D/a01-003x.png,2479,3542,-30.0,9.867771385086392,0.38909142699421706,0.48364466447733867,88.21951219512195,164.59756097560975,0.0601078595875474,19.88888888888889,0.3551148677689885,268,9,82,261,3
a01-007,a01-007,004,data/raw/IAM/images/formsA-D/a01-007.png,2479,3542,159.0,14.715176289843543,0.3578586140938065,0.6089386599123228,75.20289855072464,172.231884057971,0.05615554374193087,23.444444444444443,0.30591969722404505,158,9,69,133,0
a01-007u,a01-007u,000,data/raw/IAM/images/formsA-D/a01-007u.png,2479,3542,191.0,6.547886864191649,0.3210618400250026,0.3838374667316266,57.911764705882355,213.88235294117646,0.059898377360821264,-14.0,0.39275606796697,184,10,68,179,0
a01-007x,a01-007x,003,data/raw/IAM/images/formsA-D/a01-007x.png,2479,3542,-30.0,12.205996512776768,0.4274524771689719,0.4615499568762988,91.92753623188406,173.7246376811594,0.056567941367442295,17.75,0.3220324583076043,217,8,69,204,0
a01-011,a01-011,005,data/raw/IAM/images/formsA-D/a01-011.png,2479,3542,159.0,18.297625456277444,0.41717056541539843,0.6282276265004922,69.75,157.4558823529412,0.0787679514143317,-1.5714285714285714,0.24914430852133643,119,7,68,112,1
a01-011u,a01-011u,000,data/raw/IAM/images/formsA-D/a01-011u.png,2479,3542,223.0,7.4598040134885535,0.36201769376284665,0.4393688383538805,63.661764705882355,223.69117647058823,0.05836018461479623,-15.4,0.41689491559705705,223,10,68,219,0
a01-011x,a01-011x,006,data/raw/IAM/images/formsA-D/a01-011x.png,2479,3542,-63.0,6.9735605287254465,0.39007351196960927,0.5040352125538327,85.33823529411765,177.44117647058823,0.09016007945700256,18.333333333333332,0.22084573090413454,325,9,68,309,8
a01-014,a01-014,007,data/raw/IAM/images/formsA-D/a01-014.png,2479,3542,191.0,14.323193419554878,0.30639267206124365,0.5689375860972772,77.85526315789474,192.81578947368422,0.0543108033894114,-7.6,0.39608715468546746,170,10,76,171,1
a01-014u,a01-014u,000,data/raw/IAM/images/formsA-D/a01-014u.png,2479,3542,255.0,6.722580620348827,0.3174342582019795,0.4630893122481261,57.74576271186441,196.135593220339,0.0530407486436009,-16.333333333333332,0.3466618181089304,176,9,59,173,1
a01-014x,a01-014x,008,data/raw/IAM/images/formsA-D/a01-014x.png,2479,3542,-30.0,13.862520582813028,0.37022326254425697,0.7454724257811243,88.22368421052632,199.31578947368422,0.05479667904295007,29.6,0.4105342015789777,295,10,76,248,0
a01-020,a01-020,009,data/raw/IAM/images/formsA-D/a01-020.png,2479,3542,159.0,4.965195317114338,0.27557728515950386,0.5153337082245988,65.26470588235294,160.7941176470588,0.04596247100990934,23.444444444444443,0.31329685450386296,211,9,68,215,0
a01-020u,a01-020u,000,data/raw/IAM/images/formsA-D/a01-020u.png,2479,3542,191.0,3.508292044766759,0.3016252073297769,0.3977418854154897,56.705882352941174,201.16176470588235,0.05616767730091134,-17.0,0.38659784539083697,187,10,68,186,0
a01-020x,a01-020x,010,data/raw/IAM/images/formsA-D/a01-020x.png,2479,3542,-30.0,3.6501290941571685,0.2720472749267629,0.4959205666444367,66.2463768115942,146.7536231884058,0.04799116644229257,1.0,0.31571308534319564,293,9,69,292,0
a01-026,a01-026,009,data/raw/IAM/images/formsA-D/a01-026.png,2479,3542,127.0,6.553692910750388,0.3787654094024154,0.4656277386043096,61.05194805194805,161.0909090909091,0.04540916805525174,21.4,0.3389341160269129,302,10,77,301,2
a01-026u,a01-026u,000,data/raw/IAM/images/formsA-D/a01-026u.png,2479,3542,223.0,6.2602826624073735,0.3194513105410804,0.40830648786251117,60.883116883116884,220.7922077922078,0.058468820267307764,-12.818181818181818,0.4612105890496546,247,11,77,240,0
a01-026x,a01-026x,008,data/raw/IAM/images/formsA-D/a01-026x.png,2479,3542,0.0,13.50038541179965,0.3475992932420197,0.7525803190562538,89.7948717948718,212.02564102564102,0.057902039488720324,32.0,0.4215664546618473,269,10,78,252,2
a01-030,a01-030,005,data/raw/IAM/images/formsA-D/a01-030.png,2479,3542,159.0,14.718841073078426,0.38259237034489135,0.6224255433221028,61.8433734939759,144.44578313253012,0.07394085450306771,-6.5,0.2852460954342849,137,8,83,125,2
a01-030u,a01-030u,000,data/raw/IAM/images/formsA-D/a01-030u.png,2479,3542,255.0,6.785200321416178,0.3279955407059662,0.4190962670164287,54.07058823529412,191.72941176470587,0.055061256044356466,-15.727272727272727,0.4625688077991777,249,11,85,241,1
a01-030x,a01-030x,010,data/raw/IAM/images/formsA-D/a01-030x.png,2479,3542,0.0,8.56761940047157,0.3141198808641336,0.48953851398808307,63.10526315789474,150.01315789473685,0.053735396509500516,3.888888888888889,0.31771613342022165,294,9,76,284,1
a01-038,a01-038,007,data/raw/IAM/images/formsA-D/a01-038.png,2479,3542,191.0,16.87795483687983,0.30008168381015854,0.5079720661382161,83.98837209302326,222.54651162790697,0.06240168096299236,-7.923076923076923,0.44769969494174555,192,13,86,185,1
a01-038x,a01-038x,011,data/raw/IAM/images/formsA-D/a01-038x.png,2479,3542,30.0,11.819020317374845,0.4227230201875021,0.6672022407631795,105.46341463414635,134.2560975609756,0.05224092644576628,9.222222222222221,0.3154362255595221,353,9,82,362,4
a01-043,a01-043,012,data/raw/IAM/images/formsA-D/a01-043.png,2479,3542,191.0,12.281968613670157,0.33213625484888565,0.7261686732346394,114.8970588235294,238.16176470588235,0.04829645502995584,19.727272727272727,0.4802289542717836,256,11,68,269,3
a01-043u,a01-043u,000,data/raw/IAM/images/formsA-D/a01-043u.png,2479,3542,191.0,6.084245218291375,0.27115096008075856,0.41977917146705485,56.61764705882353,198.2058823529412,0.054003825402608105,-14.8,0.40733089629909874,204,10,68,195,0
a01-043x,a01-043x,011,data/raw/IAM/images/formsA-D/a01-043x.png,2479,3542,-63.0,5.876681524684403,0.3609977395655737,0.6278092800036615,108.14925373134328,134.22388059701493,0.05226941972590313,6.5,0.280703362792915,283,8,67,275,0
a01-049,a01-049,012,data/raw/IAM/images/formsA-D/a01-049.png,2479,3542,127.0,14.187635031604971,0.3941460137176971,0.7070811929710278,105.0886075949367,238.25316455696202,0.05627158213334438,22.636363636363637,0.46733726487133365,305,11,79,319,2
a01-049u,a01-049u,000,data/raw/IAM/images/formsA-D/a01-049u.png,2479,3542,255.0,7.795421188626393,0.3600282741865846,0.44211789639123134,54.973333333333336,212.17333333333335,0.05715378226125698,-16.09090909090909,0.4306743557230254,227,11,75,220,1
a01-049x,a01-049x,000,data/raw/IAM/images/formsA-D/a01-049x.png,2479,3542,-30.0,9.290033508753378,0.39127189432810466,0.4740369890774608,61.13414634146341,203.3048780487805,0.04556413931380871,-6.454545454545454,0.45213560138933273,297,11,82,288,2
a01-053,a01-053,013,data/raw/IAM/images/formsA-D/a01-053.png,2479,3542,191.0,11.749770931649044,0.4716122697807126,0.5002638250449153,116.09859154929578,240.2394366197183,0.13580829913025427,38.81818181818182,0.42132250827903,364,11,71,199,4
a01-053u,a01-053u,000,data/raw/IAM/images/formsA-D/a01-053u.png,2479,3542,223.0,5.635320844986341,0.3602022324189651,0.4405587579543511,55.57971014492754,221.4927536231884,0.057798612894939635,-13.2,0.3990265833224951,216,10,69,198,0
a01-053x,a01-053x,014,data/raw/IAM/images/formsA-D/a01-053x.png,2479,3542,-30.0,15.762638226095913,0.26552561532947677,0.7193815168988584,86.4776119402985,195.955223880597,0.0639993633674119,27.6,0.3649355888161858,162,10,67,120,2
a01-058,a01-058,013,data/raw/IAM/images/formsA-D/a01-058.png,2479,3542,223.0,17.026926261574566,0.507510074476606,0.4978462033775856,123.07352941176471,236.7941176470588,0.144483137170212,39.2,0.37969536996143094,345,10,68,170,3
a01-058u,a01-058u,000,data/raw/IAM/images/formsA-D/a01-058u.png,2479,3542,319.0,6.533076359484439,0.2826260774943974,0.41295697670175713,54.82089552238806,192.02985074626866,0.05662605411557763,-15.0,0.3522121108104236,213,9,67,199,0
a01-058x,a01-058x,014,data/raw/IAM/images/formsA-D/a01-058x.png,2479,3542,-63.0,20.97637326849368,0.40745076535138747,0.6847051478008582,103.92424242424242,209.37878787878788,0.07137182073406563,24.6,0.3712576950733992,184,10,66,126,0
a01-063,a01-063,013,data/raw/IAM/images/formsA-D/a01-063.png,2479,3542,191.0,17.471372911587146,0.47315404572141584,0.5251924237233699,120.3974358974359,208.82051282051282,0.1246304711934423,37.36363636363637,0.4572083650604092,403,11,78,197,2
a01-063u,a01-063u,000,data/raw/IAM/images/formsA-D/a01-063u.png,2479,3542,255.0,9.26401178359084,0.3374962074270449,0.4395768595870039,53.324675324675326,174.5064935064935,0.05172862978997023,-13.0,0.39036625895808247,213,10,77,208,1
a01-063x,a01-063x,015,data/raw/IAM/images/formsA-D/a01-063x.png,2479,3542,-63.0,19.163796691836914,0.39122233825082214,0.7762627838377025,105.20779220779221,213.3116883116883,0.055552567808262614,24.6,0.42565193019443504,230,10,77,223,4
a01-068u,a01-068u,000,data/raw/IAM/images/formsA-D/a01-068u.png,2479,3542,223.0,6.849543472705369,0.2558223494619555,0.4182781817249876,57.714285714285715,198.4857142857143,0.05597524007949077,-16.8,0.38832164205298536,196,10,70,189,0
a01-072u,a01-072u,000,data/raw/IAM/images/formsA-D/a01-072u.png,2479,3542,223.0,6.070828467449983,0.3501142424352131,0.48041162922600894,49.86363636363637,186.78787878787878,0.050816345312533345,-11.666666666666666,0.3415449800913785,189,9,66,185,0
a01-072x,a01-072x,001,data/raw/IAM/images/formsA-D/a01-072x.png,2479,3542,-30.0,10.259345033926682,0.32468243119163437,0.7365540984536222,72.07692307692308,115.50769230769231,0.04799303988317624,-8.25,0.2402063271628489,203,8,65,187,2
a01-077,a01-077,016,data/raw/IAM/images/formsA-D/a01-077.png,2479,3542,63.0,9.732876385925838,0.2807208765956172,0.6168420036091294,101.98484848484848,193.46969696969697,0.058653127442381874,12.8,0.3673535279635215,226,10,66,220,0
a01-077u,a01-077u,000,data/raw/IAM/images/formsA-D/a01-077u.png,2479,3542,319.0,7.842406918024555,0.3671270726012552,0.45534673256445957,53.56923076923077,183.87692307692308,0.05311160573421683,-15.666666666666666,0.3338631745510396,193,9,65,189,1
a01-082u,a01-082u,000,data/raw/IAM/images/formsA-D/a01-082u.png,2479,3542,223.0,5.323279335067691,0.2820977500794931,0.425807568611036,53.67741935483871,224.51612903225808,0.05413079447844477,-11.6,0.3711346968971888,214,10,62,208,0
a01-087,a01-087,017,data/raw/IAM/images/formsA-D/a01-087.png,2479,3542,159.0,8.098924264735137,0.33040052636668704,0.42732478398705137,77.26153846153846,174.46153846153845,0.07029525415172826,18.77777777777778,0.32667905607555187,170,9,65,166,1
a01-087u,a01-087u,000,data/raw/IAM/images/formsA-D/a01-087u.png,2479,3542,191.0,5.24227792994008,0.35247483171565386,0.4006223634682104,49.265625,197.109375,0.05266132027180295,-13.444444444444445,0.34040086927822166,195,9,64,188,0
a01-091,a01-091,016,data/raw/IAM/images/formsA-D/a01-091.png,2479,3542,30.0,11.8261237572934,0.26789449639847746,0.5477339752692093,104.2394366197183,201.29577464788733,0.056442180720618754,14.636363636363637,0.42260123376281716,211,11,71,204,0
a01-091u,a01-091u,000,data/raw/IAM/images/formsA-D/a01-091u.png,2479,3542,255.0,6.607578054922112,0.3482682814267195,0.38664152758324155,48.985915492957744,181.90140845070422,0.04946153928065623,-13.8,0.38502392428414495,185,10,71,181,0
a01-096u,a01-096u,000,data/raw/IAM/images/formsA-D/a01-096u.png,2479,3542,255.0,5.480727764807242,0.2965999091151759,0.39194490674824345,48.073170731707314,173.64634146341464,0.05026661033085768,-12.090909090909092,0.40862818539651763,237,11,82,225,2
a01-102,a01-102,016,data/raw/IAM/images/formsA-D/a01-102.png,2479,3542,30.0,17.114343270802035,0.2860221676799367,0.6400257634197775,102.25333333333333,186.01333333333332,0.05874318308291597,15.909090909090908,0.40931059750008486,228,11,75,216,3
a01-102u,a01-102u,000,data/raw/IAM/images/formsA-D/a01-102u.png,2479,3542,255.0,7.149397601219143,0.3052803695506646,0.4519640309382199,47.61333333333334,163.70666666666668,0.05337238119152374,-16.11111111111111,0.33381522803975755,222,9,75,216,1
a01-107,a01-107,018,data/raw/IAM/images/formsA-D/a01-107.png,2479,3542,127.0,16.759920270866505,0.3779788008921243,0.5825224159974212,78.61194029850746,95.70149253731343,0.06037447504615767,21.0,0.1904795311673962,236,5,67,210,2
a01-107u,a01-107u,000,data/raw/IAM/images/formsA-D/a01-107u.png,2479,3542,255.0,9.299245388299664,0.39423056046232685,0.4202849041558881,45.455882352941174,166.35294117647058,0.050726133939018515,-15.5,0.3044587522199462,171,8,68,168,1
a01-113,a01-113,018,data/raw/IAM/images/formsA-D/a01-113.png,2479,3542,159.0,5.1545618607243275,0.24538813412622731,0.5930251549496753,83.21428571428571,122.54761904761905,0.0560597427820958,21.88888888888889,0.3178170374795943,376,9,84,358,0
a01-113u,a01-113u,000,data/raw/IAM/images/formsA-D/a01-113u.png,2479,3542,95.0,6.128167032453178,0.28256678218525333,0.4112410385577147,51.82142857142857,191.79761904761904,0.05258926348289428,-13.545454545454545,0.4573937734223263,244,11,84,237,0
a01-117,a01-117,019,data/raw/IAM/images/formsA-D/a01-117.png,2479,3542,127.0,10.947727783183785,0.4572720209528641,0.51994974827858,84.63440860215054,151.5268817204301,0.07026663759192116,24.2,0.3697694171412536,228,10,93,222,1
a01-117u,a01-117u,000,data/raw/IAM/images/formsA-D/a01-117u.png,2479,3542,319.0,6.424753562617432,0.31244082011435326,0.4158412412778878,51.0,178.22988505747125,0.052641594625965835,-16.454545454545453,0.42072300605720464,246,11,87,236,0
a01-122,a01-122,019,data/raw/IAM/images/formsA-D/a01-122.png,2479,3542,127.0,13.39031547991081,0.4911834101965067,0.529116873570593,70.75,137.04761904761904,0.077903991425279,27.25,0.2800852969574579,174,8,84,168,2
a01-122u,a01-122u,000,data/raw/IAM/images/formsA-D/a01-122u.png,2479,3542,255.0,6.519225621100197,0.3252974519492246,0.40833482470279847,47.035714285714285,165.82142857142858,0.04546736785329018,-18.09090909090909,0.4222937383222912,238,11,84,221,0
a01-128,a01-128,019,data/raw/IAM/images/formsA-D/a01-128.png,2479,3542,159.0,15.050623231220966,0.5377408012914245,0.5256937531455321,83.28571428571429,155.67857142857142,0.0778970972810607,25.444444444444443,0.32819011144773635,178,9,84,172,3
a01-128u,a01-128u,000,data/raw/IAM/images/formsA-D/a01-128u.png,2479,3542,191.0,6.209492026358492,0.2668902634892805,0.40520749421585917,53.154761904761905,180.79761904761904,0.05259848481032825,-13.727272727272727,0.4296204435724228,235,11,84,227,3
a01-132,a01-132,020,data/raw/IAM/images/formsA-D/a01-132.png,2479,3542,191.0,7.001634770066269,0.2743206850333539,0.5902500744732879,63.92857142857143,226.68571428571428,0.04726657886047887,-8.0,0.4394335341772071,200,12,70,192,2
a01-132u,a01-132u,000,data/raw/IAM/images/formsA-D/a01-132u.png,2479,3542,223.0,6.597659332151895,0.3329458474260637,0.4581121572242032,50.57142857142857,210.24285714285713,0.05243958438018798,-19.8,0.39980283847902276,229,10,70,217,0
a01-132x,a01-132x,000,data/raw/IAM/images/formsA-D/a01-132x.png,2479,3542,-63.0,11.247177343914899,0.3466996017008277,0.5271609383485321,62.14492753623188,193.65217391304347,0.049565190680846166,-6.111111111111111,0.34851669893850296,253,9,69,245,0
a02-000,a02-000,021,data/raw/IAM/images/formsA-D/a02-000.png,2479,3542,-95.0,7.319718057622744,0.45619448772410975,0.4670367925600079,68.9076923076923,183.13846153846154,0.05294827187883474,39.5,0.2942967112337651,293,8,65,261,0
a02-004,a02-004,022,data/raw/IAM/images/formsA-D/a02-004.png,2479,3542,-95.0,6.488276839095263,0.348427861351471,0.5266241600649678,81.0657894736842,228.69736842105263,0.04788070921288417,27.363636363636363,0.435474131775235,412,11,76,417,2
a02-008,a02-008,023,data/raw/IAM/images/formsA-D/a02-008.png,2479,3542,-63.0,4.764979185373637,0.3392261063694363,0.4714992908337209,49.77215189873418,147.0632911392405,0.0451380108541306,27.666666666666668,0.3161606620399612,392,9,79,382,1
a02-012,a02-012,024,data/raw/IAM/images/formsA-D/a02-012.png,2479,3542,-127.0,15.362153839084815,0.3499528568937947,0.657055700203501,82.6969696969697,220.1818181818182,0.05479513192749523,0.4,0.39042046926537516,197,10,66,195,1
a02-017,a02-017,025,data/raw/IAM/images/formsA-D/a02-017.png,2479,3542,158.0,9.295753804454945,0.3568706602204039,0.6120470009403248,62.75714285714286,157.05714285714285,0.04572659310398324,15.0,0.28188995353174456,136,8,70,135,1
a02-020,a02-020,025,data/raw/IAM/images/formsA-D/a02-020.png,2479,3542,63.0,8.256017829805533,0.38295870689905015,0.6049775692496758,57.0,146.19354838709677,0.04128750637244192,15.857142857142858,0.2502056233399517,119,7,62,119,0
a02-024,a02-024,025,data/raw/IAM/images/formsA-D/a02-024.png,2479,3542,63.0,7.447507875753431,0.24971547612895303,0.6400646458146825,65.12698412698413,172.93650793650792,0.042847311461232544,18.0,0.28049904915576557,149,8,63,148,1
a02-027,a02-027,025,data/raw/IAM/images/formsA-D/a02-027.png,2479,3542,190.0,9.55372293862952,0.2394583618845465,0.5522850317689565,63.337078651685395,153.19101123595505,0.042430896964279576,17.6,0.3710153431113846,165,10,89,159,0
a02-032,a02-032,025,data/raw/IAM/images/formsA-D/a02-032.png,2479,3542,158.0,10.830163094264913,0.3274674716041131,0.6386609543650552,59.9,139.5142857142857,0.04528224748020284,16.142857142857142,0.24513707349528244,140,7,70,136,0
a02-037,a02-037,026,data/raw/IAM/images/formsA-D/a02-037.png,2479,3542,190.0,13.653748728452408,0.35805514910082864,0.5104058818249467,70.11494252873563,164.17241379310346,0.06190987124463519,20.4,0.3672543322121518,294,10,87,288,2
a02-042,a02-042,026,data/raw/IAM/images/formsA-D/a02-042.png,2479,3542,159.0,8.760043759644311,0.3437029712358523,0.4533900804936067,67.7536231884058,152.2463768115942,0.05762490846899983,23.0,0.28384391622548666,199,8,69,197,3
a02-046,a02-046,027,data/raw/IAM/images/formsA-D/a02-046.png,2479,3542,0.0,10.779129422161267,0.3598900076225495,0.505557816198848,64.31645569620254,134.54430379746836,0.043565988725099924,-21.5,0.28323063365243767,304,8,79,304,1
a02-050,a02-050,028,data/raw/IAM/images/formsA-D/a02-050.png,2479,3542,-95.0,5.505197632262446,0.46724619743299917,0.4317437881048384,73.03225806451613,147.9516129032258,0.05775120202102518,32.75,0.27950196671806016,220,8,62,194,1
a02-053,a02-053,029,data/raw/IAM/images/formsA-D/a02-053.png,2479,3542,-95.0,4.511595280724256,0.33766998949399574,0.45326133510100497,58.51948051948052,124.81818181818181,0.056118234068085644,-2.5,0.27047640610262286,254,8,77,236,1
a02-057,a02-057,030,data/raw/IAM/images/formsA-D/a02-057.png,2479,3542,-127.0,15.704482151758482,0.3896946529586792,0.5332404536835309,94.52307692307693,194.8,0.06363016639300474,1.2222222222222223,0.34749376410635335,204,9,65,177,3
a02-062,a02-062,031,data/raw/IAM/images/formsA-D/a02-062.png,2479,3542,-95.0,12.863831280811878,0.5189485302506794,0.5036601166263291,89.2,192.85,0.0711438398447835,13.5,0.2841007318619259,193,8,60,176,6
a02-067,a02-067,032,data/raw/IAM/images/formsA-D/a02-067.png,2479,3542,-63.0,11.839040273334529,0.37067091628522386,0.5053428970108417,69.10958904109589,198.68493150684932,0.04365905671728527,-8.2,0.41703545240209744,226,10,73,222,1
a02-072,a02-072,033,data/raw/IAM/images/formsA-D/a02-072.png,2479,3542,-30.0,8.615626444863363,0.25691542807184664,0.4230166018880453,62.79545454545455,98.81818181818181,0.053340288000107,4.5,0.27249084289966835,349,8,88,350,0
a02-078,a02-078,034,data/raw/IAM/images/formsA-D/a02-078.png,2479,3542,-30.0,8.90730539130257,0.3164214986544689,0.6824974775969403,73.5375,167.4375,0.032012735806257374,21.2,0.414206608236459,369,10,80,359,3
a02-082,a02-082,035,data/raw/IAM/images/formsA-D/a02-082.png,2479,3542,-95.0,4.97969090473797,0.27246051878667377,0.35028246387615686,50.4375,141.84375,0.049626279874667334,-1.0,0.2779831670162624,194,8,64,192,0
a02-086,a02-086,036,data/raw/IAM/images/formsA-D/a02-086.png,2479,3542,-95.0,12.221888831046172,0.32356524577530077,0.48856366839887244,70.46969696969697,134.9090909090909,0.05347190973784644,-4.0,0.2733429469315258,167,8,66,153,1
a02-090,a02-090,026,data/raw/IAM/images/formsA-D/a02-090.png,2479,3542,127.0,14.579170864774392,0.27631623471845485,0.49453052843689244,69.28125,136.359375,0.05475532618658236,20.428571428571427,0.25633879073204185,186,7,64,183,3
a02-093,a02-093,026,data/raw/IAM/images/formsA-D/a02-093.png,2479,3542,95.0,5.200887823844443,0.347325210553026,0.4652859338585088,64.46575342465754,166.5068493150685,0.05806389034637172,20.555555555555557,0.3240624976510765,274,9,73,274,1
a02-098,a02-098,026,data/raw/IAM/images/formsA-D/a02-098.png,2479,3542,63.0,11.586878236459821,0.3549336113510837,0.4989063770318759,72.66233766233766,154.7792207792208,0.059433249641079725,20.11111111111111,0.3230958230958231,253,9,77,250,3
a02-102,a02-102,037,data/raw/IAM/images/formsA-D/a02-102.png,2479,3542,127.0,15.514612064628412,0.37300466363540224,0.6382734052228831,74.6029411764706,155.3235294117647,0.04555829366583821,11.444444444444445,0.32442818945090196,186,9,68,182,1
a02-106,a02-106,037,data/raw/IAM/images/formsA-D/a02-106.png,2479,3542,127.0,11.284339903402433,0.23197311041406202,0.6144399673596089,69.04819277108433,170.34939759036143,0.049910053031575245,12.2,0.38181036915624844,251,10,83,247,0
a02-111,a02-111,037,data/raw/IAM/images/formsA-D/a02-111.png,2479,3542,30.0,9.884323689885834,0.2681097095927721,0.5921932618269602,69.01204819277109,190.289156626506,0.045736848079582275,15.333333333333334,0.44145412088306313,272,12,83,269,2
a02-116,a02-116,038,data/raw/IAM/images/formsA-D/a02-116.png,2479,3542,-191.0,6.161821560994074,0.3225943308406857,0.5703308289162072,87.28787878787878,177.86363636363637,0.06278738262981096,2.7777777777777777,0.33276074645315395,206,9,66,204,2
a02-120,a02-120,039,data/raw/IAM/images/formsA-D/a02-120.png,2479,3542,-159.0,13.35608633599309,0.394369419901891,0.6053355928692016,73.56962025316456,203.08860759493672,0.058242753623188405,44.45454545454545,0.40234070084816353,251,11,79,164,1
a02-124,a02-124,037,data/raw/IAM/images/formsA-D/a02-124.png,2479,3542,95.0,7.96119208949964,0.3629048306305383,0.6299319032160697,61.09756097560975,178.1219512195122,0.04232039545142199,16.666666666666668,0.20551173049550728,125,6,41,122,0
a03-006,a03-006,040,data/raw/IAM/images/formsA-D/a03-006.png,2479,3542,-30.0,14.577986853053192,0.37076211304875206,0.5419820081243951,72.9375,167.8625,0.06760974238217411,34.55555555555556,0.35644757578566794,176,9,80,168,0
a03-009,a03-009,041,data/raw/IAM/images/formsA-D/a03-009.png,2479,3542,0.0,13.700165140951349,0.3887252274664272,0.6657476957619325,74.3125,199.65625,0.0728991791529385,43.75,0.3044587522199462,188,8,64,130,2
a03-011,a03-011,042,data/raw/IAM/images/formsA-D/a03-011.png,2479,3542,0.0,5.858598143596057,0.29154115384739643,0.4568239489383716,62.29761904761905,138.58333333333334,0.05459190149784209,5.666666666666667,0.3229932107284476,330,9,84,312,0
a03-014,a03-014,043,data/raw/IAM/images/formsA-D/a03-014.png,2479,3542,0.0,23.788590217805694,0.31133775306048306,0.6915490126292261,111.92424242424242,214.77272727272728,0.06397818584172743,22.6,0.41027078048492716,117,10,66,107,1
a03-017,a03-017,044,data/raw/IAM/images/formsA-D/a03-017.png,2479,3542,-30.0,5.0648528073084735,0.45716454669812034,0.5810935016794618,82.01408450704226,181.7887323943662,0.05510117029344682,35.44444444444444,0.32466256930890286,330,9,71,321,0
a03-020,a03-020,045,data/raw/IAM/images/formsA-D/a03-020.png,2479,3542,-63.0,17.49296521552451,0.27881362379809543,0.5475036525790101,114.25862068965517,326.55172413793105,0.06529111996251172,23.363636363636363,0.4666277476141201,190,11,58,188,8
a03-023,a03-023,046,data/raw/IAM/images/formsA-D/a03-023.png,2479,3542,0.0,3.9696098091807666,0.3468847206004251,0.5739600815567113,77.66666666666667,199.09333333333333,0.041295232654817014,17.545454545454547,0.3939490363890104,371,11,75,370,0
a03-027,a03-027,047,data/raw/IAM/images/formsA-D/a03-027.png,2479,3542,-30.0,11.953568158449496,0.2610551434558162,0.46485017980231874,104.25301204819277,159.18072289156626,0.08078781294347687,4.6,0.37381218497376834,317,10,83,224,1
a03-030,a03-030,048,data/raw/IAM/images/formsA-D/a03-030.png,2479,3542,0.0,2.6785703552918245,0.26935698659840607,0.4913431589143245,54.946666666666665,175.97333333333333,0.04265029694043732,-30.8,0.36986246298381276,323,10,75,321,1
a03-034,a03-034,049,data/raw/IAM/images/formsA-D/a03-034.png,2479,3542,-63.0,4.875030351527795,0.2945374785638283,0.495460959516085,68.3030303030303,164.92424242424244,0.05797288453559339,-2.75,0.29479542328341807,254,8,66,241,0
a03-037,a03-037,050,data/raw/IAM/images/formsA-D/a03-037.png,2479,3542,-30.0,6.547850366709811,0.3409122678044886,0.44422200304743265,56.108108108108105,152.2972972972973,0.057374553927904866,-18.0,0.285820884133668,287,8,74,281,0
a03-040,a03-040,051,data/raw/IAM/images/formsA-D/a03-040.png,2479,3542,-63.0,11.8564488147791,0.3540384981425189,0.5132597197972677,71.89393939393939,156.15151515151516,0.05853838401008212,22.142857142857142,0.26531936590340227,185,7,66,174,0
a03-043,a03-043,052,data/raw/IAM/images/formsA-D/a03-043.png,2479,3542,-63.0,6.983386376699109,0.3754256734317036,0.49780937926525265,99.47692307692307,181.27692307692308,0.05345144265420474,-0.1111111111111111,0.3428881657304759,288,9,65,290,0
a03-047,a03-047,037,data/raw/IAM/images/formsA-D/a03-047.png,2479,3542,127.0,9.364136896308727,0.2974229014749996,0.6035456119340075,65.12790697674419,166.06976744186048,0.04407319000548835,15.0,0.4189567294693836,255,11,86,251,0
a03-050,a03-050,000,data/raw/IAM/images/formsA-D/a03-050.png,2479,3542,63.0,8.223565332263517,0.4006767243861687,0.43463342892111795,48.0,171.71875,0.04278987107089866,-22.77777777777778,0.3322034963826009,173,9,64,170,2
a03-054,a03-054,053,data/raw/IAM/images/formsA-D/a03-054.png,2479,3542,-95.0,6.852375377607863,0.33536005060025165,0.5235107334725657,83.67532467532467,199.5974025974026,0.10016375223164142,-21.181818181818183,0.38529862021101474,249,11,77,229,2
a03-059,a03-059,054,data/raw/IAM/images/formsA-D/a03-059.png,2479,3542,0.0,8.384077788488064,0.39090983241810484,0.6043817554140896,96.01234567901234,304.0,0.0646170301575707,-7.0,0.48020765736534715,398,12,81,417,4
a03-063,a03-063,055,data/raw/IAM/images/formsA-D/a03-063.png,2479,3542,-30.0,5.3470271597146635,0.374179216506876,0.5992293394501998,56.91836734693877,157.1734693877551,0.05000811012655556,42.09090909090909,0.3938947121945175,550,11,98,522,1
a03-066,a03-066,056,data/raw/IAM/images/formsA-D/a03-066.png,2479,3542,-30.0,8.145706546026576,0.3643443859062202,0.40894843149319593,82.63793103448276,213.41379310344828,0.08292689042491679,-11.0,0.29977229393193056,272,8,58,211,0
a03-071,a03-071,000,data/raw/IAM/images/formsA-D/a03-071.png,2479,3542,127.0,8.518568470270797,0.38874217587940313,0.4253010827379487,43.770270270270274,162.24324324324326,0.04432490197338818,-20.333333333333332,0.3401746892986348,217,9,74,215,2
a03-073,a03-073,000,data/raw/IAM/images/formsA-D/a03-073.png,2479,3542,95.0,4.70311740228902,0.31307001841271725,0.39062488189108013,43.784946236559136,167.58064516129033,0.042920993523563954,-19.0,0.452282515877584,255,12,93,248,1
a03-080,a03-080,000,data/raw/IAM/images/formsA-D/a03-080.png,2479,3542,30.0,5.159528524074182,0.32493919567918816,0.3951392221348498,44.2,201.52857142857144,0.04672356318291253,-18.6,0.36897175119108927,225,10,70,220,2
a03-089,a03-089,000,data/raw/IAM/images/formsA-D/a03-089.png,2479,3542,63.0,6.520469215379995,0.256883142070794,0.3912303687670215,49.125,173.375,0.04383501737749442,-12.5,0.12864948685844207,68,4,24,63,1
a04-000,a04-000,058,data/raw/IAM/images/formsA-D/a04-000.png,2479,3542,-63.0,7.802386875864362,0.3611209305739675,0.561403662596959,85.26530612244898,205.46938775510205,0.06241867597854374,-5.285714285714286,0.27448090783587215,156,7,49,150,0
a04-003,a04-003,058,data/raw/IAM/images/formsA-D/a04-003.png,2479,3542,-159.0,7.159335475399587,0.3197066019278833,0.5460318030870399,85.21818181818182,212.61818181818182,0.06124473042902046,-12.0,0.3134854517073855,154,8,55,153,0
a04-006,a04-006,058,data/raw/IAM/images/formsA-D/a04-006.png,2479,3542,30.0,11.746174954136864,0.37844672115666,0.5775605395064471,84.93406593406593,196.0,0.06277524630807994,-7.7272727272727275,0.47432948341449316,253,11,91,248,1
a04-010,a04-010,058,data/raw/IAM/images/formsA-D/a04-010.png,2479,3542,-30.0,10.064463066013653,0.29905301086272523,0.6302785521549356,89.43055555555556,210.51388888888889,0.06402046835577982,-10.555555555555555,0.38458796408179924,210,9,72,213,0
a04-015,a04-015,059,data/raw/IAM/images/formsA-D/a04-015.png,2479,3542,-127.0,10.629230428729453,0.3428596852426252,0.45406030200305236,71.89156626506023,137.6265060240964,0.06973401212121212,15.25,0.29361543800219986,355,8,83,342,0
a04-019,a04-019,059,data/raw/IAM/images/formsA-D/a04-019.png,2479,3542,-30.0,9.72100598009043,0.3528464981067481,0.46175149508445024,72.41573033707866,123.38202247191012,0.07401295461493927,14.75,0.2801242463799245,381,8,89,368,0
a04-023,a04-023,059,data/raw/IAM/images/formsA-D/a04-023.png,2479,3542,-95.0,9.706899980458576,0.4100402739954142,0.46979136723948356,77.8048780487805,122.26829268292683,0.0759906976744186,15.571428571428571,0.25710035443974444,327,7,82,311,2
a04-027,a04-027,059,data/raw/IAM/images/formsA-D/a04-027.png,2479,3542,-63.0,7.7035945776420895,0.3003676921545823,0.47417828469708234,70.98648648648648,120.3108108108108,0.07117175421565455,16.333333333333332,0.22806321832927934,323,6,74,306,0
a04-031,a04-031,060,data/raw/IAM/images/formsA-D/a04-031.png,2479,3542,-159.0,9.277436528049414,0.2974169545737134,0.47077142931281335,60.76744186046512,144.2325581395349,0.04300479989621846,21.2,0.35115979308062373,298,10,86,300,0
a04-035,a04-035,060,data/raw/IAM/images/formsA-D/a04-035.png,2479,3542,-30.0,12.591452896615912,0.29772474719140357,0.5195837036341814,61.3855421686747,157.0843373493976,0.04204121243690392,14.0,0.3673135535562531,344,10,83,348,1
a04-039,a04-039,060,data/raw/IAM/images/formsA-D/a04-039.png,2479,3542,-95.0,8.445567928265413,0.2890839205595329,0.48350232585682446,60.69879518072289,151.3855421686747,0.04497484388803161,15.8,0.3604570885557258,319,10,83,321,0
a04-043,a04-043,060,data/raw/IAM/images/formsA-D/a04-043.png,2479,3542,-63.0,6.715561921295549,0.3070068551533368,0.48235428599174957,58.294117647058826,155.83823529411765,0.03962303341694662,19.22222222222222,0.31581877266497643,269,9,68,273,0
a04-047,a04-047,061,data/raw/IAM/images/formsA-D/a04-047.png,2479,3542,-95.0,17.98467144214268,0.2847128030923019,0.6839256391810918,83.56,151.84,0.05748349868123335,13.666666666666666,0.3402539547899704,196,9,75,189,0
a04-050,a04-050,061,data/raw/IAM/images/formsA-D/a04-050.png,2479,3542,-127.0,21.595464786999912,0.4251954361979227,0.6746310582708301,85.33333333333333,136.5873015873016,0.05351526177481302,18.142857142857142,0.28169998968181964,155,7,63,156,0
a04-054,a04-054,061,data/raw/IAM/images/formsA-D/a04-054.png,2479,3542,-159.0,18.69770064222206,0.30865625683066655,0.7019047191374257,77.91304347826087,118.7536231884058,0.05423944901061828,15.857142857142858,0.2585185917437702,155,7,69,162,0
a04-059,a04-059,061,data/raw/IAM/images/formsA-D/a04-059.png,2479,3542,-127.0,17.021539337673858,0.429743431983989,0.7067251756679178,83.29729729729729,129.8108108108108,0.05758700783888509,21.5,0.29482674226347166,193,8,74,184,1
a04-066,a04-066,062,data/raw/IAM/images/formsA-D/a04-066.png,2479,3542,30.0,13.58687445040291,0.3390963458550698,0.7226164440251875,93.57377049180327,184.59016393442624,0.047038049541178455,19.0,0.3333178826365069,203,9,61,178,2
a04-069,a04-069,062,data/raw/IAM/images/formsA-D/a04-069.png,2479,3542,-63.0,15.907119043397678,0.3935792613445312,0.7249715949224906,89.11764705882354,161.98529411764707,0.0416606966426246,12.333333333333334,0.3656330340301787,181,9,68,170,2
a04-072,a04-072,062,data/raw/IAM/images/formsA-D/a04-072.png,2479,3542,-30.0,13.947565378681263,0.27577739901443743,0.7660637095405203,86.05263157894737,176.46052631578948,0.04183593246425143,9.545454545454545,0.4037263664129336,235,11,76,241,1
a04-081,a04-081,063,data/raw/IAM/images/formsA-D/a04-081.png,2479,3542,-63.0,2.448289803313838,0.2632822622052611,0.5212150054342674,75.83333333333333,206.95,0.046204677775805336,0.0,0.35413361565211016,329,10,60,328,0
a04-085,a04-085,063,data/raw/IAM/images/formsA-D/a04-085.png,2479,3542,-95.0,4.637281425769496,0.2809613330656703,0.571571764695763,76.08955223880596,185.56716417910448,0.04564110420607316,-1.0,0.37540694743809605,352,10,67,369,0
a04-089,a04-089,063,data/raw/IAM/images/formsA-D/a04-089.png,2479,3542,-63.0,7.741728194652614,0.3285023735305121,0.49403304182573415,76.6986301369863,165.3835616438356,0.049614502023589344,-1.8,0.3519738587876161,332,10,73,329,0
a04-092,a04-092,064,data/raw/IAM/images/formsA-D/a04-092.png,2479,3542,-95.0,8.191280755070045,0.32639072949897874,0.5330007151620044,77.53932584269663,171.75280898876406,0.044889708531924664,7.181818181818182,0.4235114202667739,450,11,89,479,0
a04-096,a04-096,064,data/raw/IAM/images/formsA-D/a04-096.png,2479,3542,-30.0,7.286388495934373,0.3253861971945921,0.5140664589334311,79.30666666666667,167.13333333333333,0.041039882814485534,8.0,0.3696932266043233,379,10,75,388,0
a04-099,a04-099,064,data/raw/IAM/images/formsA-D/a04-099.png,2479,3542,-95.0,10.320359687877856,0.3602773908719656,0.5606005386073687,76.34117647058824,179.47058823529412,0.043051474500110494,4.636363636363637,0.4174318937459755,431,11,85,461,1
a04-103,a04-103,064,data/raw/IAM/images/formsA-D/a04-103.png,2479,3542,63.0,7.138285577365216,0.2702704870688575,0.5433289844692455,81.6029411764706,176.5735294117647,0.04279800682160918,6.555555555555555,0.3375741889693869,326,9,68,347,0
a05-000,a05-000,000,data/raw/IAM/images/formsA-D/a05-000.png,2479,3542,63.0,8.130012806631322,0.42829581300303593,0.392880032486662,45.96491228070175,174.56140350877192,0.04324683733651622,-15.0,0.294263911720109,165,8,57,163,0
a05-004,a05-004,065,data/raw/IAM/images/formsA-D/a05-004.png,2479,3542,-127.0,6.972998230534651,0.32489636540021427,0.4387735119548887,62.48148148148148,189.08641975308643,0.05566837747059671,-5.6,0.30821634650317326,382,10,81,383,2
a05-009,a05-009,065,data/raw/IAM/images/formsA-D/a05-009.png,2479,3542,-127.0,5.469751221231847,0.24993205306094693,0.42828830310161226,64.63934426229508,169.01639344262296,0.052217591365727914,-6.75,0.26473125240159634,244,8,61,252,0
a05-013,a05-013,000,data/raw/IAM/images/formsA-D/a05-013.png,2479,3542,254.0,6.425248376111855,0.34253980240331267,0.43677071034300624,46.583333333333336,181.85,0.038580163808423454,-21.666666666666668,0.3256811764274451,196,9,60,193,3
a05-017,a05-017,000,data/raw/IAM/images/formsA-D/a05-017.png,2479,3542,63.0,5.8041124054633215,0.2961925954353348,0.40200953695788944,42.445945945945944,184.2027027027027,0.03691763169784118,-19.727272727272727,0.41012819371028325,219,11,74,213,1
a05-022,a05-022,000,data/raw/IAM/images/formsA-D/a05-022.png,2479,3542,159.0,4.973459347224668,0.3338237656097827,0.40190531566773896,42.07936507936508,173.85714285714286,0.03632708447109437,-18.77777777777778,0.3269856404184762,189,9,63,187,0
a05-025,a05-025,000,data/raw/IAM/images/formsA-D/a05-025.png,2479,3542,63.0,6.686813021920048,0.276671734857444,0.4355305137794069,45.2972972972973,197.55405405405406,0.03941707609098408,-20.636363636363637,0.41462696589237796,267,11,74,265,1
a05-029,a05-029,000,data/raw/IAM/images/formsA-D/a05-029.png,2479,3542,95.0,5.610153339003789,0.3626280489272976,0.43200176647552424,42.02777777777778,177.27777777777777,0.037455007539277205,-18.8,0.3746251118087588,209,10,72,205,0
a05-039,a05-039,000,data/raw/IAM/images/formsA-D/a05-039.png,2479,3542,30.0,7.268360073740155,0.4101475699860005,0.4657227874757828,46.70886075949367,198.73417721518987,0.04132909884182222,-21.181818181818183,0.4176993008920329,265,11,79,260,3
a05-044,a05-044,000,data/raw/IAM/images/formsA-D/a05-044.png,2479,3542,63.0,6.478732068755852,0.4012311331762137,0.4105835712231723,48.077922077922075,191.84415584415584,0.040488430531929805,-20.636363636363637,0.4354490765911921,229,11,77,225,1
a05-048,a05-048,000,data/raw/IAM/images/formsA-D/a05-048.png,2479,3542,63.0,5.199629250518409,0.23443731370832985,0.41989887140837995,44.65882352941176,173.54117647058823,0.04034656741108354,-19.181818181818183,0.413068875106513,245,11,85,239,0
a05-053,a05-053,000,data/raw/IAM/images/formsA-D/a05-053.png,2479,3542,95.0,6.164341336236106,0.33634122576118886,0.4403199898621377,43.91954022988506,170.73563218390805,0.03984311206225982,-16.454545454545453,0.41199992984548467,269,11,87,260,1
a05-058,a05-058,000,data/raw/IAM/images/formsA-D/a05-058.png,2479,3542,127.0,7.835629911333582,0.3543233613944057,0.4537212813405484,42.484848484848484,167.8939393939394,0.036789245550464776,-20.77777777777778,0.321624172694906,195,9,66,183,0
a05-062,a05-062,000,data/raw/IAM/images/formsA-D/a05-062.png,2479,3542,63.0,7.255314044515247,0.3272571644774063,0.43589542614125254,46.65277777777778,154.01388888888889,0.0391383569349671,-17.666666666666668,0.3352684287142431,204,9,72,188,4
a05-069,a05-069,000,data/raw/IAM/images/formsA-D/a05-069.png,2479,3542,159.0,5.532600278669638,0.29041805002147747,0.43403677267016294,45.18421052631579,177.9078947368421,0.03779152128498118,-17.545454545454547,0.4132260394427818,222,11,76,217,1
a05-073,a05-073,000,data/raw/IAM/images/formsA-D/a05-073.png,2479,3542,159.0,7.4472147695322795,0.3934360536794235,0.4228449783309478,43.44565217391305,148.94565217391303,0.04258569572529493,-16.818181818181817,0.40725675573177195,247,11,92,239,2
a05-080,a05-080,000,data/raw/IAM/images/formsA-D/a05-080.png,2479,3542,159.0,3.8346640352667136,0.21680209642527504,0.42845889159934075,47.87301587301587,196.63492063492063,0.04006572224931802,-19.6,0.3684745196750388,211,10,63,206,1
a05-084,a05-084,000,data/raw/IAM/images/formsA-D/a05-084.png,2479,3542,95.0,4.7062401161647855,0.33605617540915117,0.42209804490367986,47.3768115942029,197.84057971014494,0.042892115593699785,-16.0,0.3787724280910524,203,10,69,196,0
a05-089,a05-089,000,data/raw/IAM/images/formsA-D/a05-089.png,2479,3542,127.0,8.610101034047911,0.3382144839332215,0.43781233682084336,47.252873563218394,174.60919540229884,0.045528059784895415,-19.363636363636363,0.4125053612399492,238,11,87,230,1
a05-094,a05-094,000,data/raw/IAM/images/formsA-D/a05-094.png,2479,3542,190.0,8.497531488268777,0.4084434947374923,0.4485683615190003,46.62068965517241,181.5977011494253,0.041260132966001326,-21.727272727272727,0.4452158151054971,246,11,87,239,1
a05-099,a05-099,000,data/raw/IAM/images/formsA-D/a05-099.png,2479,3542,63.0,7.838518241419537,0.3496417589855786,0.4802529382236834,46.641975308641975,163.08641975308643,0.03809538503825396,-21.4,0.39859369807455464,230,10,81,221,1
a05-104,a05-104,000,data/raw/IAM/images/formsA-D/a05-104.png,2479,3542,95.0,6.695334535892542,0.3599577001425519,0.41762469704291255,47.38805970149254,191.02985074626866,0.039810036476002904,-21.4,0.3697368454019979,190,10,67,183,1
a05-108,a05-108,000,data/raw/IAM/images/formsA-D/a05-108.png,2479,3542,159.0,6.090183046015061,0.2868109560542932,0.4489367737405059,44.389830508474574,180.91525423728814,0.041783200007833074,-26.75,0.29078534107735926,177,8,59,173,1
a05-113,a05-113,000,data/raw/IAM/images/formsA-D/a05-113.png,2479,3542,222.0,4.443779788556823,0.3003940838849767,0.4005821049870718,44.042857142857144,182.0142857142857,0.03530955716743221,-21.8,0.38530545344302647,193,10,70,190,1
a05-116,a05-116,000,data/raw/IAM/images/formsA-D/a05-116.png,2479,3542,127.0,6.071194706336226,0.3738110128492268,0.47417679521378825,44.2027027027027,192.8108108108108,0.04016410735655392,-20.8,0.38704644707240426,241,10,74,230,2
a05-121,a05-121,000,data/raw/IAM/images/formsA-D/a05-121.png,2479,3542,286.0,6.761123233714332,0.3704103314184005,0.43834023842605835,50.984375,204.1875,0.03799916610220249,-14.0,0.384860268377465,175,10,64,170,1
a05-125,a05-125,000,data/raw/IAM/images/formsA-D/a05-125.png,2479,3542,286.0,4.4991609933221755,0.3292948459178553,0.4515624577935575,48.44444444444444,222.15555555555557,0.039008497642462406,-19.25,0.2948218451138633,144,8,45,140,0
a06-000,a06-000,066,data/raw/IAM/images/formsA-D/a06-000.png,2479,3542,-30.0,10.835000437347949,0.3378433521035371,0.6211968909253,98.07936507936508,147.88888888888889,0.05682080812082793,19.75,0.3035485657159895,207,8,63,194,0
a06-004,a06-004,066,data/raw/IAM/images/formsA-D/a06-004.png,2479,3542,0.0,8.390502684453107,0.27747338254714704,0.6092806944765676,84.68493150684931,144.54794520547946,0.04892328678993519,22.8,0.3823694414220047,229,10,73,219,0
a06-008,a06-008,067,data/raw/IAM/images/formsA-D/a06-008.png,2479,3542,-159.0,10.90381655455638,0.347155096842568,0.537984523371071,65.53246753246754,140.2077922077922,0.05491931567567902,-8.25,0.2945551212910071,275,8,77,275,2
a06-014,a06-014,068,data/raw/IAM/images/formsA-D/a06-014.png,2479,3542,-127.0,7.839408320805395,0.37791519027401177,0.48263973969002316,91.24324324324324,205.3918918918919,0.049170937495390456,17.181818181818183,0.41692760122351297,335,11,74,334,1
a06-020,a06-020,069,data/raw/IAM/images/formsA-D/a06-020.png,2479,3542,-95.0,5.940978150800814,0.2724276318387235,0.5239956941783691,49.729729729729726,106.75675675675676,0.05025113542295904,-11.0,0.20361664748426592,279,6,74,266,0
a06-025,a06-025,070,data/raw/IAM/images/formsA-D/a06-025.png,2479,3542,-159.0,6.494160888947413,0.27431499395968884,0.4967829439618848,59.967213114754095,193.80327868852459,0.03934779873554421,32.111111111111114,0.3475910237753197,267,9,61,265,0
a06-036,a06-036,071,data/raw/IAM/images/formsA-D/a06-036.png,2479,3542,-63.0,8.599914721952373,0.4519710822574954,0.6009778844904026,91.51515151515152,193.21212121212122,0.06722923129469678,38.75,0.32343623193720533,255,8,66,254,0
a06-039,a06-039,072,data/raw/IAM/images/formsA-D/a06-039.png,2479,3542,-30.0,10.156011294149636,0.3272159402058806,0.6237004429774307,70.33333333333333,215.6,0.040683561860553004,35.0,0.41104976893425954,316,11,75,327,3
a06-044,a06-044,073,data/raw/IAM/images/formsA-D/a06-044.png,2479,3542,30.0,8.327499269364408,0.32913834064899045,0.45425765305177324,69.97142857142858,137.72857142857143,0.0759858116823291,39.57142857142857,0.2670044409174844,259,7,70,238,1
a06-051,a06-051,074,data/raw/IAM/images/formsA-D/a06-051.png,2479,3542,-63.0,16.8111507763817,0.28335831728402944,0.5401475884477974,76.63513513513513,169.09459459459458,0.0832144545150247,19.22222222222222,0.31710159808797056,95,9,74,94,0
a06-057,a06-057,075,data/raw/IAM/images/formsA-D/a06-057.png,2479,3542,-127.0,9.023911191403847,0.32093731866940634,0.33924904287516566,46.25333333333333,102.45333333333333,0.05989071038251366,2.0,0.2084135763564706,331,6,75,331,0
a06-064,a06-064,076,data/raw/IAM/images/formsA-D/a06-064.png,2479,3542,-30.0,9.148549384191288,0.3132710175912964,0.5835559090594754,55.532467532467535,175.06493506493507,0.04026689351493435,22.4,0.3721799536205766,246,10,77,251,1
a06-070,a06-070,077,data/raw/IAM/images/formsA-D/a06-070.png,2479,3542,-30.0,8.972138216591844,0.3595886732608717,0.5451875802394521,65.33333333333333,169.7536231884058,0.05400204876290186,5.444444444444445,0.31084964634607726,194,9,69,190,0
a06-075,a06-075,078,data/raw/IAM/images/formsA-D/a06-075.png,2479,3542,-127.0,22.331032625032798,0.3589237115652864,0.6818732624747321,86.51470588235294,187.9264705882353,0.06645659109156406,20.77777777777778,0.3205765243403141,167,9,68,162,0
a06-090,a06-090,079,data/raw/IAM/images/formsA-D/a06-090.png,2479,3542,-159.0,9.259068282717367,0.3491122735625554,0.4867707772601717,71.52564102564102,165.0,0.07591681461456211,7.222222222222222,0.36128299853153845,159,9,78,157,0
a06-095,a06-095,080,data/raw/IAM/images/formsA-D/a06-095.png,2479,3542,-63.0,12.095945833622359,0.39385155287573254,0.5207226500015193,110.33333333333333,222.09722222222223,0.059045781038317015,24.818181818181817,0.4455381158820484,322,11,72,300,0
a06-100,a06-100,081,data/raw/IAM/images/formsA-D/a06-100.png,2479,3542,-159.0,15.275926597375477,0.5098748647478145,0.6268458733653007,64.3076923076923,122.3076923076923,0.05931608326179868,29.857142857142858,0.2507488652848809,185,7,78,174,1
a06-110,a06-110,082,data/raw/IAM/images/formsA-D/a06-110.png,2479,3542,-30.0,22.44641716936016,0.3352083230573153,0.6548371563055195,90.36,239.38,0.0644905019056526,25.88888888888889,0.31710159808797056,70,9,50,70,1
a06-114,a06-114,083,data/raw/IAM/images/formsA-D/a06-114.png,2479,3542,-30.0,9.661460901698664,0.2845393928374772,0.6193169404474191,68.3731343283582,192.67164179104478,0.04510460306397891,-4.4,0.3787890556222808,139,10,67,143,0
a06-119,a06-119,084,data/raw/IAM/images/formsA-D/a06-119.png,2479,3542,-223.0,5.109407933191589,0.3238371375744344,0.424403530795543,79.8688524590164,227.44262295081967,0.049540698884531366,7.0,0.3879420560147361,264,10,61,264,1
a06-124,a06-124,085,data/raw/IAM/images/formsA-D/a06-124.png,2479,3542,-127.0,5.472282408923757,0.29567410026162827,0.5229416574225718,39.850746268656714,103.25373134328358,0.03373231711497589,-0.3333333333333333,0.1993344887569417,206,6,67,201,0
a06-128,a06-128,084,data/raw/IAM/images/formsA-D/a06-128.png,2479,3542,-159.0,9.245784179727673,0.35029360091243433,0.5045880192196857,84.83582089552239,230.32835820895522,0.05263630997918433,14.636363636363637,0.41176441111548184,254,11,67,251,2
a06-134,a06-134,085,data/raw/IAM/images/formsA-D/a06-134.png,2479,3542,-159.0,6.162332521082721,0.3058665899809197,0.5221779899092674,40.59090909090909,106.04545454545455,0.03192879716199409,-0.25,0.2776305722444593,227,8,88,219,2
a06-141,a06-141,085,data/raw/IAM/images/formsA-D/a06-141.png,2479,3542,-159.0,6.460627957385478,0.32090834660120227,0.5233959721391634,40.955882352941174,117.97058823529412,0.03147998967975692,2.4285714285714284,0.24542554977337586,214,7,68,203,0
a06-147,a06-147,085,data/raw/IAM/images/formsA-D/a06-147.png,2479,3542,-127.0,4.960767442974752,0.27543608116206825,0.5070424854173576,39.80263157894737,109.82894736842105,0.03283548909777863,0.7142857142857143,0.24488071340764397,227,7,76,215,1
a06-152,a06-152,086,data/raw/IAM/images/formsA-D/a06-152.png,2479,3542,-159.0,13.559789757074588,0.2826335927803944,0.6777704173968143,74.82352941176471,214.8235294117647,0.04910359809911745,33.90909090909091,0.419389614717324,211,11,68,217,1
a06-157,a06-157,085,data/raw/IAM/images/formsA-D/a06-157.png,2479,3542,-191.0,5.490236933726858,0.29081349846369225,0.5382515899250162,45.02173913043478,105.3695652173913,0.036594472834622256,1.0,0.13024003549636257,132,4,46,129,2
b01-000,b01-000,087,data/raw/IAM/images/formsA-D/b01-000.png,2479,3542,95.0,6.055854240695237,0.1854502760212183,0.485864272209871,56.72,151.48,0.039398239227325396,22.714285714285715,0.22762270263892587,170,7,50,164,0
b01-004,b01-004,087,data/raw/IAM/images/formsA-D/b01-004.png,2479,3542,127.0,4.508583128145871,0.3588861026140305,0.4812876722991489,53.753846153846155,122.15384615384616,0.03805409262401997,25.25,0.25984139157403274,189,8,65,183,0
b01-009,b01-009,087,data/raw/IAM/images/formsA-D/b01-009.png,2479,3542,191.0,4.399532454460857,0.2328258250353877,0.48385638113713825,57.278688524590166,133.672131147541,0.03784610832528732,23.5,0.263273496239103,227,8,61,218,0
b01-014,b01-014,088,data/raw/IAM/images/formsA-D/b01-014.png,2479,3542,127.0,9.413406190964352,0.33485140395669377,0.5424941964629382,80.2987012987013,155.2207792207792,0.06124248003742303,20.555555555555557,0.3349996549217834,269,9,77,273,2
b01-018,b01-018,088,data/raw/IAM/images/formsA-D/b01-018.png,2479,3542,127.0,13.59633826421679,0.336250115255486,0.6316110780893187,80.58108108108108,153.3783783783784,0.06292295437930319,15.666666666666666,0.3131226070875649,264,9,74,254,1
b01-023,b01-023,088,data/raw/IAM/images/formsA-D/b01-023.png,2479,3542,127.0,9.756827369551983,0.3477100133278153,0.5169841835392992,75.7,137.66666666666666,0.06540911386201109,17.571428571428573,0.24538227263730183,162,7,60,160,0
b01-027,b01-027,089,data/raw/IAM/images/formsA-D/b01-027.png,2479,3542,223.0,10.548602916025764,0.408979814118334,0.6261778353822515,77.86301369863014,174.12328767123287,0.06467689086436826,27.666666666666668,0.3267881600133385,171,9,73,156,1
b01-033,b01-033,089,data/raw/IAM/images/formsA-D/b01-033.png,2479,3542,159.0,17.36326820784154,0.5053693401345235,0.5726360657643214,75.64814814814815,150.12962962962962,0.059742981611574486,27.0,0.22746565218985726,125,6,54,121,0
b01-038,b01-038,089,data/raw/IAM/images/formsA-D/b01-038.png,2479,3542,127.0,17.774237876910465,0.46751583856476153,0.6711372441181762,77.03030303030303,167.7171717171717,0.06227929170832964,31.0,0.4139027571863393,254,11,99,228,1
b01-044,b01-044,090,data/raw/IAM/images/formsA-D/b01-044.png,2479,3542,63.0,5.728360502078386,0.27065564495261746,0.5170032353798502,68.359375,148.25,0.05098912013413034,10.142857142857142,0.24996873796354652,278,7,64,258,0
b01-049,b01-049,090,data/raw/IAM/images/formsA-D/b01-049.png,2479,3542,30.0,4.759309455340104,0.2607317949196739,0.46008918747487754,70.33333333333333,158.56521739130434,0.05478606840811565,13.75,0.27336344662756085,307,8,69,284,2
b01-053,b01-053,090,data/raw/IAM/images/formsA-D/b01-053.png,2479,3542,95.0,4.495152618653425,0.2825486082903262,0.4765786139452159,70.33846153846154,142.90769230769232,0.05618923102354868,4.0,0.2500870667645489,266,8,65,251,3
b01-057,b01-057,017,data/raw/IAM/images/formsA-D/b01-057.png,2479,3542,159.0,11.862719400160461,0.378251498289441,0.4122855450056839,82.87368421052632,160.73684210526315,0.0834475886202901,18.818181818181817,0.3904048667189485,229,11,95,220,0
b01-062,b01-062,017,data/raw/IAM/images/formsA-D/b01-062.png,2479,3542,127.0,10.095253672845251,0.3111145566654204,0.4461569835925813,84.85333333333334,174.96,0.08024718264970855,19.6,0.3605575370662976,230,10,75,212,1
b01-073,b01-073,091,data/raw/IAM/images/formsA-D/b01-073.png,2479,3542,159.0,4.184876516359515,0.30257405227566925,0.4704689154566137,48.333333333333336,137.41379310344828,0.030212427612477933,1.0,0.3842978933829031,354,11,87,353,1
b01-079,b01-079,091,data/raw/IAM/images/formsA-D/b01-079.png,2479,3542,159.0,2.529865140693926,0.22922552969154306,0.4506380156425038,48.81111111111111,147.74444444444444,0.03110508108461165,-9.545454545454545,0.39057660861684224,422,11,90,421,0
b01-084,b01-084,092,data/raw/IAM/images/formsA-D/b01-084.png,2479,3542,63.0,10.483275664363493,0.2628805637895536,0.5261150877187264,67.59722222222223,174.69444444444446,0.05732630724442952,4.75,0.3254805071807019,144,8,72,132,2
b01-089,b01-089,092,data/raw/IAM/images/formsA-D/b01-089.png,2479,3542,159.0,9.586871066485276,0.24649886131171442,0.5357502744950403,68.1604938271605,187.7037037037037,0.055257963745261665,6.4,0.39489976673623656,213,10,81,201,2
b01-094,b01-094,092,data/raw/IAM/images/formsA-D/b01-094.png,2479,3542,159.0,10.802430214746916,0.28379842108143793,0.537708444451299,74.94202898550725,209.31884057971016,0.05269794443695135,14.6,0.3968615876467921,189,10,69,178,2
b01-113,b01-113,093,data/raw/IAM/images/formsA-D/b01-113.png,2479,3542,127.0,22.471748927383157,0.4089038079492319,0.749401382618084,84.32467532467533,142.85714285714286,0.06362030277806519,37.75,0.29498470381014186,126,8,77,121,0
b01-118,b01-118,093,data/raw/IAM/images/formsA-D/b01-118.png,2479,3542,127.0,16.271383265968687,0.4131982443261416,0.6698180382619865,89.35443037974683,145.64556962025316,0.06003079992639011,37.666666666666664,0.32923832923832924,145,9,79,126,0
b01-122,b01-122,093,data/raw/IAM/images/formsA-D/b01-122.png,2479,3542,95.0,17.234796281728467,0.4442607753914596,0.6495197168874766,86.64556962025317,154.64556962025316,0.06794763780501549,37.22222222222222,0.33145092976371365,125,9,79,116,0
b01-127,b01-127,094,data/raw/IAM/images/formsA-D/b01-127.png,2479,3542,127.0,7.188816142261182,0.250105809928619,0.5814183553823886,97.72602739726027,168.94520547945206,0.05534519400939852,0.2,0.38829544799694055,225,10,73,219,1
b01-132,b01-132,094,data/raw/IAM/images/formsA-D/b01-132.png,2479,3542,159.0,12.198650115070905,0.24365145291759843,0.5355712604413302,101.19718309859155,157.7605633802817,0.06134982686916142,-1.2222222222222223,0.32420166780971454,204,9,71,184,1
b01-136,b01-136,094,data/raw/IAM/images/formsA-D/b01-136.png,2479,3542,95.0,11.100020649774178,0.3240940906424549,0.5178617692110423,88.58904109589041,131.54794520547946,0.06138789613698764,-1.5,0.2881988488737353,185,8,73,173,1
b02-013,b02-013,095,data/raw/IAM/images/formsA-D/b02-013.png,2479,3542,-63.0,11.267514948492629,0.2057877612704231,0.5682460077909943,64.82191780821918,183.27397260273972,0.051586524074278245,15.6,0.36154061137837906,169,10,73,158,2
b02-035,b02-035,095,data/raw/IAM/images/formsA-D/b02-035.png,2479,3542,-63.0,6.014833150677784,0.31781741169979616,0.47577217356363155,59.02564102564103,214.44871794871796,0.04698296581145226,34.09090909090909,0.4245751267165933,304,11,78,304,2
b02-045,b02-045,096,data/raw/IAM/images/formsA-D/b02-045.png,2479,3542,-63.0,8.681870923690465,0.3925688090407386,0.425311482265286,69.42553191489361,128.5531914893617,0.06445455860209108,17.666666666666668,0.33467746803243237,409,9,94,382,0
b02-097,b02-097,097,data/raw/IAM/images/formsA-D/b02-097.png,2479,3542,-127.0,6.454410621360105,0.3758147818943909,0.4238751096947051,52.04938271604938,139.76543209876544,0.042991573593592014,8.555555555555555,0.3456862603520618,208,9,81,205,0
b02-102,b02-102,098,data/raw/IAM/images/formsA-D/b02-102.png,2479,3542,-95.0,4.015060299854656,0.2287314120759051,0.46331302501382043,66.0,143.70967741935485,0.046220705755589474,30.428571428571427,0.2536723497138812,292,7,62,281,0
b02-105,b02-105,099,data/raw/IAM/images/formsA-D/b02-105.png,2479,3542,-127.0,5.4497416462652355,0.42645264635951374,0.6038496905055429,60.357142857142854,180.66666666666666,0.037349043040074886,43.333333333333336,0.20317875119951695,173,6,42,154,0
b03-025,b03-025,100,data/raw/IAM/images/formsA-D/b03-025.png,2479,3542,-95.0,6.0327477661137525,0.3387934593561749,0.5773865185859366,66.78461538461538,146.27692307692308,0.04835379395180266,-15.857142857142858,0.275896297959893,234,7,65,223,0
b03-087,b03-087,102,data/raw/IAM/images/formsA-D/b03-087.png,2479,3542,-127.0,6.934799425700626,0.31903917984210667,0.46166222696231995,48.608108108108105,96.89189189189189,0.06482509812976218,6.666666666666667,0.19729818561745882,195,6,74,190,0
b03-092,b03-092,102,data/raw/IAM/images/formsA-D/b03-092.png,2479,3542,-222.0,7.183815662741348,0.29758346780484474,0.4559014095141844,49.30555555555556,118.125,0.055577266797317254,-4.428571428571429,0.23779784065312942,240,7,72,235,0
b03-098,b03-098,103,data/raw/IAM/images/formsA-D/b03-098.png,2479,3542,-222.0,11.767305317672138,0.21397920772036905,0.5289783274632867,62.64556962025316,150.74683544303798,0.04298155111969293,-1.4,0.3505839793964388,169,10,79,169,0
b03-104,b03-104,104,data/raw/IAM/images/formsA-D/b03-104.png,2479,3542,-191.0,11.361213192044623,0.3201432894132633,0.5671815498775518,81.1923076923077,200.60256410256412,0.04791040546635216,22.2,0.399483726544077,275,10,78,283,0
b03-109,b03-109,105,data/raw/IAM/images/formsA-D/b03-109.png,2479,3542,-255.0,17.243096678511563,0.2855071709897136,0.5308052789159627,113.17857142857143,137.5595238095238,0.07927599831862127,13.0,0.3386720615792647,281,9,84,263,3
b03-114,b03-114,106,data/raw/IAM/images/formsA-D/b03-114.png,2479,3542,-95.0,24.632219441377792,0.40471742508881836,0.7598237128854612,88.01515151515152,204.3181818181818,0.04712909115090256,8.777777777777779,0.3767798576364443,110,9,66,108,0
b04-000,b04-000,107,data/raw/IAM/images/formsA-D/b04-000.png,2479,3542,-95.0,5.2057549713902045,0.29992231247613577,0.575484438812175,48.82,185.76,0.046183947202455146,-11.0,0.22933807164825984,181,7,50,169,0
b04-004,b04-004,107,data/raw/IAM/images/formsA-D/b04-004.png,2479,3542,-63.0,7.502160390767412,0.3207337455218237,0.5856830688484838,56.10666666666667,196.6,0.042652506976185924,-13.545454545454545,0.3966192356847775,271,11,75,270,0
b04-010,b04-010,107,data/raw/IAM/images/formsA-D/b04-010.png,2479,3542,-63.0,6.169730413908033,0.3119793120370632,0.6502087908260431,57.64935064935065,181.3896103896104,0.04582730925187412,-13.2,0.3677085143665286,264,10,77,260,0
b04-020,b04-020,107,data/raw/IAM/images/formsA-D/b04-020.png,2479,3542,-30.0,7.54285077951846,0.25024132139926775,0.6156556562775232,60.869565217391305,182.2608695652174,0.04340080380663107,-14.777777777777779,0.3401569228954044,220,9,69,229,0
b04-026,b04-026,108,data/raw/IAM/images/formsA-D/b04-026.png,2479,3542,-30.0,21.229723343905732,0.3904709935553335,0.6542652597636753,63.906976744186046,105.24418604651163,0.06025008606963033,3.5714285714285716,0.25405409960893416,185,7,86,167,4
b04-034,b04-034,108,data/raw/IAM/images/formsA-D/b04-034.png,2479,3542,30.0,18.315963934494984,0.30059191237992494,0.6397534074809652,65.31818181818181,100.13636363636364,0.06302638649921649,7.666666666666667,0.20175254179147756,103,6,66,99,0
b04-040,b04-040,108,data/raw/IAM/images/formsA-D/b04-040.png,2479,3542,-30.0,16.273667417408895,0.2877191933291161,0.6225958920296931,65.50704225352112,104.80281690140845,0.07021530001574885,9.0,0.20826597854501813,131,6,71,123,0
b04-047,b04-047,108,data/raw/IAM/images/formsA-D/b04-047.png,2479,3542,0.0,15.609004963928848,0.2775061688694497,0.6049816501101961,65.13235294117646,99.3970588235294,0.06430419307039247,6.666666666666667,0.20567253922218232,121,6,68,112,0
b04-054,b04-054,109,data/raw/IAM/images/formsA-D/b04-054.png,2479,3542,-63.0,3.368620176475049,0.24991744862710816,0.5866734219298568,66.83333333333333,129.62121212121212,0.04907943628330023,4.714285714285714,0.2502252119383852,291,7,66,295,0
b04-060,b04-060,109,data/raw/IAM/images/formsA-D/b04-060.png,2479,3542,-63.0,4.346331753479322,0.27534062107613927,0.5673125144004334,70.40579710144928,124.69565217391305,0.05514562436494732,1.5714285714285714,0.2507328071896534,246,7,69,242,0
b04-066,b04-066,109,data/raw/IAM/images/formsA-D/b04-066.png,2479,3542,-127.0,6.855700515924097,0.2848208998700664,0.6068692706977797,61.38028169014085,126.98591549295774,0.04960959791053948,2.142857142857143,0.24906857353320688,274,7,71,268,0
b04-075,b04-075,109,data/raw/IAM/images/formsA-D/b04-075.png,2479,3542,-95.0,4.220306538503707,0.2816797720313572,0.5973477307201327,62.23529411764706,103.80882352941177,0.04875844764043215,-1.6666666666666667,0.20719441387838533,262,6,68,267,0
b04-081,b04-081,110,data/raw/IAM/images/formsA-D/b04-081.png,2479,3542,-159.0,12.346232123044587,0.36548523247840636,0.7675542593545852,94.34285714285714,113.78571428571429,0.04391198595250908,-3.5714285714285716,0.2768155954398654,225,7,70,235,3
b04-089,b04-089,110,data/raw/IAM/images/formsA-D/b04-089.png,2479,3542,95.0,6.215515870581049,0.34849822747592385,0.8447941497309859,113.24657534246575,147.08219178082192,0.047111904590437945,-4.0,0.3400039723855428,318,8,73,324,5
b04-096,b04-096,110,data/raw/IAM/images/formsA-D/b04-096.png,2479,3542,0.0,9.732056043851099,0.3935871157299268,0.7871372507639851,99.8169014084507,136.3943661971831,0.04323750977791382,-0.75,0.32146803334343893,273,8,71,275,2
b04-103,b04-103,110,data/raw/IAM/images/formsA-D/b04-103.png,2479,3542,30.0,7.237992249926193,0.27526621038268156,0.8028873026218795,114.64615384615385,139.03076923076924,0.04663181199516426,-4.428571428571429,0.28148314845264877,284,7,65,280,4
b04-107,b04-107,111,data/raw/IAM/images/formsA-D/b04-107.png,2479,3542,-63.0,8.005007006141897,0.32368367305819834,0.531871075316232,56.7027027027027,188.48648648648648,0.052387908093451195,-6.111111111111111,0.3527252865345013,283,9,74,287,0
b04-116,b04-116,111,data/raw/IAM/images/formsA-D/b04-116.png,2479,3542,30.0,7.409358732887257,0.2986967239420272,0.49649573064242686,55.151898734177216,149.1012658227848,0.05295324357179695,-7.0,0.2967918659028328,267,8,79,266,0
b04-121,b04-121,111,data/raw/IAM/images/formsA-D/b04-121.png,2479,3542,-63.0,5.4967027631369145,0.3174962597867196,0.48910740357362986,54.46969696969697,138.54545454545453,0.048191656222285745,-5.857142857142857,0.24861484692763083,239,7,66,239,0
b04-128,b04-128,111,data/raw/IAM/images/formsA-D/b04-128.png,2479,3542,0.0,5.413166565621593,0.30641196759901806,0.4724620002749265,50.9,130.07142857142858,0.045283423625874134,-6.714285714285714,0.2590737918447198,237,7,70,232,0
b04-134,b04-134,112,data/raw/IAM/images/formsA-D/b04-134.png,2479,3542,-95.0,20.244020139561105,0.306440137764468,0.5931021051993712,85.0,158.70238095238096,0.049396336380593354,-0.8,0.4121938797474164,162,10,84,159,0
b04-140,b04-140,112,data/raw/IAM/images/formsA-D/b04-140.png,2479,3542,0.0,19.406743237906817,0.2936127377929566,0.5749169306833617,95.3013698630137,183.26027397260273,0.05086690970790556,-2.3333333333333335,0.3839331126806792,139,9,73,138,0
b04-147,b04-147,112,data/raw/IAM/images/formsA-D/b04-147.png,2479,3542,-95.0,20.612855572010677,0.3423496653797284,0.6881271728823667,89.1830985915493,161.16901408450704,0.04924455001901295,0.75,0.3348399850671103,146,8,71,142,0
b04-154,b04-154,112,data/raw/IAM/images/formsA-D/b04-154.png,2479,3542,0.0,19.55524390026326,0.35940424687183853,0.6452744427263103,88.7536231884058,161.92753623188406,0.049194377845259776,-0.25,0.3260949286257528,159,8,69,154,0
b04-162,b04-162,113,data/raw/IAM/images/formsA-D/b04-162.png,2479,3542,-63.0,6.7285906030456095,0.2911849899121852,0.6560527951903056,75.48571428571428,156.25714285714287,0.04810531118481221,-3.4444444444444446,0.33398173112644236,283,9,70,279,0
b04-169,b04-169,113,data/raw/IAM/images/formsA-D/b04-169.png,2479,3542,-95.0,8.478601115846466,0.32541438780827725,0.7625196121574223,79.44615384615385,140.43076923076924,0.050981340426389396,-3.5,0.27693654364647224,263,8,65,255,2
b04-175,b04-175,113,data/raw/IAM/images/formsA-D/b04-175.png,2479,3542,-95.0,12.375736120314999,0.24437542124446995,0.6826773264203216,89.82857142857142,170.5857142857143,0.05450542730072332,-2.111111111111111,0.35084421164888396,250,9,70,241,2
b04-181,b04-181,113,data/raw/IAM/images/formsA-D/b04-181.png,2479,3542,-30.0,11.396827391936535,0.252603674858811,0.6579103123716634,78.9672131147541,156.2622950819672,0.047607085257552924,0.5,0.2978544334806502,193,8,61,187,0
b04-187,b04-187,114,data/raw/IAM/images/formsA-D/b04-187.png,2479,3542,-127.0,13.754798360517803,0.2697377197382858,0.6462196619591731,80.82432432432432,137.3918918918919,0.05129329135967205,3.0,0.2837028099844453,233,8,74,235,0
b04-195,b04-195,114,data/raw/IAM/images/formsA-D/b04-195.png,2479,3542,63.0,8.120306402077658,0.18994926015922167,0.6243083647653024,84.70967741935483,140.46774193548387,0.05048734518039849,1.5714285714285714,0.253786236914076,208,7,62,211,0
b04-202,b04-202,114,data/raw/IAM/images/formsA-D/b04-202.png,2479,3542,30.0,13.640289228096597,0.24130519851377819,0.6933480747118383,90.13698630136986,128.54794520547946,0.04982096841205775,1.25,0.29001124977763526,240,8,73,243,0
b04-208,b04-208,114,data/raw/IAM/images/formsA-D/b04-208.png,2479,3542,30.0,6.429003496902641,0.10848648489866168,0.5508574679540553,98.84210526315789,155.68421052631578,0.043637817413844426,2.3333333333333335,0.10483157335850392,59,3,19,61,0
b05-017,b05-017,115,data/raw/IAM/images/formsA-D/b05-017.png,2479,3542,-127.0,9.031277632907415,0.39018723613719786,0.5060543935699796,49.8,119.53846153846153,0.06972433815286441,29.666666666666668,0.1981010903788321,137,6,65,132,0
b05-032,b05-032,116,data/raw/IAM/images/formsA-D/b05-032.png,2479,3542,-191.0,18.74912302673954,0.3547167031365412,0.616356227115025,67.68367346938776,158.37755102040816,0.06679950529064174,21.727272727272727,0.4143785779087531,148,11,98,144,0
b05-038,b05-038,117,data/raw/IAM/images/formsA-D/b05-038.png,2479,3542,-191.0,6.355077679125284,0.23357613808213934,0.5286965509620748,72.0,192.109375,0.057023704533696463,2.3333333333333335,0.33988587135894077,156,9,64,155,1
b05-042,b05-042,117,data/raw/IAM/images/formsA-D/b05-042.png,2479,3542,95.0,10.189528402180017,0.3050407910912792,0.544787258727627,74.66304347826087,242.90217391304347,0.06308865687960852,-0.45454545454545453,0.42705991765044327,240,11,92,232,2
b05-045,b05-045,117,data/raw/IAM/images/formsA-D/b05-045.png,2479,3542,63.0,16.92059693728385,0.37070165960209744,0.5619471370911269,73.9875,172.75,0.05796609944876516,-1.0,0.37812623211714713,197,10,80,194,2
b05-050,b05-050,117,data/raw/IAM/images/formsA-D/b05-050.png,2479,3542,95.0,7.574019164106527,0.22756424101118736,0.5178395005433933,74.01587301587301,182.5873015873016,0.05648829347868767,-1.4444444444444444,0.31904701924169804,157,9,63,155,2
b05-055,b05-055,118,data/raw/IAM/images/formsA-D/b05-055.png,2479,3542,95.0,10.290284699155524,0.32985890146539176,0.5689787761410892,50.0,104.46666666666667,0.04772621657490823,39.0,0.1700807391917061,121,5,60,104,0
b05-058,b05-058,118,data/raw/IAM/images/formsA-D/b05-058.png,2479,3542,63.0,13.157124748669276,0.39749273289250214,0.6201847986198361,48.88059701492537,110.64179104477611,0.046915380564669665,38.333333333333336,0.2108649983406635,135,6,67,118,1
b05-062,b05-062,118,data/raw/IAM/images/formsA-D/b05-062.png,2479,3542,95.0,13.45325019769316,0.309145019352372,0.6174461193286405,49.806451612903224,106.51612903225806,0.046388937091001836,37.666666666666664,0.19557917221771862,122,6,62,104,0
b05-067,b05-067,118,data/raw/IAM/images/formsA-D/b05-067.png,2479,3542,63.0,12.792705628603779,0.40112110014193914,0.569309119377666,48.5,103.46153846153847,0.04361155601788306,40.142857142857146,0.2426120803797637,136,7,78,115,1
b05-071,b05-071,118,data/raw/IAM/images/formsA-D/b05-071.png,2479,3542,127.0,8.887787112391264,0.2506136229434492,0.6315680754441519,49.847457627118644,115.83050847457628,0.04274491196267684,36.333333333333336,0.20041470885078932,137,6,59,118,1
b05-074,b05-074,119,data/raw/IAM/images/formsA-D/b05-074.png,2479,3542,95.0,8.46596116409093,0.32174586692163976,0.5295217137879465,57.98095238095238,142.65714285714284,0.045210272661253055,-11.0,0.4140118611241259,410,11,105,425,0
b05-079,b05-079,120,data/raw/IAM/images/formsA-D/b05-079.png,2479,3542,95.0,12.657315151630392,0.3167505389280588,0.6761910043427866,84.15384615384616,225.1076923076923,0.039602159124341785,1.4,0.3793559861048505,305,10,65,301,0
b05-083,b05-083,121,data/raw/IAM/images/formsA-D/b05-083.png,2479,3542,63.0,11.328293579280665,0.38552666425209675,0.6095302798392374,83.52173913043478,206.0144927536232,0.05494022362886449,-2.7777777777777777,0.3844164499583059,254,9,69,247,1
b05-088,b05-088,122,data/raw/IAM/images/formsA-D/b05-088.png,2479,3542,30.0,16.85200169514987,0.4701101120834711,0.7067322081446418,99.67532467532467,159.11688311688312,0.09095588475374478,22.25,0.2964819788311028,250,8,77,194,2
b05-098,b05-098,121,data/raw/IAM/images/formsA-D/b05-098.png,2479,3542,63.0,11.871635077979374,0.249034246293675,0.5290993500434616,87.30666666666667,183.49333333333334,0.06669325136092508,-1.8,0.3881248449710487,215,10,75,220,0
b06-000,b06-000,123,data/raw/IAM/images/formsA-D/b06-000.png,2479,3542,63.0,10.380421686687258,0.3752072346346687,0.4624329911355095,50.19444444444444,146.58333333333334,0.05188348448726456,24.5,0.27802371085953176,154,8,72,152,0
b06-004,b06-004,124,data/raw/IAM/images/formsA-D/b06-004.png,2479,3542,317.0,9.807349995956384,0.29710691595592237,0.4793848366706072,75.25,196.75,0.05306383466921237,-2.5,0.3216297531677155,278,8,64,268,0
b06-008,b06-008,125,data/raw/IAM/images/formsA-D/b06-008.png,2479,3542,63.0,15.075568334989953,0.3596607394717694,0.5322594156677113,96.44,182.34666666666666,0.06590195436580103,4.8,0.37574576185867553,205,10,75,200,0
b06-012,b06-012,126,data/raw/IAM/images/formsA-D/b06-012.png,2479,3542,254.0,8.79940657236868,0.3138114932081016,0.5787254929543042,79.2,139.45,0.0681452465973856,0.0,0.21317360577581212,218,6,60,211,1
b06-015,b06-015,127,data/raw/IAM/images/formsA-D/b06-015.png,2479,3542,95.0,8.42703908373734,0.345594172335238,0.5304809659708697,70.42647058823529,237.7058823529412,0.0637591043283985,-5.545454545454546,0.4003077004374863,150,11,68,147,2
b06-019,b06-019,128,data/raw/IAM/images/formsA-D/b06-019.png,2479,3542,127.0,9.489621291473911,0.27190506010824905,0.4044354405412892,100.83333333333333,188.33333333333334,0.07315758373964272,-6.4,0.41091504037642906,247,10,72,241,2
b06-023,b06-023,123,data/raw/IAM/images/formsA-D/b06-023.png,2479,3542,30.0,12.64568340389666,0.29276577518760294,0.5551889859349548,52.71830985915493,154.90140845070422,0.05455173568946024,23.5,0.28285298369659173,155,8,71,151,0
b06-027,b06-027,129,data/raw/IAM/images/formsA-D/b06-027.png,2479,3542,63.0,19.06643008511922,0.3726575784331169,0.4876815876639302,145.9016393442623,241.14754098360655,0.06922022863199334,1.6,0.4513008082119049,191,10,61,184,5
b06-032,b06-032,130,data/raw/IAM/images/formsA-D/b06-032.png,2479,3542,63.0,18.065151688068006,0.35066296931840807,0.68596475582405,91.78947368421052,172.42105263157896,0.05880715399242801,38.142857142857146,0.2659175014788253,144,7,57,124,0
b06-036,b06-036,126,data/raw/IAM/images/formsA-D/b06-036.png,2479,3542,318.0,16.795883361017435,0.40813181655143566,0.5970585516556498,73.3076923076923,113.32967032967034,0.06476301332668649,-0.25,0.28648086045879684,270,8,91,258,1
b06-042,b06-042,131,data/raw/IAM/images/formsA-D/b06-042.png,2479,3542,95.0,5.555065164426373,0.3668230450091224,0.40193948195070284,72.10843373493977,205.6867469879518,0.05866613700786918,17.90909090909091,0.4076777967108921,385,11,83,378,1
b06-045,b06-045,132,data/raw/IAM/images/formsA-D/b06-045.png,2479,3542,222.0,15.381874272688584,0.5951986291081115,0.6194905218330505,112.52173913043478,193.28985507246378,0.0714492375943645,35.666666666666664,0.3330100455343804,204,9,69,168,1
b06-049,b06-049,124,data/raw/IAM/images/formsA-D/b06-049.png,2479,3542,286.0,6.922770999375335,0.2499706324324193,0.48568597778257544,75.7012987012987,214.15584415584416,0.053785930974438505,-4.2,0.40184324155771267,318,10,77,321,0
b06-053,b06-053,127,data/raw/IAM/images/formsA-D/b06-053.png,2479,3542,254.0,7.967762992420748,0.24221217758583455,0.49067864541712913,69.62068965517241,275.48275862068965,0.059641928930228294,-5.545454545454546,0.3974446901117894,171,11,58,165,2
b06-056,b06-056,125,data/raw/IAM/images/formsA-D/b06-056.png,2479,3542,63.0,18.921644265805057,0.3256244916052078,0.6756220764441375,120.14285714285714,195.11688311688312,0.0690791491274928,9.909090909090908,0.42149664180812785,180,11,77,170,1
b06-059,b06-059,130,data/raw/IAM/images/formsA-D/b06-059.png,2479,3542,0.0,15.93790180399417,0.3500628696878697,0.709342052325988,81.97560975609755,162.8658536585366,0.04907169625645381,37.72727272727273,0.4055167870871959,156,11,82,132,2
b06-064,b06-064,133,data/raw/IAM/images/formsA-D/b06-064.png,2479,3542,63.0,5.902612216655505,0.4111038993141534,0.4656667913717853,59.542857142857144,209.82857142857142,0.042207501016495334,11.181818181818182,0.435551916732968,233,11,70,222,0
b06-068,b06-068,131,data/raw/IAM/images/formsA-D/b06-068.png,2479,3542,95.0,4.5798830856489685,0.3595528932863654,0.38747289469613266,71.52857142857142,238.6,0.05698258053772829,18.272727272727273,0.40488084096130816,350,11,70,343,0
b06-071,b06-071,128,data/raw/IAM/images/formsA-D/b06-071.png,2479,3542,190.0,6.126977343190711,0.2617928129557001,0.4033633313044231,100.27692307692308,224.09230769230768,0.07778954802259887,-6.4,0.37735840461343384,252,10,65,247,1
b06-075,b06-075,124,data/raw/IAM/images/formsA-D/b06-075.png,2479,3542,286.0,6.4547496724095685,0.20312924503109794,0.5197014708773208,77.75555555555556,187.0,0.05111940298507463,-3.0,0.4413447891708761,360,11,90,363,0
b06-079,b06-079,130,data/raw/IAM/images/formsA-D/b06-079.png,2479,3542,63.0,14.537416500022118,0.3378044311667746,0.6651671336199482,81.64197530864197,166.77777777777777,0.0551072569602921,40.0,0.3742902834401861,182,10,81,154,0
b06-082,b06-082,132,data/raw/IAM/images/formsA-D/b06-082.png,2479,3542,286.0,20.30758917178307,0.5106628068105086,0.6282551456365992,104.38271604938272,189.87654320987653,0.07287366355893933,35.2,0.3770309789128738,210,10,81,168,2
b06-087,b06-087,134,data/raw/IAM/images/formsA-D/b06-087.png,2479,3542,63.0,6.175876810489653,0.34204901291770423,0.5919975409026936,66.69565217391305,154.85507246376812,0.04336489941644826,21.444444444444443,0.3202610567957745,285,9,69,285,0
b06-090,b06-090,134,data/raw/IAM/images/formsA-D/b06-090.png,2479,3542,0.0,8.776323247445056,0.27472326361232086,0.6542638490157444,69.48387096774194,146.6451612903226,0.041647285055938926,19.5,0.28498814092584374,248,8,62,246,1
b06-093,b06-093,125,data/raw/IAM/images/formsA-D/b06-093.png,2479,3542,63.0,16.064527328727653,0.2813531588759487,0.538605766526855,111.4225352112676,211.49295774647888,0.06588822777127498,5.7272727272727275,0.4203257675029252,172,11,71,158,0
b06-097,b06-097,123,data/raw/IAM/images/formsA-D/b06-097.png,2479,3542,95.0,8.848397943807566,0.23684939095267488,0.48837556384348313,54.84126984126984,161.0793650793651,0.05198799120368477,24.0,0.2756706874163071,162,8,63,159,0
b06-100,b06-100,133,data/raw/IAM/images/formsA-D/b06-100.png,2479,3542,127.0,8.628145025931964,0.4053534023941852,0.4623770603754081,65.55882352941177,204.10294117647058,0.04609800659860481,13.0,0.40379822923625647,250,10,68,247,1
b06-110,b06-110,126,data/raw/IAM/images/formsA-D/b06-110.png,2479,3542,254.0,8.218675165563154,0.34855704885928757,0.5786243542921086,78.44927536231884,151.768115942029,0.06246723532458345,-0.5,0.2885008777286519,248,8,69,249,0
c01-009,c01-009,135,data/raw/IAM/images/formsA-D/c01-009.png,2479,3542,191.0,14.22513940007047,0.3817495121727453,0.6554694213015765,97.1046511627907,295.3720930232558,0.06256907482282613,4.090909090909091,0.4657722269662568,489,11,86,471,2
c01-014,c01-014,135,data/raw/IAM/images/formsA-D/c01-014.png,2479,3542,191.0,13.14677153216429,0.4012627528668862,0.6543345596789785,92.74193548387096,292.61290322580646,0.06887680827454214,7.181818181818182,0.44748103151737156,495,11,93,484,3
c01-066,c01-066,136,data/raw/IAM/images/formsA-D/c01-066.png,2479,3542,127.0,5.923886667362725,0.2829859527313762,0.4446844273128949,72.72857142857143,199.14285714285714,0.05680099722048018,38.0,0.36773892224898064,257,10,70,250,0
c02-000,c02-000,137,data/raw/IAM/images/formsA-D/c02-000.png,2479,3542,-127.0,16.115246329378888,0.3326495882965909,0.5683257222962314,65.0253164556962,185.67088607594937,0.06508333792930793,6.8,0.3675666109150859,133,10,79,131,0
c02-003,c02-003,138,data/raw/IAM/images/formsA-D/c02-003.png,2479,3542,-95.0,7.896838172033195,0.32950173534185834,0.504857305458378,52.91549295774648,142.5211267605634,0.03313577842986404,7.666666666666667,0.33455276154821906,300,9,71,297,1
c02-007,c02-007,139,data/raw/IAM/images/formsA-D/c02-007.png,2479,3542,-127.0,7.879253422717442,0.338766061446655,0.5324643141373424,64.5657894736842,145.6315789473684,0.045290241440950195,-7.444444444444445,0.3107829084467631,290,9,76,283,2
c02-012,c02-012,140,data/raw/IAM/images/formsA-D/c02-012.png,2479,3542,-63.0,9.52056606229495,0.34884693290421026,0.44243303004635226,60.5,166.39772727272728,0.04934493589021268,-0.2,0.35879649928968554,315,10,88,315,1
c02-017,c02-017,139,data/raw/IAM/images/formsA-D/c02-017.png,2479,3542,-30.0,6.494471247132049,0.2417918862843904,0.5137127344351986,69.80263157894737,173.0,0.04739300856239986,-6.0,0.3544144614877905,304,10,76,308,0
c02-022,c02-022,140,data/raw/IAM/images/formsA-D/c02-022.png,2479,3542,-63.0,11.132839402825828,0.23864902368973467,0.628907605363283,70.3076923076923,171.13846153846154,0.04294228375780627,1.0,0.3307008686632308,163,9,65,162,0
c02-026,c02-026,141,data/raw/IAM/images/formsA-D/c02-026.png,2479,3542,-63.0,12.562123041511212,0.29325015088447026,0.837616419859297,72.35616438356165,139.94520547945206,0.03885595970693622,-5.0,0.31968524311158963,260,9,73,228,2
c02-030,c02-030,142,data/raw/IAM/images/formsA-D/c02-030.png,2479,3542,-127.0,10.027730138255846,0.41415460041734425,0.6098976547317818,71.07792207792208,167.85714285714286,0.06699947597283387,31.0,0.3281693839773009,185,9,77,178,2
c02-035,c02-035,143,data/raw/IAM/images/formsA-D/c02-035.png,2479,3542,-95.0,12.24880013648171,0.3106302627637076,0.5744548032228959,62.93846153846154,107.95384615384616,0.046205119623794325,12.666666666666666,0.21234405140959325,221,6,65,218,1
c02-049,c02-049,144,data/raw/IAM/images/formsA-D/c02-049.png,2479,3542,0.0,13.96144280510231,0.3249951255076685,0.4656743045459337,95.14634146341463,195.3048780487805,0.06513939112523204,16.272727272727273,0.4297105283477769,339,11,82,341,3
c02-056,c02-056,145,data/raw/IAM/images/formsA-D/c02-056.png,2479,3542,-63.0,12.774610727943621,0.38549776997681423,0.5537408935454273,68.30232558139535,143.98837209302326,0.0604741503725639,25.666666666666668,0.34089992298947525,215,9,86,203,1
c02-059,c02-059,146,data/raw/IAM/images/formsA-D/c02-059.png,2479,3542,-127.0,5.472746580338148,0.31247153843183234,0.4281271021191338,55.59550561797753,145.82022471910113,0.045540742084937705,-5.7272727272727275,0.4016596553909987,313,11,89,302,1
c02-078,c02-078,147,data/raw/IAM/images/formsA-D/c02-078.png,2479,3542,-127.0,7.08913775085431,0.36715902613700807,0.5233238140405001,59.17,144.71,0.052853773643120015,34.6,0.36912117119774485,379,10,100,354,2
c02-082,c02-082,148,data/raw/IAM/images/formsA-D/c02-082.png,2479,3542,-30.0,8.440815580255395,0.3684915484892042,0.5656000715154483,73.02816901408451,211.0281690140845,0.05710748790020604,-10.4,0.3667983278625719,196,10,71,195,2
c02-089,c02-089,149,data/raw/IAM/images/formsA-D/c02-089.png,2479,3542,0.0,2.6273312325020166,0.42334671333886703,0.575402189788901,64.6046511627907,214.88372093023256,0.030731912344006403,-29.571428571428573,0.25470530661964796,210,7,43,216,3
c03-000a,c03-000a,150,data/raw/IAM/images/formsA-D/c03-000a.png,2479,3542,284.0,6.993195231235235,0.317325698833258,0.4077211323370559,89.33333333333333,177.76666666666668,0.05447782078540406,-4.0,0.3133549369759623,262,8,60,254,1
c03-000b,c03-000b,151,data/raw/IAM/images/formsA-D/c03-000b.png,2479,3542,220.0,21.384460760110613,0.3711608674119196,0.5940158038036114,81.38333333333334,161.53333333333333,0.05807285110214982,31.571428571428573,0.2650772417157881,85,7,60,84,0
c03-000c,c03-000c,152,data/raw/IAM/images/formsA-D/c03-000c.png,2479,3542,252.0,11.938065215470697,0.24780869181830525,0.4988949811347588,89.18032786885246,177.4262295081967,0.0534766139657444,18.75,0.3457615397913905,185,8,61,183,0
c03-000d,c03-000d,153,data/raw/IAM/images/formsA-D/c03-000d.png,2479,3542,321.0,17.102722521298475,0.2636931768875065,0.5616991634477887,71.86666666666666,181.1,0.05923927351907755,30.5,0.2876648317920219,109,8,60,105,0
c03-000e,c03-000e,154,data/raw/IAM/images/formsA-D/c03-000e.png,2479,3542,285.0,9.8720777724259,0.3932146923389053,0.5167165077947461,94.55,233.2,0.06339850303264938,23.0,0.35300476572377937,177,8,60,155,2
c03-000f,c03-000f,155,data/raw/IAM/images/formsA-D/c03-000f.png,2479,3542,284.0,9.209612998176773,0.2696554612272106,0.6452322081261284,79.13333333333334,219.83333333333334,0.057501964948084,-22.11111111111111,0.33036854581306235,180,9,60,195,0
c03-003a,c03-003a,150,data/raw/IAM/images/formsA-D/c03-003a.png,2479,3542,314.0,11.806050300577452,0.3511624369776556,0.4539892906514149,81.78481012658227,146.46835443037975,0.056901755551863546,-5.666666666666667,0.3290337878267794,311,9,79,318,2
c03-003b,c03-003b,151,data/raw/IAM/images/formsA-D/c03-003b.png,2479,3542,94.0,19.722553552072682,0.37630926252083974,0.7006720576184337,75.41772151898734,143.30379746835442,0.05923032563146361,34.25,0.2962319964266752,109,8,79,108,1
c03-003c,c03-003c,152,data/raw/IAM/images/formsA-D/c03-003c.png,2479,3542,284.0,12.028676060374693,0.3326458266040879,0.5547454189511511,86.5875,158.8,0.05698149925326284,19.444444444444443,0.39256872352264954,236,9,80,219,0
c03-003d,c03-003d,153,data/raw/IAM/images/formsA-D/c03-003d.png,2479,3542,256.0,18.526951672989213,0.46564823124201177,0.6486035086148316,64.6,155.175,0.055439579802863195,29.88888888888889,0.3512801718512296,123,9,80,120,1
c03-003e,c03-003e,154,data/raw/IAM/images/formsA-D/c03-003e.png,2479,3542,316.0,12.418349880667392,0.42822253631284496,0.5839306052489897,86.6125,190.95,0.0638436151035844,24.333333333333332,0.3832397674058933,214,9,80,195,1
c03-003f,c03-003f,155,data/raw/IAM/images/formsA-D/c03-003f.png,2479,3542,220.0,7.609377851620461,0.39114800430596663,0.5883324541180853,73.05,175.6375,0.052954813304069835,-22.0,0.3873103237152556,229,10,80,227,2
c03-007,c03-007,156,data/raw/IAM/images/formsA-D/c03-007.png,2479,3542,256.0,6.0286601364149766,0.26106869466002897,0.4122492096339207,66.81159420289855,175.47826086956522,0.08518549453310832,24.25,0.3190654689681296,258,8,69,241,1
c03-007a,c03-007a,150,data/raw/IAM/images/formsA-D/c03-007a.png,2479,3542,220.0,9.991782096951145,0.33362382497804777,0.42996403333168204,77.47826086956522,150.84057971014494,0.051321551820304935,-4.5,0.31648455723731517,264,8,69,258,0
c03-007b,c03-007b,151,data/raw/IAM/images/formsA-D/c03-007b.png,2479,3542,346.0,17.265760244692196,0.3890243200753292,0.6075256495521667,68.21739130434783,144.84057971014494,0.05318780012101394,35.75,0.2830853135849891,90,8,69,87,1
c03-007c,c03-007c,152,data/raw/IAM/images/formsA-D/c03-007c.png,2479,3542,315.0,10.88468386922643,0.30153190505782634,0.45715279979836726,81.79710144927536,178.15942028985506,0.051154786523015756,19.666666666666668,0.3987281988579847,189,9,69,178,2
c03-007d,c03-007d,153,data/raw/IAM/images/formsA-D/c03-007d.png,2479,3542,256.0,14.2796836216052,0.23625179054501227,0.5404762103306583,61.56521739130435,170.30434782608697,0.06248234274247861,30.333333333333332,0.32975013831600464,115,9,69,103,0
c03-007e,c03-007e,154,data/raw/IAM/images/formsA-D/c03-007e.png,2479,3542,315.0,12.57212601218256,0.39013349958539456,0.5313864127350691,83.07142857142857,200.07142857142858,0.059172270066617606,21.666666666666668,0.3728050804624458,175,9,70,157,0
c03-007f,c03-007f,155,data/raw/IAM/images/formsA-D/c03-007f.png,2479,3542,252.0,8.25781379865694,0.36741964044912945,0.5668855444001248,67.92857142857143,188.71428571428572,0.05644026466413546,-23.0,0.3357093999533974,194,9,70,196,0
c03-016a,c03-016a,150,data/raw/IAM/images/formsA-D/c03-016a.png,2479,3542,220.0,10.42439950090176,0.3256989154236622,0.44589573841335983,82.07058823529412,147.10588235294117,0.051743016835520975,-4.6,0.38639273454328615,358,10,85,365,0
c03-016b,c03-016b,151,data/raw/IAM/images/formsA-D/c03-016b.png,2479,3542,189.0,18.412273884318132,0.31812917750401515,0.762231656434714,75.25,165.7159090909091,0.05495706640097238,30.2,0.39812083841934587,137,10,88,132,3
c03-016c,c03-016c,152,data/raw/IAM/images/formsA-D/c03-016c.png,2479,3542,220.0,8.736538416346338,0.2786631316857978,0.5757074439798492,78.43181818181819,161.4318181818182,0.05027046625826017,18.6,0.4347201985099454,261,10,88,255,3
c03-016d,c03-016d,153,data/raw/IAM/images/formsA-D/c03-016d.png,2479,3542,159.0,12.13710112025659,0.3268580822040814,0.7226584055422713,60.60227272727273,156.4318181818182,0.04625846954891058,29.0,0.43483158019173596,152,11,88,138,1
c03-016e,c03-016e,154,data/raw/IAM/images/formsA-D/c03-016e.png,2479,3542,189.0,12.585287180659158,0.3645266626538126,0.6520827673135208,85.97752808988764,195.69662921348313,0.0623625198263628,26.272727272727273,0.43656152676269483,244,11,89,223,1
c03-021a,c03-021a,150,data/raw/IAM/images/formsA-D/c03-021a.png,2479,3542,314.0,8.864087811297184,0.29961639934919765,0.4376553263071815,82.22222222222223,147.45555555555555,0.05384962745540754,-6.2,0.39444581235626014,331,10,90,335,1
c03-021b,c03-021b,151,data/raw/IAM/images/formsA-D/c03-021b.png,2479,3542,158.0,18.731310694228547,0.3700550806995854,0.625074981972581,70.7159090909091,139.01136363636363,0.057486909312410586,33.0,0.32607089842651166,116,9,88,112,3
c03-021c,c03-021c,152,data/raw/IAM/images/formsA-D/c03-021c.png,2479,3542,284.0,13.613021067160243,0.23152181726356677,0.48901101870396924,79.46067415730337,159.7865168539326,0.05201121791752157,18.4,0.43878061885849035,249,10,89,235,1
c03-021d,c03-021d,153,data/raw/IAM/images/formsA-D/c03-021d.png,2479,3542,319.0,17.428710957158934,0.23328369804049362,0.5646545281093172,64.41573033707866,156.87640449438203,0.057130038114102215,29.0,0.3794835397690686,126,10,89,122,0
c03-021e,c03-021e,154,data/raw/IAM/images/formsA-D/c03-021e.png,2479,3542,221.0,15.068202278462941,0.35052726138799223,0.5294227199434254,83.9888888888889,193.75555555555556,0.059157140184622314,25.727272727272727,0.4529275729794873,239,11,90,209,1
c03-021f,c03-021f,155,data/raw/IAM/images/formsA-D/c03-021f.png,2479,3542,252.0,8.056442821977512,0.2788612929350482,0.5673419382578179,69.67073170731707,183.8048780487805,0.05531944547409,-22.6,0.38405611085688957,215,10,82,212,3
c03-081a,c03-081a,150,data/raw/IAM/images/formsA-D/c03-081a.png,2479,3542,378.0,9.858866952423426,0.34372928446279116,0.4467352645554504,71.33333333333333,158.0,0.054244017227114145,-3.8,0.3620143821311894,359,10,81,373,0
c03-081b,c03-081b,151,data/raw/IAM/images/formsA-D/c03-081b.png,2479,3542,378.0,17.346282505531494,0.4096336834369951,0.6562936384183058,73.41975308641975,183.91358024691357,0.0594970685453712,34.4,0.37762262291788573,111,10,81,109,1
c03-081c,c03-081c,152,data/raw/IAM/images/formsA-D/c03-081c.png,2479,3542,378.0,12.186290519902036,0.2934941927424992,0.5043705188855748,81.53086419753086,173.25925925925927,0.05579878518748983,18.555555555555557,0.40265104346869435,245,9,81,230,1
c03-081d,c03-081d,153,data/raw/IAM/images/formsA-D/c03-081d.png,2479,3542,191.0,13.07897070633993,0.29813005262699777,0.5954886624974275,65.51851851851852,190.77777777777777,0.06574037849387106,29.363636363636363,0.4139483120664172,127,11,81,124,0
c03-081e,c03-081e,154,data/raw/IAM/images/formsA-D/c03-081e.png,2479,3542,221.0,7.176135301651607,0.36381929345612224,0.5591652341900781,85.48780487804878,204.0121951219512,0.06013424365599226,25.727272727272727,0.44868163038182507,251,11,82,228,1
c03-081f,c03-081f,155,data/raw/IAM/images/formsA-D/c03-081f.png,2479,3542,316.0,8.603702664377725,0.2880989186489769,0.5513839408466381,71.35443037974683,199.126582278481,0.0622558478599747,-24.8,0.3839257100126665,214,10,79,211,1
c03-084a,c03-084a,150,data/raw/IAM/images/formsA-D/c03-084a.png,2479,3542,315.0,9.439436264339355,0.3058522224730146,0.4655517156513402,75.9047619047619,167.55555555555554,0.053997731997731994,-4.5,0.301288588115324,280,8,63,284,0
c03-084b,c03-084b,151,data/raw/IAM/images/formsA-D/c03-084b.png,2479,3542,316.0,22.593789475509336,0.37402012174196414,0.8020537529925056,74.85483870967742,195.5,0.06405137560475856,36.0,0.28991626785267277,105,8,62,104,4
c03-084c,c03-084c,152,data/raw/IAM/images/formsA-D/c03-084c.png,2479,3542,284.0,14.187311553170138,0.3115994645200496,0.5657955912285254,85.140625,174.578125,0.0595777998842562,18.714285714285715,0.301091563258987,220,7,64,202,4
c03-084d,c03-084d,153,data/raw/IAM/images/formsA-D/c03-084d.png,2479,3542,287.0,17.60450840533019,0.2620450076235762,0.6583196646195517,70.61538461538461,187.3230769230769,0.06692537886557533,28.11111111111111,0.3298038930744966,131,9,65,121,0
c03-084e,c03-084e,154,data/raw/IAM/images/formsA-D/c03-084e.png,2479,3542,348.0,14.273719994069733,0.38199746580894917,0.6234051251825418,92.58730158730158,212.28571428571428,0.06849156812985181,23.0,0.32728892203259496,197,8,63,180,1
c03-084f,c03-084f,155,data/raw/IAM/images/formsA-D/c03-084f.png,2479,3542,346.0,8.932726058971847,0.36969746013079335,0.5712551696672556,75.28571428571429,209.88888888888889,0.059823292606654276,-21.666666666666668,0.32321472133282647,224,9,63,223,2
c03-087a,c03-087a,150,data/raw/IAM/images/formsA-D/c03-087a.png,2479,3542,346.0,6.4606292458679,0.2752741307108153,0.455700415560512,74.13636363636364,168.9848484848485,0.05272996317151789,-4.555555555555555,0.3207094307029414,282,9,66,292,1
c03-087b,c03-087b,151,data/raw/IAM/images/formsA-D/c03-087b.png,2479,3542,377.0,17.967931886578143,0.37579226439620783,0.7060323810619155,72.21212121212122,199.65151515151516,0.058934454773739466,38.55555555555556,0.3348857677215886,99,9,66,92,2
c03-087c,c03-087c,152,data/raw/IAM/images/formsA-D/c03-087c.png,2479,3542,410.0,10.452155462549678,0.3294079255974528,0.49767032840729486,77.57352941176471,187.91176470588235,0.055303522259422935,19.75,0.35128153849763194,229,8,68,213,1
c03-087d,c03-087d,153,data/raw/IAM/images/formsA-D/c03-087d.png,2479,3542,385.0,15.941256619315833,0.36095767638414544,0.615143806215423,66.10606060606061,196.71212121212122,0.06747149132311363,31.0,0.3573771231136578,109,10,66,105,0
c03-087e,c03-087e,154,data/raw/IAM/images/formsA-D/c03-087e.png,2479,3542,504.0,15.814140820964102,0.3374479453059032,0.6129589735943615,84.42647058823529,215.58823529411765,0.06377976653529328,25.666666666666668,0.37111863880196133,196,9,68,176,0
c03-087f,c03-087f,155,data/raw/IAM/images/formsA-D/c03-087f.png,2479,3542,441.0,7.456236075147838,0.3111661622066896,0.552406409881741,68.46969696969697,208.15151515151516,0.06073223205151351,-23.0,0.3330735945920891,219,9,66,209,1
c03-094a,c03-094a,150,data/raw/IAM/images/formsA-D/c03-094a.png,2479,3542,410.0,10.880752828809383,0.3958041537886827,0.4539506924827764,87.775,164.6875,0.05682835706629919,-6.2,0.3718986522360955,345,10,80,341,1
c03-094b,c03-094b,151,data/raw/IAM/images/formsA-D/c03-094b.png,2479,3542,221.0,20.12068709905548,0.4269314762218402,0.7330425718827648,75.58974358974359,180.1153846153846,0.05634260351791117,38.4,0.3870449665388017,120,10,78,115,2
c03-094c,c03-094c,152,data/raw/IAM/images/formsA-D/c03-094c.png,2479,3542,284.0,17.550397474341416,0.4052548137586982,0.5924484593320372,86.87341772151899,176.15189873417722,0.05541911429323708,20.11111111111111,0.40399365967179074,255,9,79,233,1
c03-094d,c03-094d,153,data/raw/IAM/images/formsA-D/c03-094d.png,2479,3542,382.0,19.73467473972504,0.33896545125744926,0.6847579688833191,71.16455696202532,197.59493670886076,0.06746286509513906,32.45454545454545,0.41474552246778074,133,11,79,130,0
c03-094e,c03-094e,154,data/raw/IAM/images/formsA-D/c03-094e.png,2479,3542,348.0,14.884543765314357,0.4277931926722996,0.6070731759873411,91.41772151898734,214.9620253164557,0.06888712948301247,24.8,0.40995975454119515,233,10,79,216,3
c03-094f,c03-094f,155,data/raw/IAM/images/formsA-D/c03-094f.png,2479,3542,283.0,8.261880628625345,0.351767120383102,0.5505010832350893,70.89873417721519,195.37974683544303,0.06056236591718752,-22.2,0.3728776266089699,268,10,79,253,1
c03-096a,c03-096a,150,data/raw/IAM/images/formsA-D/c03-096a.png,2479,3542,284.0,11.576581885083035,0.297271591505378,0.47367424743207553,84.83582089552239,159.08955223880596,0.05539797333985498,-5.0,0.3129360598536458,260,9,67,268,0
c03-096b,c03-096b,151,data/raw/IAM/images/formsA-D/c03-096b.png,2479,3542,94.0,20.724508103549457,0.3445091996647192,0.7014203582498727,76.80597014925372,165.17910447761193,0.05753550199071015,30.75,0.2962585321443206,102,8,67,96,1
c03-096c,c03-096c,152,data/raw/IAM/images/formsA-D/c03-096c.png,2479,3542,315.0,13.278868811340274,0.3630467168310862,0.5632081517797066,79.31343283582089,163.07462686567163,0.05214713526170265,19.5,0.3291859411262396,194,8,67,191,0
c03-096d,c03-096d,153,data/raw/IAM/images/formsA-D/c03-096d.png,2479,3542,288.0,14.37344668118055,0.3302434404468935,0.5731404980189179,63.53731343283582,173.1492537313433,0.056895408327668325,30.555555555555557,0.3286941761957985,115,9,67,111,0
c03-096e,c03-096e,154,data/raw/IAM/images/formsA-D/c03-096e.png,2479,3542,347.0,12.101843696988475,0.4372810203222033,0.5815762743396927,90.67164179104478,201.52238805970148,0.06758498717097443,25.25,0.3334316559495015,181,8,67,161,0
c03-096f,c03-096f,155,data/raw/IAM/images/formsA-D/c03-096f.png,2479,3542,411.0,7.109916905738176,0.3709062061345721,0.598222635437335,72.32835820895522,190.47761194029852,0.05833037388968791,-19.666666666666668,0.3280644938659215,207,9,67,217,0
c04-000,c04-000,157,data/raw/IAM/images/formsA-D/c04-000.png,2479,3542,-95.0,7.462076631173507,0.3519066686715722,0.560015253226367,47.52,111.28,0.036686552883735984,-7.8,0.16188154410088218,181,5,50,184,0
c04-004,c04-004,157,data/raw/IAM/images/formsA-D/c04-004.png,2479,3542,0.0,4.547687213185951,0.2935325849274006,0.5363333244325854,46.43589743589744,119.0,0.03574042733727755,-7.0,0.268705574026794,304,8,78,305,0
c04-008,c04-008,158,data/raw/IAM/images/formsA-D/c04-008.png,2479,3542,-95.0,8.78513602335241,0.4147839887653388,0.5047428532156523,55.145833333333336,115.61458333333333,0.041391075196390036,-2.3333333333333335,0.33173359779459716,375,9,96,368,3
c04-013,c04-013,158,data/raw/IAM/images/formsA-D/c04-013.png,2479,3542,-30.0,4.278449134845526,0.399568261387192,0.4842819271793413,54.935483870967744,125.20967741935483,0.040911006634015236,-4.142857142857143,0.24373933588729177,257,7,62,254,2
c04-017,c04-017,159,data/raw/IAM/images/formsA-D/c04-017.png,2479,3542,0.0,11.47102338853953,0.4046120130171001,0.5915514094178205,77.24050632911393,110.22784810126582,0.04799310449697274,-8.75,0.29359118002855833,220,8,79,205,1
c04-023,c04-023,160,data/raw/IAM/images/formsA-D/c04-023.png,2479,3542,-30.0,4.3416624175128105,0.36045552874631687,0.5922352498313764,65.61111111111111,141.25925925925927,0.05065125887954749,-6.666666666666667,0.20617455400064097,219,6,54,224,0
c04-028,c04-028,160,data/raw/IAM/images/formsA-D/c04-028.png,2479,3542,-63.0,10.247180717429515,0.39362720513806326,0.6169719647639391,74.98666666666666,145.70666666666668,0.05551463025297966,-6.25,0.29729650008689595,299,8,75,292,2
c04-035,c04-035,159,data/raw/IAM/images/formsA-D/c04-035.png,2479,3542,-30.0,6.7175817359009375,0.378550790476921,0.6441644571951561,94.18571428571428,150.9142857142857,0.053185474860335195,-17.25,0.3057871325230183,239,8,70,228,2
c04-039,c04-039,161,data/raw/IAM/images/formsA-D/c04-039.png,2479,3542,-127.0,31.787438535423494,0.41155438269717926,0.8492842344885417,95.38235294117646,152.2058823529412,0.051837416444712306,0.3333333333333333,0.34882988873903864,169,9,68,179,3
c04-044,c04-044,161,data/raw/IAM/images/formsA-D/c04-044.png,2479,3542,-95.0,22.481468451041465,0.3703172583824502,0.8999148830759705,102.50649350649351,168.07792207792207,0.06518756259040837,2.111111111111111,0.3275213658081925,199,9,77,229,5
c04-050,c04-050,162,data/raw/IAM/images/formsA-D/c04-050.png,2479,3542,0.0,10.54522119387341,0.28827549839657846,0.5750907205308875,79.64634146341463,161.79268292682926,0.05652357991512273,23.444444444444443,0.3736339515054635,306,9,82,296,0
c04-056,c04-056,162,data/raw/IAM/images/formsA-D/c04-056.png,2479,3542,0.0,7.964082885141001,0.3134188386890755,0.6004917948309872,84.77922077922078,171.92207792207793,0.056294413528698156,24.77777777777778,0.3747645097417972,330,9,77,323,2
c04-061,c04-061,163,data/raw/IAM/images/formsA-D/c04-061.png,2479,3542,-127.0,3.5534921032165605,0.3422826043365779,0.43807169138842,58.378787878787875,132.28787878787878,0.03774848838345026,9.857142857142858,0.24719490131560215,274,7,66,275,2
c04-066,c04-066,163,data/raw/IAM/images/formsA-D/c04-066.png,2479,3542,-30.0,5.43618126666914,0.49612570484697827,0.48730843773648175,58.52873563218391,119.41379310344827,0.033701151366198424,7.888888888888889,0.33182960470436135,314,9,87,316,2
c04-075,c04-075,164,data/raw/IAM/images/formsA-D/c04-075.png,2479,3542,-63.0,10.428982104629581,0.36777429249206184,0.5085498258032959,55.694117647058825,107.17647058823529,0.04599588903453517,-3.857142857142857,0.26794606028869494,325,7,85,324,3
c04-080,c04-080,165,data/raw/IAM/images/formsA-D/c04-080.png,2479,3542,-63.0,6.209746152134177,0.3719586093198309,0.5758873489369134,89.58461538461539,150.73846153846154,0.06680463870636602,-0.42857142857142855,0.26892731240557327,215,7,65,215,0
c04-089,c04-089,166,data/raw/IAM/images/formsA-D/c04-089.png,2479,3542,30.0,10.251488976748863,0.47500920698980864,0.4531400383521005,47.51485148514851,93.78217821782178,0.05387546638451564,4.25,0.28631469903371265,351,8,101,352,3
c04-098,c04-098,166,data/raw/IAM/images/formsA-D/c04-098.png,2479,3542,-30.0,9.813389429285719,0.4504716975272095,0.42691751039655923,52.18292682926829,100.17073170731707,0.06310494847484562,5.571428571428571,0.23219436262914525,313,7,82,311,1
c04-105,c04-105,167,data/raw/IAM/images/formsA-D/c04-105.png,2479,3542,-95.0,6.139431516886393,0.39223323076389444,0.5567776031093111,73.03174603174604,175.25396825396825,0.04757016558775197,33.0,0.3151937597103074,249,8,63,247,0
c04-110,c04-110,168,data/raw/IAM/images/formsA-D/c04-110.png,2479,3542,-30.0,5.119779741792633,0.5307154155683141,0.4066940099364011,38.142857142857146,74.5,0.05368097601112612,-0.5,0.12512513356121402,246,4,70,240,2
c04-116,c04-116,168,data/raw/IAM/images/formsA-D/c04-116.png,2479,3542,-95.0,4.532172943765405,0.4258798990564383,0.4197451416869673,34.96103896103896,65.1038961038961,0.051486910418463004,-1.0,0.12415754790835908,258,4,77,252,0
c04-122,c04-122,164,data/raw/IAM/images/formsA-D/c04-122.png,2479,3542,-30.0,14.280693726138479,0.5385127712253732,0.547714262493793,59.0188679245283,97.80188679245283,0.04630736671045631,0.0,0.32405714495266735,397,8,106,391,4
c04-128,c04-128,165,data/raw/IAM/images/formsA-D/c04-128.png,2479,3542,-95.0,11.996173402430507,0.385549237962662,0.5501146559000495,84.17948717948718,144.46153846153845,0.0669994244209751,-0.75,0.31480392382404065,261,8,78,262,3
c04-134,c04-134,169,data/raw/IAM/images/formsA-D/c04-134.png,2479,3542,-30.0,14.392897720818413,0.4368144574807037,0.5805326479153055,59.506493506493506,98.97402597402598,0.03698940635147639,13.571428571428571,0.25132559006666727,266,7,77,250,4
c04-139,c04-139,169,data/raw/IAM/images/formsA-D/c04-139.png,2479,3542,-127.0,7.487206745714742,0.3868228492148994,0.5476790361261269,65.03896103896103,129.62337662337663,0.042988509900274606,14.428571428571429,0.2773709094280152,307,7,77,284,0
c04-144,c04-144,170,data/raw/IAM/images/formsA-D/c04-144.png,2479,3542,-63.0,11.483680632911902,0.43232907534857584,0.6206260075828828,75.67948717948718,171.4102564102564,0.05622697228868225,-11.25,0.35086357247291705,246,8,78,236,2
c04-150,c04-150,170,data/raw/IAM/images/formsA-D/c04-150.png,2479,3542,-95.0,9.511854435128553,0.4216347409143819,0.6399050267500553,69.61728395061728,150.12345679012347,0.0567395593097891,-11.75,0.33199360227264185,224,8,81,222,2
c04-156,c04-156,171,data/raw/IAM/images/formsA-D/c04-156.png,2479,3542,-63.0,23.912301609386052,0.3844166910290225,0.7796832010086245,97.59615384615384,153.26923076923077,0.06062998529098997,8.142857142857142,0.25488912056076235,121,7,52,129,0
c04-160,c04-160,171,data/raw/IAM/images/formsA-D/c04-160.png,2479,3542,-159.0,18.077697658057424,0.4078308985650187,0.7981301021228839,93.47619047619048,150.6547619047619,0.06019691346641464,11.6,0.39525236150803966,262,10,84,271,4
c04-165,c04-165,172,data/raw/IAM/images/formsA-D/c04-165.png,2479,3542,-95.0,9.01615980463406,0.4892652412187468,0.5709770174557419,70.0,151.49397590361446,0.05179649546294995,-5.888888888888889,0.33063823070312365,342,9,83,351,4
c04-170,c04-170,172,data/raw/IAM/images/formsA-D/c04-170.png,2479,3542,-159.0,4.244687374248787,0.367838957784434,0.6391424914726586,73.41666666666667,179.83333333333334,0.0548634961289947,-4.2,0.16434332982029284,153,5,36,155,0
c06-000,c06-000,130,data/raw/IAM/images/formsA-D/c06-000.png,2479,3542,63.0,15.174830163708066,0.3498343502633729,0.6518804925798637,79.63333333333334,148.15,0.05313945610817617,37.857142857142854,0.26628102942184706,125,7,60,108,0
c06-005,c06-005,125,data/raw/IAM/images/formsA-D/c06-005.png,2479,3542,63.0,16.755080464146257,0.33865075072677353,0.6155303521674781,97.91780821917808,167.32876712328766,0.062292582621808756,6.333333333333333,0.34317037821255864,154,9,73,141,0
c06-011,c06-011,173,data/raw/IAM/images/formsA-D/c06-011.png,2479,3542,127.0,8.823994955604691,0.3916726259351636,0.4054940432520805,69.92857142857143,176.4142857142857,0.0796846280930272,32.333333333333336,0.34302095820590306,185,9,70,175,0
c06-014,c06-014,129,data/raw/IAM/images/formsA-D/c06-014.png,2479,3542,159.0,18.791068588674186,0.4160020013287154,0.5490027691983744,127.17105263157895,194.96052631578948,0.0678912702031717,1.6,0.4495583340489246,239,10,76,242,9
c06-020,c06-020,125,data/raw/IAM/images/formsA-D/c06-020.png,2479,3542,63.0,15.768767493197709,0.4584487473561961,0.5789081710857191,88.63513513513513,130.35135135135135,0.06087566626241434,8.5,0.2983447178774888,166,8,74,155,2
c06-027,c06-027,128,data/raw/IAM/images/formsA-D/c06-027.png,2479,3542,190.0,10.301801872143148,0.37992335793090465,0.39891290778510324,87.65822784810126,149.0506329113924,0.0780170345444681,-6.0,0.3052138243572377,206,8,79,200,2
c06-031,c06-031,130,data/raw/IAM/images/formsA-D/c06-031.png,2479,3542,63.0,18.13656838940392,0.47999533929367333,0.7069528980098195,78.02816901408451,138.92957746478874,0.05336722482357746,37.5,0.28778019952581924,143,8,71,122,2
c06-039,c06-039,123,data/raw/IAM/images/formsA-D/c06-039.png,2479,3542,95.0,10.357519855520946,0.3622338011879627,0.49444836518416796,49.72222222222222,142.0,0.05225555136697363,26.5,0.27280551323380653,173,8,72,168,0
c06-043,c06-043,133,data/raw/IAM/images/formsA-D/c06-043.png,2479,3542,159.0,7.494549323927657,0.3105903678618062,0.4331346471224396,59.56923076923077,204.92307692307693,0.044724947550290016,17.6,0.3838964410022165,231,10,65,222,1
c06-047,c06-047,132,data/raw/IAM/images/formsA-D/c06-047.png,2479,3542,222.0,20.54529311669594,0.6033531993379135,0.5993661878210012,97.10958904109589,163.84931506849315,0.07151161969871749,35.0,0.2742674832227071,196,7,73,161,2
c06-052,c06-052,126,data/raw/IAM/images/formsA-D/c06-052.png,2479,3542,286.0,10.609474501407416,0.35514498978384373,0.5518009127442653,72.98571428571428,136.15714285714284,0.06282633979757653,-2.4285714285714284,0.24851986500266837,227,7,70,221,3
c06-058,c06-058,131,data/raw/IAM/images/formsA-D/c06-058.png,2479,3542,95.0,6.708166191700776,0.3613749597151368,0.41650650118398014,68.59016393442623,161.7704918032787,0.058157173965549994,16.714285714285715,0.23859117888968634,216,7,61,218,0
c06-076,c06-076,128,data/raw/IAM/images/formsA-D/c06-076.png,2479,3542,222.0,8.304542596672496,0.38248957850790444,0.4616875085717364,91.82222222222222,173.6888888888889,0.07935081291504466,-6.4,0.3978763226005277,283,10,90,273,2
c06-080,c06-080,133,data/raw/IAM/images/formsA-D/c06-080.png,2479,3542,190.0,6.74739819407328,0.40721629052152053,0.4734038222016443,69.64788732394366,205.38028169014083,0.045049788987193064,17.8,0.4176330185415195,245,10,71,233,2
c06-083,c06-083,174,data/raw/IAM/images/formsA-D/c06-083.png,2479,3542,127.0,5.152601314991497,0.25391991783001333,0.5452327002635192,86.73170731707317,150.3780487804878,0.058478581238777395,15.222222222222221,0.34528640239217784,271,9,82,267,0
c06-087,c06-087,126,data/raw/IAM/images/formsA-D/c06-087.png,2479,3542,286.0,11.168146938395484,0.4019274527294859,0.5267572714626528,73.07692307692308,124.8974358974359,0.06079019529064304,-5.75,0.2786433711157916,247,8,78,222,3
c06-091,c06-091,132,data/raw/IAM/images/formsA-D/c06-091.png,2479,3542,286.0,19.617547391215457,0.5099361892531555,0.6431369497620536,90.73611111111111,133.11111111111111,0.0682277118421001,33.333333333333336,0.23191169459826178,191,6,72,149,2
c06-095,c06-095,131,data/raw/IAM/images/formsA-D/c06-095.png,2479,3542,95.0,9.854728268709096,0.3093082065943291,0.41608635270053285,66.40579710144928,151.47826086956522,0.051351471025448014,17.75,0.288065373075107,230,8,69,223,1
c06-100,c06-100,123,data/raw/IAM/images/formsA-D/c06-100.png,2479,3542,95.0,11.548792474936933,0.35037682006248094,0.4974475153254209,49.3125,133.2375,0.04954146920940661,23.75,0.2860773581085067,171,8,80,158,1
c06-103,c06-103,129,data/raw/IAM/images/formsA-D/c06-103.png,2479,3542,190.0,11.934250610519607,0.4016039455599767,0.51302580014592,140.3134328358209,198.55223880597015,0.06704884283061262,1.4,0.4067057694572295,197,10,67,197,5
c06-106,c06-106,127,data/raw/IAM/images/formsA-D/c06-106.png,2479,3542,159.0,8.32774863198908,0.3552936715185067,0.5454764108422423,67.3,193.925,0.06013418037028761,-6.636363636363637,0.3919413189367764,178,11,80,170,4
c06-111,c06-111,124,data/raw/IAM/images/formsA-D/c06-111.png,2479,3542,286.0,7.967632676400089,0.20843896730595918,0.5718933187746701,77.7258064516129,182.90322580645162,0.049912451361867706,-4.75,0.3161053128606665,232,8,62,237,0
c06-116,c06-116,133,data/raw/IAM/images/formsA-D/c06-116.png,2479,3542,159.0,4.916058643047735,0.3626467852907905,0.45193887347415834,63.721518987341774,196.73417721518987,0.04465533268322275,18.636363636363637,0.4295444808098929,280,11,79,276,1
c06-128,c06-128,128,data/raw/IAM/images/formsA-D/c06-128.png,2479,3542,222.0,6.10737922669642,0.3069821375531446,0.40378202705102223,92.81159420289855,202.1304347826087,0.07550021433888447,-6.777777777777778,0.3679541690573488,225,9,69,224,1
c06-138,c06-138,129,data/raw/IAM/images/formsA-D/c06-138.png,2479,3542,159.0,12.032783538967363,0.2679341883790245,0.5192950847951405,146.11111111111111,261.55555555555554,0.06542079561966711,2.090909090909091,0.4259785586845937,193,11,54,195,5
d01-016,d01-016,175,data/raw/IAM/images/formsA-D/d01-016.png,2479,3542,127.0,5.989149312335063,0.3834480579281911,0.6931543775859861,65.62962962962963,108.81481481481481,0.05551220177439029,25.0,0.1352867189985944,220,4,54,207,0
d01-019,d01-019,175,data/raw/IAM/images/formsA-D/d01-019.png,2479,3542,159.0,5.467824786382876,0.4914940057582813,0.6604616426779234,58.2247191011236,105.20224719101124,0.05558154341922322,28.0,0.21035148095498518,282,6,89,266,0
d01-024,d01-024,176,data/raw/IAM/images/formsA-D/d01-024.png,2479,3542,127.0,3.9098861092397765,0.2536530788356284,0.39155353333300164,62.66153846153846,170.43076923076924,0.040438147398499824,-5.0,0.4304423674962286,224,9,65,208,1
d01-049,d01-049,177,data/raw/IAM/images/formsA-D/d01-049.png,2479,3542,159.0,5.284137458045238,0.2531589888105226,0.40857702997511175,76.22368421052632,146.82894736842104,0.06881672154045695,16.11111111111111,0.30591969722404505,261,9,76,258,1
d01-052,d01-052,177,data/raw/IAM/images/formsA-D/d01-052.png,2479,3542,159.0,4.14584854035102,0.23626924310603478,0.4390350170936191,84.98360655737704,172.18032786885246,0.06918085155823857,13.75,0.27936097436421903,243,8,61,232,0
d01-056,d01-056,178,data/raw/IAM/images/formsA-D/d01-056.png,2479,3542,127.0,5.840640981915506,0.2685244857068079,0.48483267804287533,68.55555555555556,154.4814814814815,0.04006446205653077,3.4,0.35030768904876625,289,10,81,281,1
d01-060,d01-060,178,data/raw/IAM/images/formsA-D/d01-060.png,2479,3542,95.0,7.389561835099419,0.22367030026372778,0.4735374097781282,76.08450704225352,192.1549295774648,0.04105802725735576,2.6,0.37610655650889263,295,10,71,294,0
d01-080,d01-080,179,data/raw/IAM/images/formsA-D/d01-080.png,2479,3542,159.0,12.267421905508066,0.3942904668229311,0.47436912574398166,68.85714285714286,140.9090909090909,0.07180768416121557,-15.75,0.29465397538077615,181,8,77,172,0
d01-085,d01-085,179,data/raw/IAM/images/formsA-D/d01-085.png,2479,3542,30.0,8.3935791633369,0.39380794663144103,0.45275651941543044,64.27777777777777,139.27777777777777,0.07526646018161758,-16.142857142857142,0.24834538981196996,180,7,72,174,2
d01-098,d01-098,180,data/raw/IAM/images/formsA-D/d01-098.png,2479,3542,127.0,5.759339221301695,0.22863887113033143,0.5314163912149155,52.329268292682926,110.86585365853658,0.039912326910721774,-4.5,0.2756474544274674,236,8,82,224,3
d01-104,d01-104,180,data/raw/IAM/images/formsA-D/d01-104.png,2479,3542,0.0,8.083046992063798,0.35940231041115583,0.5287999758606808,57.55172413793103,124.89655172413794,0.04375226291802921,-5.444444444444445,0.3170637875375059,294,9,87,285,1
d01-118,d01-118,181,data/raw/IAM/images/formsA-D/d01-118.png,2479,3542,63.0,10.494642259424227,0.37644869270165354,0.5018368292043147,78.28985507246377,143.7536231884058,0.0840996031421324,18.428571428571427,0.26722857092746777,129,7,69,122,0
d01-123,d01-123,181,data/raw/IAM/images/formsA-D/d01-123.png,2479,3542,-30.0,11.810472633369576,0.3448250948717084,0.5465008876791382,76.5657894736842,146.5,0.06864509927049174,14.75,0.29380847680653,184,8,76,177,0
d03-112,d03-112,182,data/raw/IAM/images/formsA-D/d03-112.png,2479,3542,159.0,4.058368437155453,0.2869266449633992,0.6076847322834394,65.1304347826087,159.2463768115942,0.03875390108888788,36.55555555555556,0.3199629001056645,304,9,69,285,0
d03-117,d03-117,183,data/raw/IAM/images/formsA-D/d03-117.png,2479,3542,127.0,9.92452754928388,0.40749740074719404,0.6085222922290302,85.49333333333334,175.01333333333332,0.05987390388144925,26.11111111111111,0.335078920413119,378,9,75,323,1
d04-005,d04-005,184,data/raw/IAM/images/formsA-D/d04-005.png,2479,3542,63.0,7.557298778938479,0.4091759327276393,0.5211211326929185,68.80281690140845,145.92957746478874,0.04592021777147727,-10.25,0.2819835688103047,270,8,71,258,2
d04-008,d04-008,184,data/raw/IAM/images/formsA-D/d04-008.png,2479,3542,-30.0,5.872858085737346,0.37503022870687297,0.5232353822879127,61.11666666666667,138.21666666666667,0.043232850496446776,-13.666666666666666,0.21756737395932724,258,6,60,249,0
d04-012,d04-012,185,data/raw/IAM/images/formsA-D/d04-012.png,2479,3542,-63.0,10.070237030781648,0.4078893970213302,0.6011856778479729,67.06666666666666,123.9888888888889,0.030758455420903916,-4.2727272727272725,0.38000468759716,329,11,90,322,3
d04-016,d04-016,185,data/raw/IAM/images/formsA-D/d04-016.png,2479,3542,-63.0,3.8876155345871615,0.3484871795761235,0.6081761393157068,70.5223880597015,147.71641791044777,0.03264025512321411,-4.777777777777778,0.3026954366993303,275,9,67,267,4
d04-021,d04-021,186,data/raw/IAM/images/formsA-D/d04-021.png,2479,3542,-30.0,5.053142472238488,0.3733213305084854,0.45987786784309276,49.83783783783784,118.29729729729729,0.037194385608547036,0.75,0.27943625380354775,283,8,74,280,0
d04-028,d04-028,186,data/raw/IAM/images/formsA-D/d04-028.png,2479,3542,-63.0,12.300459513545425,0.5043998372475438,0.4912853694479102,53.325581395348834,96.6046511627907,0.04427760327149884,-1.2857142857142858,0.24020234111084207,268,7,86,266,3
d04-032,d04-032,187,data/raw/IAM/images/formsA-D/d04-032.png,2479,3542,-30.0,11.17432502750154,0.37460702163143367,0.5366793731836662,92.15841584158416,130.68316831683168,0.05829879139702542,2.6363636363636362,0.4006490203764701,337,11,101,348,3
d04-037,d04-037,187,data/raw/IAM/images/formsA-D/d04-037.png,2479,3542,0.0,13.520353528168666,0.4682426180940024,0.4831053002576476,91.46268656716418,119.38805970149254,0.05715521007791451,13.285714285714286,0.25024206724401404,249,7,67,235,3
d04-047,d04-047,188,data/raw/IAM/images/formsA-D/d04-047.png,2479,3542,-30.0,5.211287502705495,0.35443446971274506,0.3991169614873777,48.63768115942029,157.8840579710145,0.04293359069879228,-4.333333333333333,0.3032679476547095,291,9,69,290,1
d04-050,d04-050,189,data/raw/IAM/images/formsA-D/d04-050.png,2479,3542,-30.0,6.824503416681387,0.312132714179173,0.4997685025958004,57.609375,124.375,0.039716617210682495,-1.3333333333333333,0.23027991879387077,279,6,64,277,1
d04-053,d04-053,188,data/raw/IAM/images/formsA-D/d04-053.png,2479,3542,-63.0,5.925646280726096,0.4126928523165434,0.41370385595977377,49.29,138.54,0.0437992047183155,-5.363636363636363,0.4054093914574122,371,11,100,373,3
d04-058,d04-058,190,data/raw/IAM/images/formsA-D/d04-058.png,2479,3542,0.0,6.591653260372101,0.3825678102139368,0.4753608057336605,49.4375,110.925,0.034618481650975017,-5.285714285714286,0.25005620333329615,297,7,80,292,5
d04-062,d04-062,190,data/raw/IAM/images/formsA-D/d04-062.png,2479,3542,0.0,6.361648009823416,0.3034922122360125,0.47443573261566896,49.16129032258065,105.54838709677419,0.038073614574253144,-3.4,0.16853825095226782,217,5,62,213,2
d04-066,d04-066,191,data/raw/IAM/images/formsA-D/d04-066.png,2479,3542,-30.0,9.825681194589901,0.34495623099996864,0.5315176768670532,86.9090909090909,141.8181818181818,0.06165519130714519,7.2,0.400751291082245,318,10,99,320,4
d04-071,d04-071,192,data/raw/IAM/images/formsA-D/d04-071.png,2479,3542,-63.0,11.173490486550643,0.4030229144102091,0.5080998318707449,91.07575757575758,148.0151515151515,0.056581855599699145,5.75,0.2961755083753786,224,8,66,213,1
d04-075,d04-075,192,data/raw/IAM/images/formsA-D/d04-075.png,2479,3542,-30.0,11.246871563146538,0.4364882391487108,0.5489015807294606,93.01075268817205,140.58064516129033,0.0606308676631238,5.8,0.3764553930030893,295,10,93,283,2
d04-081,d04-081,193,data/raw/IAM/images/formsA-D/d04-081.png,2479,3542,-30.0,18.666450447003957,0.3978695881559609,0.6270125562692044,73.23188405797102,161.69565217391303,0.05798495316783458,3.2222222222222223,0.3055090199801426,122,9,69,106,1
d04-086,d04-086,194,data/raw/IAM/images/formsA-D/d04-086.png,2479,3542,0.0,4.264961795577849,0.32848397942612323,0.3945929497978468,48.76829268292683,110.6829268292683,0.04323791054243333,-4.142857142857143,0.26285666908639005,270,7,82,266,2
d04-089,d04-089,194,data/raw/IAM/images/formsA-D/d04-089.png,2479,3542,-63.0,3.0689142466016643,0.3906472313552226,0.4785782694097107,51.49411764705882,132.09411764705882,0.04602963796835557,-5.75,0.2937907104032996,326,8,85,330,3
d04-096,d04-096,195,data/raw/IAM/images/formsA-D/d04-096.png,2479,3542,30.0,4.43521967083212,0.36743313286423723,0.41186389177156835,49.73118279569893,112.76344086021506,0.04569899581534637,-18.75,0.27563800178985126,320,8,93,318,3
d04-101,d04-101,195,data/raw/IAM/images/formsA-D/d04-101.png,2479,3542,0.0,7.41583293007085,0.45859243137612826,0.46752680038261135,51.986486486486484,109.58108108108108,0.048633971819860844,-23.0,0.19608870355139013,244,6,74,237,1
d04-111,d04-111,196,data/raw/IAM/images/formsA-D/d04-111.png,2479,3542,63.0,5.530051027863973,0.5016608102029967,0.4328872383833574,64.73529411764706,175.5686274509804,0.05637634702641387,-6.0,0.449790663937322,430,12,102,428,4
d04-117,d04-117,197,data/raw/IAM/images/formsA-D/d04-117.png,2479,3542,-30.0,5.898541165946145,0.370565836673562,0.46507697788964014,41.9375,125.9625,0.03252960217833576,-6.5,0.27956096028776106,345,8,80,344,2
d04-121,d04-121,197,data/raw/IAM/images/formsA-D/d04-121.png,2479,3542,-30.0,3.666783361330365,0.2919339074004082,0.4743276503705648,41.626666666666665,123.42666666666666,0.03607731476040083,-6.428571428571429,0.2403047257038172,335,7,75,340,3
d04-125,d04-125,198,data/raw/IAM/images/formsA-D/d04-125.png,2479,3542,-63.0,9.298217711223733,0.4321690834944823,0.5046031485218443,57.17948717948718,99.35897435897436,0.05793408391486006,-13.333333333333334,0.21604606873912519,250,6,78,241,1
d04-131,d04-131,198,data/raw/IAM/images/formsA-D/d04-131.png,2479,3542,0.0,8.370353837100675,0.37845028513755036,0.4759134157081332,63.78481012658228,104.54430379746836,0.05382227266966576,-14.428571428571429,0.246222532400339,243,7,79,239,1
d05-008,d05-008,199,data/raw/IAM/images/formsA-D/d05-008.png,2479,3542,-159.0,7.193933551188273,0.31322211422023294,0.4907541865949843,65.95522388059702,158.86567164179104,0.055362929880850655,22.0,0.282545032707265,194,8,67,189,0
d05-013,d05-013,200,data/raw/IAM/images/formsA-D/d05-013.png,2479,3542,63.0,11.212744085309673,0.3591413735040603,0.7848803867652524,81.5632183908046,105.20689655172414,0.0425358809408967,-0.5555555555555556,0.32489376032529826,278,9,87,263,6
d05-021,d05-021,199,data/raw/IAM/images/formsA-D/d05-021.png,2479,3542,-159.0,11.37859728166406,0.34557776146255664,0.5497367240629653,60.30232558139535,159.5,0.07203629458700966,17.444444444444443,0.33329054970846017,181,9,86,170,4
d05-025,d05-025,199,data/raw/IAM/images/formsA-D/d05-025.png,2479,3542,-191.0,9.486187703584102,0.25914948247271663,0.4910258798396847,74.91891891891892,185.06756756756758,0.0570308828804386,22.2,0.3727466563287459,167,10,74,152,0
d05-030,d05-030,199,data/raw/IAM/images/formsA-D/d05-030.png,2479,3542,-127.0,6.589991479322353,0.300246248912689,0.5536758018865015,62.61538461538461,169.21794871794873,0.05311163282264766,21.88888888888889,0.35291080878361863,220,9,78,204,0
d05-040,d05-040,201,data/raw/IAM/images/formsA-D/d05-040.png,2479,3542,-159.0,9.667635489723553,0.34902796570607003,0.6016560664213558,74.58730158730158,122.25396825396825,0.057115893564204094,12.666666666666666,0.2164969481646964,125,6,63,121,1
d06-000,d06-000,202,data/raw/IAM/images/formsA-D/d06-000.png,2479,3542,255.0,5.270844067300371,0.3307076494386644,0.3730573021442108,54.23456790123457,159.8641975308642,0.04870026905739304,-5.0,0.36199092136794925,314,10,81,314,0
d06-003,d06-003,203,data/raw/IAM/images/formsA-D/d06-003.png,2479,3542,191.0,11.870853725625667,0.2883635321705763,0.5885672510014683,68.78571428571429,87.33333333333333,0.05970503987656281,23.571428571428573,0.2395892863121935,240,7,84,230,0
d06-008,d06-008,173,data/raw/IAM/images/formsA-D/d06-008.png,2479,3542,222.0,7.824568028998366,0.3282492814046959,0.40012590254359826,68.15584415584415,175.03896103896105,0.07722586124115617,30.6,0.39493974114350494,203,10,77,200,0
d06-011,d06-011,204,data/raw/IAM/images/formsA-D/d06-011.png,2479,3542,127.0,18.857180100791048,0.39248429335595547,0.6811136247784098,95.71830985915493,209.49295774647888,0.07416043241871591,33.6,0.38776860580883943,172,10,71,136,0
d06-015,d06-015,174,data/raw/IAM/images/formsA-D/d06-015.png,2479,3542,159.0,7.851210765837146,0.31519360368526966,0.5388271923716131,72.63076923076923,107.67692307692307,0.05218765410656188,12.333333333333334,0.22031911649043381,154,6,65,149,0
d06-020,d06-020,173,data/raw/IAM/images/formsA-D/d06-020.png,2479,3542,191.0,8.963842285878531,0.3384113562468334,0.3696833144547247,67.1951219512195,164.3658536585366,0.08071930773391023,31.0,0.379039379688309,223,10,82,216,0
d06-025,d06-025,205,data/raw/IAM/images/formsA-D/d06-025.png,2479,3542,127.0,16.946250126742232,0.5156131320551449,0.5391046714873668,97.04615384615384,173.92307692307693,0.06972458281814554,29.25,0.2959435201485818,170,8,65,171,3
d06-027,d06-027,206,data/raw/IAM/images/formsA-D/d06-027.png,2479,3542,63.0,7.647609233934662,0.43814439529069776,0.5392213137403199,66.85714285714286,164.02857142857144,0.05179644051891869,35.25,0.3222261804351357,201,8,70,181,1
d06-030,d06-030,174,data/raw/IAM/images/formsA-D/d06-030.png,2479,3542,127.0,12.505344573044917,0.4419960152114219,0.6153573522257013,77.15873015873017,118.22222222222223,0.054386792476832944,15.0,0.22380918974040323,163,6,63,150,1
d06-037,d06-037,207,data/raw/IAM/images/formsA-D/d06-037.png,2479,3542,63.0,10.888157354183841,0.2690499284045025,0.4374885847932521,86.41538461538461,207.0,0.08716890970051679,-16.75,0.29667091769622594,180,8,65,174,0
d06-041,d06-041,208,data/raw/IAM/images/formsA-D/d06-041.png,2479,3542,159.0,4.344222326288953,0.4148963342326798,0.5427077758051462,81.10606060606061,198.25757575757575,0.07965928693793985,45.0,0.28619454803750716,301,8,66,300,0
d06-046,d06-046,173,data/raw/IAM/images/formsA-D/d06-046.png,2479,3542,159.0,9.013080571577442,0.4156300254741504,0.4299412612861891,67.40229885057471,164.26436781609195,0.0869290668052278,31.4,0.37874418406540405,241,10,87,238,2
d06-050,d06-050,174,data/raw/IAM/images/formsA-D/d06-050.png,2479,3542,222.0,10.427798722233169,0.3374647712779005,0.5773350690907036,77.3974358974359,114.12820512820512,0.05673002448810208,14.428571428571429,0.254673190429193,195,7,78,186,0
d06-056,d06-056,206,data/raw/IAM/images/formsA-D/d06-056.png,2479,3542,63.0,7.649310675367648,0.3584743069262647,0.579474235829512,70.46666666666667,179.6,0.05299769452156233,35.666666666666664,0.3580404021675923,228,9,75,213,2
d06-060,d06-060,208,data/raw/IAM/images/formsA-D/d06-060.png,2479,3542,95.0,4.7321284052306885,0.4015546778560383,0.5298210312245741,94.25,223.78947368421052,0.08154910477798535,45.0,0.38203814355663807,396,10,76,388,0
d06-063,d06-063,173,data/raw/IAM/images/formsA-D/d06-063.png,2479,3542,127.0,9.760848255992954,0.4486345806222479,0.4253908572702475,67.56989247311827,261.97849462365593,0.08791276229790161,31.363636363636363,0.41383761370782784,255,11,93,239,1
d06-067,d06-067,205,data/raw/IAM/images/formsA-D/d06-067.png,2479,3542,95.0,16.297905692664415,0.37700351392040893,0.6174541483525172,99.24657534246575,194.3013698630137,0.05944176524063179,26.6,0.41742711048356734,210,10,73,209,3
d06-072,d06-072,207,data/raw/IAM/images/formsA-D/d06-072.png,2479,3542,30.0,10.963745893307895,0.3581719292567579,0.4875369393303017,88.0421052631579,220.0842105263158,0.08721420010335545,-16.272727272727273,0.4182805811618271,274,11,95,241,3
d06-076,d06-076,203,data/raw/IAM/images/formsA-D/d06-076.png,2479,3542,95.0,14.801057685912246,0.29626901674302936,0.6466215013706509,68.01369863013699,84.97260273972603,0.05630957314546208,22.0,0.21105393720578666,223,6,73,208,1
d06-082,d06-082,174,data/raw/IAM/images/formsA-D/d06-082.png,2479,3542,159.0,8.961424391861588,0.263668026032992,0.5453238660478904,66.36507936507937,108.9047619047619,0.05152247539393554,18.0,0.21487439722352117,144,6,63,132,1
d06-086,d06-086,208,data/raw/IAM/images/formsA-D/d06-086.png,2479,3542,95.0,4.152038581309225,0.7322099158958907,0.5232149052126288,96.5360824742268,213.18556701030928,0.08789355351417498,45.0,0.44038836446364027,440,11,97,438,0
d06-091,d06-091,202,data/raw/IAM/images/formsA-D/d06-091.png,2479,3542,127.0,4.750629998050945,0.277482671600904,0.3233815076411912,52.233333333333334,161.4111111111111,0.04572966332553829,-5.545454545454546,0.41346861917919675,340,11,90,338,1
d06-096,d06-096,206,data/raw/IAM/images/formsA-D/d06-096.png,2479,3542,95.0,12.77753344489303,0.366843536277048,0.5409256434911168,76.7,167.2375,0.07551339365000431,34.111111111111114,0.2693263731550558,254,9,80,227,1
d06-100,d06-100,207,data/raw/IAM/images/formsA-D/d06-100.png,2479,3542,63.0,7.272864319011972,0.459600812257502,0.4687845283290532,86.72058823529412,179.3235294117647,0.0781000706001534,-22.0,0.3060106930970007,180,8,68,162,1
d06-104,d06-104,205,data/raw/IAM/images/formsA-D/d06-104.png,2479,3542,30.0,10.45602190912969,0.33333162179386416,0.5722861497718609,110.04166666666667,211.36111111111111,0.06842564386215474,25.90909090909091,0.4138581134038629,221,11,72,211,0
d06-107,d06-107,204,data/raw/IAM/images/formsA-D/d06-107.png,2479,3542,127.0,21.316536778835303,0.3600049557914527,0.5584352489249841,102.28571428571429,213.2077922077922,0.07286189792002606,37.36363636363637,0.44332790698786806,172,11,77,132,3
d06-111,d06-111,203,data/raw/IAM/images/formsA-D/d06-111.png,2479,3542,127.0,12.99339382267384,0.22573334670436299,0.6080519661571433,75.35365853658537,88.96341463414635,0.05594163834524786,21.857142857142858,0.2526678646081631,242,7,82,230,2
d06-113,d06-113,208,data/raw/IAM/images/formsA-D/d06-113.png,2479,3542,63.0,6.937938828613236,0.4908024419417526,0.4892184041118446,79.77777777777777,177.0,0.08105469139993211,45.0,0.17110754618866234,168,5,45,163,2
d07-082,d07-082,209,data/raw/IAM/images/formsA-D/d07-082.png,2479,3542,-95.0,11.377392664885905,0.23034243594549508,0.5227841275181938,83.61428571428571,174.9857142857143,0.05884285390823373,3.888888888888889,0.3380044548117228,164,9,70,160,0
d07-085,d07-085,209,data/raw/IAM/images/formsA-D/d07-085.png,2479,3542,-63.0,15.368858058931389,0.2478528134556854,0.5565391747777491,85.39393939393939,172.8030303030303,0.06366203233617121,5.0,0.2916195648187861,141,8,66,135,0
d07-089,d07-089,209,data/raw/IAM/images/formsA-D/d07-089.png,2479,3542,-63.0,13.653610403514984,0.3023961837884856,0.5715701549312836,92.31182795698925,175.19354838709677,0.0648712247788933,6.636363636363637,0.42376755258001203,201,11,93,194,1
d07-093,d07-093,209,data/raw/IAM/images/formsA-D/d07-093.png,2479,3542,-63.0,11.406407673786227,0.28730782017171613,0.5521480383140766,84.31884057971014,186.68115942028984,0.06036503422743416,4.333333333333333,0.3250004726318808,167,9,69,161,1
d07-096,d07-096,209,data/raw/IAM/images/formsA-D/d07-096.png,2479,3542,-30.0,12.043901052650341,0.3203412868277519,0.5628986984494477,78.59550561797752,160.57303370786516,0.05997888842476038,6.0,0.3631603151395494,209,10,89,191,4
d07-100,d07-100,209,data/raw/IAM/images/formsA-D/d07-100.png,2479,3542,-30.0,8.335155391780914,0.23178784673161285,0.563046741867067,82.07894736842105,176.56578947368422,0.05747618728251935,6.4,0.3650933225884556,183,10,76,173,1
d07-102,d07-102,209,data/raw/IAM/images/formsA-D/d07-102.png,2479,3542,0.0,13.182703951038803,0.41024825295084116,0.6047931077827848,79.75675675675676,157.78378378378378,0.06149826225347377,9.5,0.296687317453054,169,8,74,166,1
e01-014,e01-014,210,data/raw/IAM/images/formsE-H/e01-014.png,2479,3542,95.0,11.80049207629135,0.23893306677320705,0.4845092068447265,67.68181818181819,116.96969696969697,0.042546776778247294,-1.5714285714285714,0.23722453248734884,210,7,66,193,0
e01-018,e01-018,210,data/raw/IAM/images/formsE-H/e01-018.png,2479,3542,127.0,9.542134651621916,0.29926405886947977,0.5116724152516,67.2875,142.1375,0.04582679777992278,-0.7777777777777778,0.31714943071205237,303,9,80,284,1
e01-022,e01-022,211,data/raw/IAM/images/formsE-H/e01-022.png,2479,3542,127.0,11.588735656373643,0.3169283206637635,0.5258261978235487,87.375,189.77083333333334,0.06770199610498796,20.714285714285715,0.25683750278169487,116,7,48,113,0
e01-025,e01-025,211,data/raw/IAM/images/formsE-H/e01-025.png,2479,3542,63.0,17.87645754268125,0.29213220236241605,0.5875059932652674,92.69135802469135,170.79012345679013,0.07143109237765834,20.454545454545453,0.4065868712202262,174,11,81,174,0
e01-029,e01-029,212,data/raw/IAM/images/formsE-H/e01-029.png,2479,3542,95.0,8.943482529577109,0.318546398475293,0.6699557130905769,58.955882352941174,170.44117647058823,0.04126374621611744,4.555555555555555,0.31877517049483306,175,9,68,177,0
e01-032,e01-032,212,data/raw/IAM/images/formsE-H/e01-032.png,2479,3542,95.0,6.4659207764660644,0.2914548948946794,0.6265070008761957,55.30337078651685,162.8876404494382,0.040019481656597494,7.7272727272727275,0.41622582829591265,228,11,89,221,0
e01-035,e01-035,212,data/raw/IAM/images/formsE-H/e01-035.png,2479,3542,127.0,10.096602202651189,0.2959302350774938,0.5928121214744199,57.453125,156.5,0.040013185122786454,1.25,0.27985672534666695,152,8,64,145,1
e01-050,e01-050,213,data/raw/IAM/images/formsE-H/e01-050.png,2479,3542,127.0,5.647773824525557,0.2677297983561877,0.6244795575969572,66.75409836065573,147.37704918032787,0.03926437115445933,10.0,0.2886020095624249,246,8,61,249,0
e01-055,e01-055,181,data/raw/IAM/images/formsE-H/e01-055.png,2479,3542,191.0,12.378311740285529,0.3803628225805971,0.5659651268385191,83.48148148148148,185.08641975308643,0.08849878979045457,17.0,0.372468999334671,192,10,81,187,0
e01-059,e01-059,213,data/raw/IAM/images/formsE-H/e01-059.png,2479,3542,63.0,9.84887527435018,0.2853527818971315,0.571803282260144,61.96774193548387,136.91935483870967,0.041130122293828106,8.714285714285714,0.2468767004782579,229,7,62,228,0
e01-062,e01-062,213,data/raw/IAM/images/formsE-H/e01-062.png,2479,3542,63.0,6.146646197818656,0.31516552634815004,0.5517718066713915,62.07462686567164,138.49253731343285,0.0401384341639999,5.5,0.27125448345435366,260,8,67,260,0
e01-081,e01-081,214,data/raw/IAM/images/formsE-H/e01-081.png,2471,3531,0.0,6.547216592106508,0.36720963874659246,0.6735200397577176,59.950819672131146,111.9672131147541,0.040652871501372735,7.0,0.19883540603140296,238,6,61,230,1
e01-086,e01-086,214,data/raw/IAM/images/formsE-H/e01-086.png,2471,3531,32.0,9.723702999195424,0.4422474768295722,0.7064814564791126,59.87341772151899,97.9746835443038,0.040460690649456316,6.142857142857143,0.23721925969682184,234,7,79,231,4
e01-092,e01-092,215,data/raw/IAM/images/formsE-H/e01-092.png,2479,3542,95.0,9.061195547759123,0.2855212904244517,0.4168157321340018,63.01428571428571,153.5857142857143,0.06296184824649276,0.5,0.27887797874819287,222,8,70,228,0
e01-102,e01-102,215,data/raw/IAM/images/formsE-H/e01-102.png,2479,3542,159.0,8.967360401905433,0.31347686482099735,0.3935481914238124,61.625,152.85,0.06563936454788638,-2.3333333333333335,0.31292216561522207,266,9,80,266,0
e01-107,e01-107,216,data/raw/IAM/images/formsE-H/e01-107.png,2479,3542,191.0,8.169033539522065,0.26154112190571366,0.531269036993579,65.3855421686747,150.65060240963857,0.052029430141463336,11.8,0.3412188071500207,229,10,83,229,0
e01-113,e01-113,216,data/raw/IAM/images/formsE-H/e01-113.png,2479,3542,127.0,7.235538238324169,0.3543397241977022,0.4513166613185045,68.86153846153846,139.35384615384615,0.05025387795815056,11.5,0.26762899832335263,160,8,65,156,0
e01-119,e01-119,217,data/raw/IAM/images/formsE-H/e01-119.png,2479,3542,63.0,10.767187897229983,0.4739261626215074,0.49976434169726786,69.89873417721519,107.32911392405063,0.04887703807812845,1.75,0.2813403339036045,180,8,79,180,0
e02-000,e02-000,218,data/raw/IAM/images/formsE-H/e02-000.png,2479,3542,-95.0,10.994150751648839,0.3484956960005545,0.5465449581337082,89.4375,159.796875,0.0571869336756006,18.0,0.2851833435869776,179,8,64,162,1
e02-014,e02-014,219,data/raw/IAM/images/formsE-H/e02-014.png,2479,3542,-127.0,10.626189456307648,0.28574124358448266,0.5604275463213491,65.7,159.08333333333334,0.04977112787103866,-6.142857142857143,0.25278175180835794,161,7,60,162,2
e02-018,e02-018,220,data/raw/IAM/images/formsE-H/e02-018.png,2479,3542,-95.0,7.154862487773923,0.18308985199355485,0.43748975913495497,76.35087719298245,173.10526315789474,0.05597462093319225,-1.0,0.2760676981961862,118,7,57,118,0
e02-021,e02-021,221,data/raw/IAM/images/formsE-H/e02-021.png,2479,3542,-95.0,18.917626846875557,0.4538852616128675,0.7308288444397216,112.1,184.2875,0.04863529297837375,32.333333333333336,0.399859098755919,248,9,80,253,6
e02-025,e02-025,222,data/raw/IAM/images/formsE-H/e02-025.png,2479,3542,-127.0,13.05794130067876,0.28860025022685076,0.5873423214534359,79.66666666666667,223.02777777777777,0.046008207576475973,-4.2727272727272725,0.43187233518187446,175,11,72,165,1
e02-074,e02-074,223,data/raw/IAM/images/formsE-H/e02-074.png,2479,3542,-95.0,7.241189507402109,0.31413566577845303,0.5150291062840633,55.74444444444445,156.86666666666667,0.034092707159770426,5.181818181818182,0.407382487200787,303,11,90,290,2
e02-082,e02-082,224,data/raw/IAM/images/formsE-H/e02-082.png,2479,3542,-127.0,16.934483947869403,0.38196067044311427,0.756353413117076,100.68571428571428,157.04285714285714,0.05096573233395737,-1.8888888888888888,0.34511135776547847,155,9,70,164,4
e02-086,e02-086,225,data/raw/IAM/images/formsE-H/e02-086.png,2479,3542,-95.0,4.040099670515881,0.3981142069336714,0.3782152665057653,49.75728155339806,97.7378640776699,0.04183666452736774,18.0,0.33786961236669216,413,10,103,404,0
e02-091,e02-091,226,data/raw/IAM/images/formsE-H/e02-091.png,2479,3542,-63.0,11.8232541074037,0.3597330004285484,0.5454423396406677,69.11666666666666,204.76666666666668,0.050266588090078466,26.11111111111111,0.3435992774084922,140,9,60,137,2
e02-094,e02-094,227,data/raw/IAM/images/formsE-H/e02-094.png,2479,3542,-95.0,10.7703532036027,0.30724938903437,0.4430138596208356,60.05263157894737,155.02631578947367,0.047207615354211044,20.6,0.37918561085335906,216,10,76,212,0
e02-100,e02-100,228,data/raw/IAM/images/formsE-H/e02-100.png,2479,3542,-159.0,4.653244673367252,0.395515439621071,0.4330815690365974,54.08571428571429,116.85714285714286,0.04718048926332874,24.428571428571427,0.2346443040797356,245,7,70,241,1
e02-117,e02-117,229,data/raw/IAM/images/formsE-H/e02-117.png,2479,3542,-63.0,7.517557652378752,0.2493574123231989,0.48862628205305364,69.52702702702703,163.02702702702703,0.060141481247321514,-0.1111111111111111,0.3382938421874178,227,9,74,223,1
e04-000,e04-000,158,data/raw/IAM/images/formsE-H/e04-000.png,2479,3542,-30.0,7.73426689063288,0.3511941622985859,0.5322569771866732,60.84375,140.546875,0.03294177649556225,-4.0,0.28091006806126856,335,8,64,326,0
e04-004,e04-004,230,data/raw/IAM/images/formsE-H/e04-004.png,2479,3542,0.0,7.167501973406806,0.373342889071958,0.47728706337396937,75.8,114.5125,0.07260832958348568,10.142857142857142,0.25916717934887956,255,7,80,254,0
e04-008,e04-008,230,data/raw/IAM/images/formsE-H/e04-008.png,2479,3542,30.0,6.358835193905828,0.4378309876694395,0.47543231763847166,67.12280701754386,106.87719298245614,0.059883495918872744,10.2,0.18303426934186182,168,5,57,166,2
e04-011,e04-011,231,data/raw/IAM/images/formsE-H/e04-011.png,2479,3542,-30.0,4.023190206977002,0.28355126393637875,0.48880777526407787,87.79166666666667,148.54166666666666,0.042074677818003475,-0.3333333333333333,0.35295693309969756,303,9,72,305,0
e04-015,e04-015,231,data/raw/IAM/images/formsE-H/e04-015.png,2479,3542,-30.0,4.432871839262063,0.3276582736981581,0.4572953266342326,78.76811594202898,142.71014492753622,0.03890970680318129,-0.5,0.3222203721879257,296,8,69,296,1
e04-019,e04-019,232,data/raw/IAM/images/formsE-H/e04-019.png,2479,3542,0.0,3.988735468098687,0.21731165479555947,0.6332551972025512,93.91935483870968,159.91935483870967,0.045706479800587355,-4.777777777777778,0.3282301997422049,226,9,62,214,1
e04-022,e04-022,232,data/raw/IAM/images/formsE-H/e04-022.png,2479,3542,-30.0,6.389878539795021,0.3109200695496049,0.631096782819805,83.4090909090909,127.6969696969697,0.04429454210485914,-3.0,0.2967217113875128,215,8,66,211,2
e04-026,e04-026,233,data/raw/IAM/images/formsE-H/e04-026.png,2479,3542,0.0,3.8418903012706394,0.3278134085281024,0.5586254351837208,74.57534246575342,118.23287671232876,0.05025835912169646,18.428571428571427,0.2714505972130891,249,7,73,245,3
e04-030,e04-030,233,data/raw/IAM/images/formsE-H/e04-030.png,2479,3542,0.0,5.176905487972715,0.3493337007865854,0.5301076328797067,71.27536231884058,123.55072463768116,0.051987347852940624,16.714285714285715,0.2555681160483237,259,7,69,249,1
e04-034,e04-034,234,data/raw/IAM/images/formsE-H/e04-034.png,2479,3542,30.0,7.707701312377186,0.44625148638353096,0.4874397146797249,76.144578313253,144.0843373493976,0.059608339313366315,34.25,0.2894775743575224,303,8,83,283,3
e04-038,e04-038,234,data/raw/IAM/images/formsE-H/e04-038.png,2479,3542,30.0,7.748471857541804,0.419721322222742,0.5394140301862488,72.44444444444444,158.11111111111111,0.052955168725852875,31.285714285714285,0.25801589364211036,255,7,63,247,1
e04-043,e04-043,235,data/raw/IAM/images/formsE-H/e04-043.png,2479,3542,-63.0,3.626489212542196,0.42904647632958604,0.42646418361380733,73.15625,188.78125,0.06921615216995829,34.75,0.28672309853361116,265,8,64,257,0
e04-052,e04-052,235,data/raw/IAM/images/formsE-H/e04-052.png,2479,3542,-30.0,4.783598657347818,0.5157373832106603,0.4448705389446201,67.19565217391305,134.1304347826087,0.06673423008414717,26.0,0.3152135760831413,295,8,92,280,3
e04-058,e04-058,236,data/raw/IAM/images/formsE-H/e04-058.png,2479,3542,-30.0,4.1088104462654105,0.29971945678908,0.6327805802990029,72.6,97.62857142857143,0.045718067710486525,3.2857142857142856,0.23470921978384665,258,7,70,260,0
e04-062,e04-062,237,data/raw/IAM/images/formsE-H/e04-062.png,2479,3542,-30.0,4.825809291861469,0.34475640327273915,0.4042163194720415,55.793103448275865,171.11494252873564,0.05193150744129432,-19.88888888888889,0.37949675068429123,320,9,87,322,5
e04-068,e04-068,237,data/raw/IAM/images/formsE-H/e04-068.png,2479,3542,0.0,4.873851730459502,0.32237653108682646,0.46287843391382494,56.52564102564103,138.46153846153845,0.05341762920874548,-15.571428571428571,0.26361515783968736,297,7,78,301,3
e04-079,e04-079,238,data/raw/IAM/images/formsE-H/e04-079.png,2479,3542,63.0,14.345828338636434,0.27870345732670965,0.5907379520841445,82.31147540983606,146.85245901639345,0.04199051722991395,2.4,0.3425225878178506,115,10,61,114,2
e04-083,e04-083,239,data/raw/IAM/images/formsE-H/e04-083.png,2479,3542,30.0,18.701742299807062,0.2917699264998977,0.6044326876050716,62.806451612903224,130.06451612903226,0.04408324244004995,24.142857142857142,0.23054778148872893,118,7,62,106,0
e04-086,e04-086,240,data/raw/IAM/images/formsE-H/e04-086.png,2479,3542,0.0,9.873295564463676,0.3321080795871499,0.5414253434088033,63.869565217391305,126.46376811594203,0.04257173358896708,5.857142857142857,0.24045619568007628,181,7,69,184,3
e04-091,e04-091,241,data/raw/IAM/images/formsE-H/e04-091.png,2479,3542,0.0,6.61138300859514,0.2994170623448131,0.5864235863010072,61.018181818181816,126.6,0.04827379797699875,0.3333333333333333,0.20548098095145467,161,6,55,162,1
e04-095,e04-095,241,data/raw/IAM/images/formsE-H/e04-095.png,2479,3542,0.0,7.227668613493103,0.28307968751328405,0.5896018829991367,67.640625,136.34375,0.05086375031650695,-3.2857142857142856,0.24962878467096508,205,7,64,196,0
e04-099,e04-099,241,data/raw/IAM/images/formsE-H/e04-099.png,2479,3542,30.0,11.940933805944125,0.3481025208894469,0.6321381545924336,75.02857142857142,122.21428571428571,0.05374902063684475,-0.42857142857142855,0.24652843342006223,192,7,70,190,0
e04-103,e04-103,242,data/raw/IAM/images/formsE-H/e04-103.png,2479,3542,30.0,21.809443177357657,0.3712228664698838,0.9347235123340111,85.23287671232876,137.46575342465752,0.06853316264523343,5.857142857142857,0.2530113484039506,218,7,73,246,1
e04-109,e04-109,242,data/raw/IAM/images/formsE-H/e04-109.png,2479,3542,63.0,23.392237460283276,0.3237708813851143,1.0476900586928288,98.95522388059702,138.5820895522388,0.06542364472603222,11.0,0.2502175814959722,253,7,67,300,1
e04-114,e04-114,242,data/raw/IAM/images/formsE-H/e04-114.png,2479,3542,0.0,20.273501437288726,0.32434642472578584,1.1137827632945583,98.9753086419753,142.3827160493827,0.06593440063228306,16.5,0.29539777268524836,362,8,81,430,1
e04-119,e04-119,243,data/raw/IAM/images/formsE-H/e04-119.png,2479,3542,0.0,11.23387176725673,0.4550145051843442,0.6058327652551739,83.65079365079364,113.0952380952381,0.05526110094453426,22.333333333333332,0.22205088525659583,206,6,63,187,2
e04-124,e04-124,243,data/raw/IAM/images/formsE-H/e04-124.png,2479,3542,30.0,6.666136228863861,0.4286713414268526,0.5913441989220386,77.5,114.70270270270271,0.052109700419146934,22.428571428571427,0.2617672241293267,243,7,74,236,3
e04-127,e04-127,243,data/raw/IAM/images/formsE-H/e04-127.png,2479,3542,30.0,12.20823477383974,0.40888820517044294,0.6868389713243683,83.6029411764706,139.7058823529412,0.057239080592309886,25.285714285714285,0.26271875168695413,268,7,68,270,2
e04-132,e04-132,241,data/raw/IAM/images/formsE-H/e04-132.png,2479,3542,0.0,8.548674984503439,0.20775283223643104,0.6163015647013382,72.08108108108108,138.9189189189189,0.04613061323450462,-3.4,0.16440471502119783,117,5,37,116,0
e06-000,e06-000,206,data/raw/IAM/images/formsE-H/e06-000.png,2479,3542,95.0,6.587440131399982,0.28907468415895904,0.5536737990386006,76.10169491525424,183.5593220338983,0.05401152103283174,35.25,0.2983735313391381,207,8,59,190,1
e06-003,e06-003,204,data/raw/IAM/images/formsE-H/e06-003.png,2479,3542,159.0,15.249164008754724,0.49600679521654417,0.5141779384145031,105.82666666666667,230.69333333333333,0.08191475176674519,33.72727272727273,0.4330368318038662,153,11,75,135,5
e06-006,e06-006,202,data/raw/IAM/images/formsE-H/e06-006.png,2479,3542,159.0,4.976594255330635,0.24077664754890613,0.3679987159575909,60.666666666666664,175.94871794871796,0.048063445641300315,-5.181818181818182,0.4018726244553629,312,11,78,306,0
e06-010,e06-010,203,data/raw/IAM/images/formsE-H/e06-010.png,2479,3542,63.0,10.068402361533193,0.2406310737959089,0.6417494718957562,79.4320987654321,109.01234567901234,0.058780943539846704,22.5,0.2875654082662519,313,8,81,303,0
e06-015,e06-015,204,data/raw/IAM/images/formsE-H/e06-015.png,2479,3542,127.0,20.67248217920399,0.388704896791347,0.5231794224021152,98.72307692307692,232.3846153846154,0.07090274200981322,36.6,0.40331375308662787,131,10,65,110,2
e06-021,e06-021,206,data/raw/IAM/images/formsE-H/e06-021.png,2479,3542,127.0,9.613961305728834,0.321839956122868,0.5671549581397449,78.96428571428571,199.1904761904762,0.0566546708262053,36.63636363636363,0.4335859958832055,289,11,84,261,0
e06-026,e06-026,205,data/raw/IAM/images/formsE-H/e06-026.png,2479,3542,127.0,9.719468720100544,0.37287938839403817,0.5454351742430626,114.56140350877193,246.6315789473684,0.06641227766227767,28.6,0.394414151714606,189,10,57,193,1
e06-030,e06-030,204,data/raw/IAM/images/formsE-H/e06-030.png,2479,3542,95.0,25.331210150747744,0.4611612085105845,0.5564980341935909,100.26190476190476,207.35714285714286,0.07566524016190578,38.63636363636363,0.4518747997008867,177,11,84,141,4
e06-033,e06-033,207,data/raw/IAM/images/formsE-H/e06-033.png,2479,3542,127.0,14.612668635425688,0.43928130223112427,0.45385042514701013,88.125,174.29166666666666,0.08683825693265422,-19.6,0.3773225301453725,251,10,96,243,1
e06-037,e06-037,202,data/raw/IAM/images/formsE-H/e06-037.png,2479,3542,159.0,5.233599390711782,0.3654345229990355,0.3974471701867789,57.107142857142854,174.4047619047619,0.04876840852464851,-5.181818181818182,0.4095565938525056,351,11,84,349,0
e06-041,e06-041,202,data/raw/IAM/images/formsE-H/e06-041.png,2479,3542,159.0,3.557263553836114,0.2942393759288606,0.3955937667566177,57.84507042253521,178.91549295774647,0.048767947770082046,-4.2,0.359066867502948,299,10,71,298,0
e06-046,e06-046,203,data/raw/IAM/images/formsE-H/e06-046.png,2479,3542,30.0,12.89400120920969,0.2510501599978698,0.6308247240439653,75.48648648648648,88.13513513513513,0.05679519688482952,22.0,0.2166626540409798,234,6,74,222,3
e06-049,e06-049,205,data/raw/IAM/images/formsE-H/e06-049.png,2479,3542,63.0,11.8849861582625,0.4035422042622986,0.5203683900081877,96.64864864864865,197.1891891891892,0.06367686925303147,29.0,0.3979236996758087,205,10,74,202,3
e06-053,e06-053,208,data/raw/IAM/images/formsE-H/e06-053.png,2479,3542,159.0,4.908172169802484,0.40680064839232466,0.5018980118651891,96.38888888888889,221.63888888888889,0.08679434610726969,45.0,0.3484361806879652,342,9,72,339,0
e06-070,e06-070,207,data/raw/IAM/images/formsE-H/e06-070.png,2479,3542,95.0,8.853957427079843,0.4208123546501482,0.4642355785976876,84.60240963855422,210.78313253012047,0.08028936209333594,-23.4,0.39641401095002654,233,10,83,217,2
e07-000,e07-000,085,data/raw/IAM/images/formsE-H/e07-000.png,2479,3542,95.0,5.578268376798325,0.3062356636491849,0.6490283218913082,44.114754098360656,123.65573770491804,0.028469686470017873,3.5714285714285716,0.24536621454207438,244,7,61,243,1
e07-003,e07-003,244,data/raw/IAM/images/formsE-H/e07-003.png,2479,3542,63.0,6.332089493077056,0.30360591518378255,0.45386292965839364,68.3076923076923,177.21794871794873,0.057718553478245005,-0.4,0.374511224608564,305,10,78,271,3
e07-007,e07-007,245,data/raw/IAM/images/formsE-H/e07-007.png,2479,3542,30.0,26.279646228270554,0.38050631080839004,0.6773586638505551,82.84285714285714,156.3,0.07430462459762549,18.25,0.28374540379731816,112,8,70,105,0
e07-012,e07-012,246,data/raw/IAM/images/formsE-H/e07-012.png,2479,3542,286.0,6.2128392769705245,0.24613410343443973,0.5912280840003162,69.26190476190476,173.47619047619048,0.09469601276953507,22.666666666666668,0.42060422170740147,2404,12,84,389,2
e07-061,e07-061,246,data/raw/IAM/images/formsE-H/e07-061.png,2479,3542,190.0,5.639235287867556,0.32317764404676236,0.5793103914176625,64.24444444444444,158.62222222222223,0.08080529493238113,22.818181818181817,0.3960012837365206,1440,11,90,370,0
e07-066,e07-066,246,data/raw/IAM/images/formsE-H/e07-066.png,2479,3542,222.0,5.60338151047509,0.273265094511735,0.579881355148064,65.13636363636364,176.22727272727272,0.08658867440977934,26.555555555555557,0.3139120731593152,1673,9,66,297,0
e07-072,e07-072,246,data/raw/IAM/images/formsE-H/e07-072.png,2479,3542,286.0,5.619404388985605,0.3312692336495798,0.5321613158199463,62.1978021978022,175.2967032967033,0.07952504069711769,27.166666666666668,0.41626341107197695,1440,12,91,384,1
e07-076,e07-076,247,data/raw/IAM/images/formsE-H/e07-076.png,2479,3542,285.0,15.166692783674364,0.2867140312583385,0.7046672998855662,63.49367088607595,180.9240506329114,0.08716699695447251,35.0,0.3575700480307878,638,10,79,123,1
e07-079,e07-079,247,data/raw/IAM/images/formsE-H/e07-079.png,2479,3542,254.0,15.544984315585312,0.2729120875862418,0.7329300630371369,69.9342105263158,203.26315789473685,0.10585087766825942,34.27272727272727,0.38886158126910886,1354,11,76,127,2
e07-083,e07-083,247,data/raw/IAM/images/formsE-H/e07-083.png,2479,3542,285.0,18.532186027834936,0.2459487860987256,0.7321619065786438,67.7710843373494,193.81927710843374,0.12557413713585333,32.45454545454545,0.39657595854870353,3010,11,83,134,0
e07-086,e07-086,247,data/raw/IAM/images/formsE-H/e07-086.png,2479,3542,286.0,17.415767705939594,0.3103986331122903,0.7483911854657405,65.43835616438356,191.04109589041096,0.11442008760677176,36.0,0.3511250574845643,2286,10,73,114,0
e07-090,e07-090,247,data/raw/IAM/images/formsE-H/e07-090.png,2479,3542,254.0,18.493135234216407,0.291920733198404,0.7250719639199671,70.31506849315069,188.7123287671233,0.09041011817680315,35.0,0.35591435591435594,980,10,73,113,1
e07-094,e07-094,248,data/raw/IAM/images/formsE-H/e07-094.png,2479,3542,222.0,3.826928597402133,0.26470742200931957,0.4649873006484478,55.28947368421053,127.71052631578948,0.07780299151266894,18.333333333333332,0.2935966466141677,1281,9,76,341,2
e07-098,e07-098,248,data/raw/IAM/images/formsE-H/e07-098.png,2479,3542,190.0,4.7737861893277875,0.3289744252988262,0.4397810349643388,48.758620689655174,136.33333333333334,0.08440048430610603,19.0,0.34125752879808685,1826,10,87,378,0
e07-101,e07-101,248,data/raw/IAM/images/formsE-H/e07-101.png,2479,3542,222.0,3.9566826560185144,0.23771759726709912,0.4846939838821319,55.9468085106383,133.32978723404256,0.10835764823518365,16.454545454545453,0.38087455803224785,3033,11,94,410,0
e07-105,e07-105,248,data/raw/IAM/images/formsE-H/e07-105.png,2479,3542,254.0,3.1824622205375364,0.2551884433855591,0.5048819854816626,56.49122807017544,154.73684210526315,0.0753153240741333,12.0,0.26707994813121355,1093,8,57,299,0
e07-108,e07-108,248,data/raw/IAM/images/formsE-H/e07-108.png,2479,3542,254.0,3.975388811047125,0.2056296411669357,0.48138701833847997,58.64705882352941,147.43529411764706,0.1048204654346752,16.272727272727273,0.3766561761370327,2937,11,85,395,1
e07-112,e07-112,249,data/raw/IAM/images/formsE-H/e07-112.png,2479,3542,158.0,13.33468261795221,0.2684383077391394,0.5941338006723678,85.8,193.0888888888889,0.11463577321397227,27.333333333333332,0.22708538282840685,1184,6,45,149,0
f01-053,f01-053,250,data/raw/IAM/images/formsE-H/f01-053.png,2479,3542,-63.0,5.3144925283259825,0.3046453543176573,0.6308564259981679,75.53521126760563,130.4788732394366,0.03169402970385809,4.777777777777778,0.3124474837648102,180,9,71,177,3
f01-058,f01-058,250,data/raw/IAM/images/formsE-H/f01-058.png,2479,3542,-30.0,8.398929009004666,0.26682366813637876,0.5995188303560849,73.39189189189189,155.75675675675674,0.03229687606511864,7.2,0.3675527166766622,221,10,74,220,0
f01-066,f01-066,251,data/raw/IAM/images/formsE-H/f01-066.png,2479,3542,0.0,12.00406071340738,0.41507331046130247,0.4751747461984302,80.63559322033899,121.47457627118644,0.10581456056162801,14.4,0.4101032524134406,297,10,118,284,5
f01-070,f01-070,252,data/raw/IAM/images/formsE-H/f01-070.png,2479,3542,-63.0,22.175087022315385,0.43916631793623395,0.6819437469984901,72.18823529411765,170.38823529411764,0.053893756006690434,24.77777777777778,0.36877313191394956,140,9,85,138,2
f01-075,f01-075,253,data/raw/IAM/images/formsE-H/f01-075.png,2479,3542,0.0,3.58470456163721,0.215293602361177,0.39033868595189664,67.79775280898876,166.13483146067415,0.06923931409741933,7.181818181818182,0.38128739913295395,419,11,89,403,0
f01-081,f01-081,254,data/raw/IAM/images/formsE-H/f01-081.png,2479,3542,-95.0,10.805074928474747,0.39402370177774065,0.6295211054485783,99.93650793650794,143.6031746031746,0.06411177109520166,29.571428571428573,0.2667402226130325,194,7,63,184,5
f01-085,f01-085,254,data/raw/IAM/images/formsE-H/f01-085.png,2479,3542,0.0,9.242118071962105,0.4010890312131187,0.6902951112062042,82.89189189189189,135.97297297297297,0.06331146765826941,34.714285714285715,0.2765014945417282,233,7,74,226,3
f01-135,f01-135,255,data/raw/IAM/images/formsE-H/f01-135.png,2479,3542,30.0,15.863143720045118,0.2542902626971929,0.6064067376921669,116.94736842105263,315.6666666666667,0.054578734729021035,25.545454545454547,0.47286819674879377,145,11,57,143,0
f01-139,f01-139,217,data/raw/IAM/images/formsE-H/f01-139.png,2479,3542,0.0,13.984837226417053,0.3127742642900917,0.583611586184213,67.77631578947368,114.52631578947368,0.050933351761529445,13.25,0.2818103463788084,184,8,76,180,1
f01-143,f01-143,256,data/raw/IAM/images/formsE-H/f01-143.png,2479,3542,-30.0,11.89687255214241,0.32863826273423574,0.48356659890618453,71.68181818181819,150.65151515151516,0.06449754232659749,-1.2857142857142858,0.25023295626799846,209,7,66,201,1
f01-147,f01-147,256,data/raw/IAM/images/formsE-H/f01-147.png,2479,3542,-95.0,11.43341767380378,0.3748454769064883,0.5071675928726818,70.19047619047619,141.61904761904762,0.06173305604284395,-0.3333333333333333,0.3191524787890784,214,9,84,209,0
f02-000,f02-000,257,data/raw/IAM/images/formsE-H/f02-000.png,2479,3542,-63.0,4.373934780157959,0.5552476105105072,0.4614500176911866,65.6056338028169,203.9718309859155,0.05539721773143393,43.22222222222222,0.3244694166173725,327,9,71,311,3
f02-003,f02-003,258,data/raw/IAM/images/formsE-H/f02-003.png,2479,3542,-30.0,3.878946406243992,0.21369296804053886,0.4474795979865083,46.30909090909091,153.1818181818182,0.03480244355382395,6.333333333333333,0.2202842670071742,256,6,55,252,0
f02-017,f02-017,259,data/raw/IAM/images/formsE-H/f02-017.png,2479,3542,-191.0,9.100532232752604,0.398295585733679,0.7292966645433443,77.92405063291139,156.29113924050634,0.05660492911365624,29.666666666666668,0.3477442020595817,186,9,79,183,0
f02-020,f02-020,260,data/raw/IAM/images/formsE-H/f02-020.png,2479,3542,-191.0,9.149606766740632,0.3918696649783279,0.4894037698572512,57.792682926829265,129.28048780487805,0.04270979369248186,31.25,0.30471306233798123,334,8,82,327,0
f02-030,f02-030,261,data/raw/IAM/images/formsE-H/f02-030.png,2479,3542,-255.0,9.505788274107216,0.2657237160995773,0.5279938563463386,63.208955223880594,144.43283582089552,0.055544997149230294,-4.428571428571429,0.23909854636655414,207,7,67,198,2
f02-033,f02-033,259,data/raw/IAM/images/formsE-H/f02-033.png,2479,3542,-127.0,14.17714095283865,0.41038531754605817,0.6203162852167562,90.98850574712644,204.32183908045977,0.05776901410612228,29.833333333333332,0.47493764106353337,280,12,87,276,3
f02-036,f02-036,262,data/raw/IAM/images/formsE-H/f02-036.png,2479,3542,-191.0,11.507601394552573,0.46548385951797133,0.659817231118615,105.8375,159.725,0.06224097189591888,21.666666666666668,0.33447987374009436,304,9,80,288,1
f02-038,f02-038,263,data/raw/IAM/images/formsE-H/f02-038.png,2479,3542,-191.0,17.36047783258918,0.5389327208709973,0.739319926710566,75.14666666666666,223.57333333333332,0.04542268309779801,45.0,0.38911668859754517,162,11,75,137,3
f02-040,f02-040,264,data/raw/IAM/images/formsE-H/f02-040.png,2479,3542,95.0,6.148152911522898,0.32436880943532437,0.5391863725272871,94.2875,191.25,0.07067772042205142,11.6,0.3933972529040667,398,10,80,307,1
f02-044,f02-044,265,data/raw/IAM/images/formsE-H/f02-044.png,2479,3542,127.0,7.813316889986435,0.27655556432908945,0.43219109105025943,92.49565217391304,128.68695652173912,0.07746101402711386,-0.45454545454545453,0.39966150446358106,437,11,115,281,1
f02-076,f02-076,266,data/raw/IAM/images/formsE-H/f02-076.png,2479,3542,-159.0,6.281797242238886,0.26877815343379907,0.5815591729943321,73.63888888888889,185.79166666666666,0.03836286599131036,-0.2,0.40157082337484673,246,10,72,240,0
f03-169,f03-169,267,data/raw/IAM/images/formsE-H/f03-169.png,2479,3542,30.0,12.640924554495227,0.4465002729000033,0.512798445222808,78.20289855072464,130.2608695652174,0.05804747487797069,11.857142857142858,0.2433054256545496,144,7,69,144,0
f03-174,f03-174,268,data/raw/IAM/images/formsE-H/f03-174.png,2479,3542,-63.0,11.92606174045432,0.4044733893210488,0.6158882816823296,71.82608695652173,111.42028985507247,0.04513879542182076,26.666666666666668,0.22423307789952826,183,6,69,186,0
f03-182,f03-182,269,data/raw/IAM/images/formsE-H/f03-182.png,2479,3542,0.0,9.063331091011523,0.44062912564075185,0.7527340691007117,62.70238095238095,113.97619047619048,0.04051922053367863,32.25,0.28672469295441394,362,8,84,326,2
f03-191,f03-191,270,data/raw/IAM/images/formsE-H/f03-191.png,2479,3542,-30.0,9.598846664850592,0.2598105611793691,0.6355287431763593,77.3623188405797,133.0144927536232,0.04022673219054282,-1.0,0.27610334488984717,252,7,69,243,0
f04-004,f04-004,272,data/raw/IAM/images/formsE-H/f04-004.png,2479,3542,30.0,8.542619311614503,0.3654352001296749,0.5564413774780615,111.7536231884058,135.2608695652174,0.06651886827901755,21.0,0.2849009033304945,234,8,69,231,0
f04-007,f04-007,273,data/raw/IAM/images/formsE-H/f04-007.png,2479,3542,30.0,8.48394509308732,0.31642885597483167,0.660219522374001,73.1774193548387,145.40322580645162,0.03785887751361542,13.857142857142858,0.27837311678972937,269,7,62,267,1
f04-011,f04-011,272,data/raw/IAM/images/formsE-H/f04-011.png,2479,3542,30.0,6.466492909811729,0.38059709827244875,0.5526790806453769,105.49019607843137,144.35294117647058,0.07177149148325333,21.90909090909091,0.4179130671667985,352,11,102,342,1
f04-016,f04-016,272,data/raw/IAM/images/formsE-H/f04-016.png,2479,3542,63.0,7.920141463121873,0.27266850350210414,0.5847225755285471,105.0,143.87142857142857,0.06263687898975688,16.0,0.302754316381831,223,8,70,211,1
f04-020,f04-020,274,data/raw/IAM/images/formsE-H/f04-020.png,2479,3542,30.0,12.431625688346108,0.2892202165076185,0.5910634087729283,76.74025974025975,104.2987012987013,0.06881353642473573,1.0,0.21581351107632743,197,6,77,184,0
f04-024,f04-024,275,data/raw/IAM/images/formsE-H/f04-024.png,2479,3542,0.0,7.9427009424412836,0.35151608176541643,0.49056211181604303,68.72972972972973,141.8918918918919,0.037593626681235434,-1.0,0.3083109867665351,346,8,74,341,2
f04-028,f04-028,275,data/raw/IAM/images/formsE-H/f04-028.png,2479,3542,0.0,8.351415137823903,0.43944857862179537,0.47379053447923064,71.96078431372548,159.1764705882353,0.042481600017241564,-4.818181818181818,0.4227447316350626,504,11,102,505,3
f04-032,f04-032,276,data/raw/IAM/images/formsE-H/f04-032.png,2479,3542,0.0,3.9618286630773873,0.3259189163802069,0.3970198438818261,45.53846153846154,155.92307692307693,0.03834035319128738,-14.8,0.36470599222059313,400,10,91,398,3
f04-035,f04-035,276,data/raw/IAM/images/formsE-H/f04-035.png,2479,3542,0.0,3.9414038355747696,0.36656603166667856,0.37101954264030945,44.293103448275865,142.48275862068965,0.042950346930658065,-16.333333333333332,0.2061540543046059,238,6,58,235,1
f04-039,f04-039,277,data/raw/IAM/images/formsE-H/f04-039.png,2479,3542,30.0,5.086037047445646,0.32731228679072294,0.4184820516587402,59.68,143.4,0.038659732000624274,-7.222222222222222,0.32764743893880816,326,9,75,330,2
f04-043,f04-043,277,data/raw/IAM/images/formsE-H/f04-043.png,2479,3542,0.0,5.713614723381056,0.4061177606608732,0.41044648815733825,66.85074626865672,159.23880597014926,0.0429459224305333,-7.25,0.2992242687245932,303,8,67,302,3
f04-046,f04-046,278,data/raw/IAM/images/formsE-H/f04-046.png,2479,3542,-63.0,4.283233972110319,0.3063069355272557,0.438548433273111,55.492063492063494,127.41269841269842,0.04960559218486646,0.0,0.2146026623638564,228,6,63,219,1
f04-049,f04-049,278,data/raw/IAM/images/formsE-H/f04-049.png,2479,3542,-30.0,4.904048353994425,0.40630421666519567,0.4660785873915306,53.666666666666664,101.61111111111111,0.048443349496140486,-1.8571428571428572,0.25267857000498145,314,7,90,315,1
f04-053,f04-053,279,data/raw/IAM/images/formsE-H/f04-053.png,2479,3542,-30.0,5.959528155489299,0.3819404496077187,0.5850929551743638,75.4,114.14285714285714,0.04905096104017925,3.2857142857142856,0.247679491352431,318,7,70,308,1
f04-057,f04-057,279,data/raw/IAM/images/formsE-H/f04-057.png,2479,3542,0.0,3.5411788792389074,0.2967553192931887,0.5405132047235712,83.21518987341773,140.68354430379748,0.04942215101403546,4.2,0.3483040715357393,403,10,79,379,0
f04-061,f04-061,280,data/raw/IAM/images/formsE-H/f04-061.png,2479,3542,0.0,6.97683723928434,0.3164658728271834,0.4061430791968115,57.68115942028985,151.36231884057972,0.05241190416099496,14.75,0.27526194625480804,312,8,69,309,1
f04-064,f04-064,280,data/raw/IAM/images/formsE-H/f04-064.png,2479,3542,30.0,5.4082222715559185,0.3473794113892346,0.40885495712881204,61.9054054054054,154.40540540540542,0.04993688094775685,11.88888888888889,0.32838690852967295,342,9,74,332,1
f04-068,f04-068,281,data/raw/IAM/images/formsE-H/f04-068.png,2479,3542,0.0,6.412015395670481,0.34100483803400405,0.49738585811451286,49.385714285714286,142.15714285714284,0.03548132255930062,-9.25,0.28399481676574473,224,8,70,222,3
f04-071,f04-071,281,data/raw/IAM/images/formsE-H/f04-071.png,2479,3542,-63.0,6.789962877342875,0.321581977245448,0.4285305782470668,48.78651685393258,162.06741573033707,0.0351663921506119,-8.6,0.3858247790759147,332,10,89,327,5
f04-074,f04-074,282,data/raw/IAM/images/formsE-H/f04-074.png,2479,3542,0.0,11.920338500120778,0.39881647254199987,0.43419414662140565,94.43478260869566,165.59130434782608,0.08155738284818306,4.0,0.47487990025303456,389,12,115,386,3
f04-079,f04-079,282,data/raw/IAM/images/formsE-H/f04-079.png,2479,3542,0.0,7.159202116861477,0.3299031668212994,0.4127232117857896,82.55208333333333,168.0,0.07388332157884718,7.181818181818182,0.42420920714236743,356,11,96,342,0
f04-083,f04-083,283,data/raw/IAM/images/formsE-H/f04-083.png,2479,3542,0.0,4.3382505760088454,0.3388951707074436,0.3729474868530379,42.675925925925924,127.97222222222223,0.04828037050254307,-15.6,0.35678878183745155,435,10,108,429,5
f04-087,f04-087,283,data/raw/IAM/images/formsE-H/f04-087.png,2479,3542,-30.0,2.307920710041143,0.3325161865796183,0.383673456871929,39.10294117647059,106.45588235294117,0.045366691658550146,-12.666666666666666,0.19503820801679336,230,6,68,224,0
f04-093,f04-093,193,data/raw/IAM/images/formsE-H/f04-093.png,2479,3542,-30.0,20.2533368757167,0.2565690235311528,0.619688953455821,66.23684210526316,169.81578947368422,0.0590652187884885,9.4,0.34731177236044203,122,10,76,113,1
f04-096,f04-096,193,data/raw/IAM/images/formsE-H/f04-096.png,2479,3542,0.0,14.694143936805517,0.2609934221661668,0.5327515123727588,79.70422535211267,198.38028169014083,0.06257263158028245,7.0,0.3591727825991291,112,11,71,102,0
f04-100,f04-100,193,data/raw/IAM/images/formsE-H/f04-100.png,2479,3542,-30.0,13.936561047152418,0.2642884596624848,0.5560684808560518,70.44,200.56,0.06001972992450646,7.0,0.38559017144351343,119,11,75,118,0
f07-000,f07-000,285,data/raw/IAM/images/formsE-H/f07-000.png,2479,3542,190.0,7.36711010137685,0.30413350005646805,0.5556938404043844,84.47457627118644,205.40677966101694,0.042464139655012785,-14.11111111111111,0.35672773829814713,182,9,59,182,3
f07-000b,f07-000b,286,data/raw/IAM/images/formsE-H/f07-000b.png,2479,3542,254.0,10.101573796173257,0.327633896350065,0.5750115600403768,85.87719298245614,178.5438596491228,0.1130217047054293,26.428571428571427,0.285086539466812,1732,7,57,219,0
f07-002,f07-002,286,data/raw/IAM/images/formsE-H/f07-002.png,2479,3542,254.0,18.07714562725326,0.30501795819923394,0.7374011317330544,95.61842105263158,170.31578947368422,0.13117779432845622,27.88888888888889,0.35552452002808915,2765,9,76,251,0
f07-006,f07-006,286,data/raw/IAM/images/formsE-H/f07-006.png,2479,3542,222.0,16.92284560653209,0.33874099782821493,0.6805432536548465,93.59322033898304,184.72881355932202,0.12719756888420936,28.428571428571427,0.2852337956166639,1904,7,59,214,0
f07-009,f07-009,286,data/raw/IAM/images/formsE-H/f07-009.png,2479,3542,286.0,10.072456386706909,0.272462009840588,0.6205257884834076,91.57471264367815,173.09195402298852,0.12864786569332629,27.6,0.3887269665984786,2938,10,87,317,2
f07-013,f07-013,287,data/raw/IAM/images/formsE-H/f07-013.png,2479,3542,254.0,7.259717718815917,0.2614121364685069,0.7171626940468921,93.24675324675324,208.2077922077922,0.11022138845006144,-8.454545454545455,0.4152418428862297,2615,11,77,457,2
f07-016,f07-016,287,data/raw/IAM/images/formsE-H/f07-016.png,2479,3542,317.0,11.80295454834007,0.38921626150122174,0.7867762862605406,85.24175824175825,178.25274725274724,0.10163688419497736,-7.0,0.4169526564075558,2378,11,91,511,4
f07-019a,f07-019a,288,data/raw/IAM/images/formsE-H/f07-019a.png,2479,3542,158.0,3.1628665988293285,0.3199810186390375,0.4259673171212722,54.40845070422535,167.7887323943662,0.04641049977151082,-29.22222222222222,0.307784144578434,361,9,71,348,3
f07-019b,f07-019b,287,data/raw/IAM/images/formsE-H/f07-019b.png,2479,3542,286.0,9.664584381561802,0.31439717073817675,0.8484621905501947,98.43478260869566,246.2173913043478,0.11570869445221377,-7.0,0.4303923710153431,3685,11,69,592,0
f07-021a,f07-021a,288,data/raw/IAM/images/formsE-H/f07-021a.png,2479,3542,190.0,3.4863838439531967,0.4022131602250832,0.4533236913126758,52.375,134.8125,0.05011635415830188,-26.0,0.2723015623729446,290,8,80,289,3
f07-021b,f07-021b,287,data/raw/IAM/images/formsE-H/f07-021b.png,2479,3542,317.0,13.000953850288337,0.3432591775360055,0.8228604061467637,91.675,186.175,0.10823827586716152,-5.0,0.40100002072747043,2888,10,80,502,3
f07-024a,f07-024a,288,data/raw/IAM/images/formsE-H/f07-024a.png,2479,3542,158.0,3.0116638168750964,0.3181541976417301,0.4291632434538895,52.27160493827161,139.74074074074073,0.04528005111946718,-25.666666666666668,0.30120715876718474,316,9,81,312,4
f07-024b,f07-024b,287,data/raw/IAM/images/formsE-H/f07-024b.png,2479,3542,286.0,10.32118500861086,0.31583864119082217,0.8393247033322764,91.57317073170732,193.76829268292684,0.10938185389385922,-6.090909090909091,0.44345079127687825,3190,11,82,549,3
f07-028a,f07-028a,288,data/raw/IAM/images/formsE-H/f07-028a.png,2479,3542,222.0,3.3035994047978776,0.4263587129059223,0.43444231848427933,54.561797752808985,151.12359550561797,0.05227148979282247,-23.6,0.33633350181046484,387,10,89,384,1
f07-028b,f07-028b,289,data/raw/IAM/images/formsE-H/f07-028b.png,2479,3542,127.0,7.668121788657711,0.26604881833303007,0.5349637618365194,68.28089887640449,196.19101123595505,0.11599618231944712,-9.666666666666666,0.49711239003906105,3034,12,89,289,0
f07-032a,f07-032a,288,data/raw/IAM/images/formsE-H/f07-032a.png,2479,3542,222.0,3.017727898900408,0.30053912401113553,0.46579848819695463,55.19767441860465,169.2093023255814,0.04821557971014493,-27.90909090909091,0.37719440704515333,407,11,86,395,4
f07-032b,f07-032b,289,data/raw/IAM/images/formsE-H/f07-032b.png,2479,3542,222.0,9.019838949040604,0.2800740271201893,0.6036941275410006,75.57954545454545,215.67045454545453,0.1246013327634972,-7.166666666666667,0.5092421740702078,3162,12,88,311,2
f07-036,f07-036,289,data/raw/IAM/images/formsE-H/f07-036.png,2479,3542,222.0,7.523957146525204,0.2509141123506891,0.5372371555909246,69.7936507936508,199.52380952380952,0.12708555816894118,-11.222222222222221,0.3476589005466358,2579,9,63,210,0
f07-039a,f07-039a,285,data/raw/IAM/images/formsE-H/f07-039a.png,2479,3542,127.0,11.414793552624468,0.37829020123521734,0.5764918453800634,86.76595744680851,218.12765957446808,0.043455296561345336,-16.428571428571427,0.29454008818058136,175,7,47,170,1
f07-039b,f07-039b,289,data/raw/IAM/images/formsE-H/f07-039b.png,2479,3542,254.0,8.231803553503674,0.22944886555631028,0.5573375925119088,66.8125,199.265625,0.11946273171190185,-11.666666666666666,0.34655294194554415,2045,9,64,211,2
f07-042a,f07-042a,285,data/raw/IAM/images/formsE-H/f07-042a.png,2479,3542,159.0,15.860938310975175,0.36335004046637387,0.5655805409437356,71.95161290322581,188.33870967741936,0.0437330931974145,-21.0,0.3199683666912739,184,8,62,185,1
f07-042b,f07-042b,289,data/raw/IAM/images/formsE-H/f07-042b.png,2479,3542,286.0,8.461866274600375,0.23889140650898064,0.5503331444020375,62.435483870967744,173.16129032258064,0.10307351315690484,-9.0,0.31487350890335963,1543,8,62,210,0
f07-046a,f07-046a,285,data/raw/IAM/images/formsE-H/f07-046a.png,2479,3542,127.0,16.734609202977143,0.365752733664673,0.5975857474982568,85.02439024390245,182.96341463414635,0.04660802223451477,-16.0,0.4220602695618919,235,10,82,233,4
f07-046b,f07-046b,290,data/raw/IAM/images/formsE-H/f07-046b.png,2479,3542,318.0,7.536810463442787,0.3598928457738251,0.5766367532712156,68.26829268292683,142.67073170731706,0.0951222989885229,22.333333333333332,0.3370642020869146,1591,9,82,323,0
f07-069,f07-069,291,data/raw/IAM/images/formsE-H/f07-069.png,2479,3542,254.0,9.55039575419525,0.25263275899712184,0.5496838323317875,63.56989247311828,163.93548387096774,0.1265494573643411,2.6,0.3672862206282064,3111,10,93,295,0
f07-073,f07-073,291,data/raw/IAM/images/formsE-H/f07-073.png,2479,3542,222.0,9.471365778589476,0.2556072294969159,0.5971332803242068,56.90217391304348,154.15217391304347,0.12356459443644932,1.2,0.36007146649586624,2724,10,92,313,1
f07-076a,f07-076a,292,data/raw/IAM/images/formsE-H/f07-076a.png,2479,3542,127.0,7.68750879704723,0.33370408861388506,0.41303085781449345,58.478873239436616,249.0281690140845,0.05081681174034037,-18.818181818181817,0.460812667172174,339,11,71,338,1
f07-081a,f07-081a,292,data/raw/IAM/images/formsE-H/f07-081a.png,2479,3542,190.0,6.399030409217931,0.2889680302340596,0.4386038122449377,59.90909090909091,245.28787878787878,0.05076033445834496,-19.727272727272727,0.4308434782153147,293,11,66,294,0
f07-081b,f07-081b,291,data/raw/IAM/images/formsE-H/f07-081b.png,2479,3542,254.0,10.767068323658279,0.2618619222986035,0.634172828732453,57.43939393939394,153.25757575757575,0.09903808503425954,4.714285714285714,0.2425703976644924,1008,7,66,213,0
f07-084a,f07-084a,292,data/raw/IAM/images/formsE-H/f07-084a.png,2479,3542,127.0,7.150471419960465,0.39336773057841035,0.4266308186817745,54.15853658536585,216.6341463414634,0.05201313793230879,-17.545454545454547,0.4561059369625236,355,11,82,353,0
f07-084b,f07-084b,291,data/raw/IAM/images/formsE-H/f07-084b.png,2479,3542,286.0,10.68427873418831,0.27558029112404486,0.5900760081608085,49.308510638297875,133.03191489361703,0.12003686283886222,2.7777777777777777,0.3172283545417874,2290,9,94,248,1
f07-088a,f07-088a,292,data/raw/IAM/images/formsE-H/f07-088a.png,2479,3542,222.0,5.697337928083575,0.3249358102441101,0.47844197271896644,60.78787878787879,217.9090909090909,0.04620176467520189,-18.4,0.41050823529733327,296,10,66,297,1
f07-088b,f07-088b,293,data/raw/IAM/images/formsE-H/f07-088b.png,2479,3542,222.0,18.904856185728836,0.4141175894644798,0.8601592142415299,101.06060606060606,125.56060606060606,0.09268884144124033,12.428571428571429,0.2530418701736028,826,7,66,208,0
f07-092a,f07-092a,292,data/raw/IAM/images/formsE-H/f07-092a.png,2479,3542,158.0,3.798222330331816,0.2261571909505354,0.41551568689982943,56.134328358208954,204.38805970149255,0.05070587004747431,-18.555555555555557,0.364756216475879,268,9,67,266,0
f07-092b,f07-092b,293,data/raw/IAM/images/formsE-H/f07-092b.png,2479,3542,190.0,10.946599613300988,0.4059297465087524,0.7746135247046833,92.5,122.1470588235294,0.09340843946536753,15.857142857142858,0.2603270065956633,1100,7,68,187,1
f07-096,f07-096,293,data/raw/IAM/images/formsE-H/f07-096.png,2479,3542,254.0,11.535789222910418,0.34102600414946455,0.7769208958373012,89.64383561643835,111.65753424657534,0.08526076778367322,17.0,0.24276081706321812,547,7,73,206,0
f07-101a,f07-101a,294,data/raw/IAM/images/formsE-H/f07-101a.png,2479,3542,190.0,3.7900350600289054,0.23641152512167854,0.35767495490605666,51.46153846153846,190.3653846153846,0.057177102306789934,-11.75,0.26804685046086735,199,8,52,197,0
f07-101b,f07-101b,293,data/raw/IAM/images/formsE-H/f07-101b.png,2479,3542,286.0,17.6720238119644,0.3819108956997392,0.7911659327338791,104.75,118.63461538461539,0.0779242920200367,17.0,0.18370460940220837,255,5,52,135,0
g01-000,g01-000,217,data/raw/IAM/images/formsE-H/g01-000.png,2479,3542,63.0,12.762150636287398,0.36837419019374035,0.5883779342002717,67.0126582278481,121.87341772151899,0.04739918362390318,5.666666666666667,0.31511016650536444,232,9,79,224,0
g01-004,g01-004,295,data/raw/IAM/images/formsE-H/g01-004.png,2479,3542,0.0,7.041975754215685,0.33579107942465924,0.47761506201002213,51.285714285714285,130.5,0.06649825986078886,0.0,0.19634153313582256,153,6,56,148,0
g01-008,g01-008,295,data/raw/IAM/images/formsE-H/g01-008.png,2479,3542,-63.0,6.342962458557297,0.3309981587111259,0.41875574786956,53.06896551724138,132.88505747126436,0.06511320109288495,-2.111111111111111,0.31028932132111886,325,9,87,310,0
g01-012,g01-012,296,data/raw/IAM/images/formsE-H/g01-012.png,2479,3542,-30.0,13.852415898526706,0.344865146995962,0.5064923775029865,92.29824561403508,155.66666666666666,0.06898275159362903,7.0,0.2827832847300725,168,7,57,162,0
g01-016,g01-016,296,data/raw/IAM/images/formsE-H/g01-016.png,2479,3542,-63.0,14.092031711710826,0.3765736547100523,0.5016654167390604,97.53030303030303,178.6060606060606,0.07056071384188468,20.5,0.33358153150495784,192,8,66,189,0
g01-019,g01-019,296,data/raw/IAM/images/formsE-H/g01-019.png,2479,3542,-63.0,13.088887934431881,0.3079067398629046,0.5433544432356039,99.7,193.8625,0.0815070534820554,19.6,0.42256319543795207,228,10,80,215,1
g01-022,g01-022,297,data/raw/IAM/images/formsE-H/g01-022.png,2479,3542,-95.0,3.5055427647417248,0.23243827363682557,0.2788646354882255,52.03333333333333,215.96666666666667,0.039394276372509356,12.2,0.3564001987103869,276,10,60,277,0
g01-025,g01-025,297,data/raw/IAM/images/formsE-H/g01-025.png,2479,3542,0.0,5.338731575827026,0.24642353810541331,0.4369431723593919,63.833333333333336,183.0,0.03950997122606843,8.4,0.365719132753526,314,10,66,311,0
g01-027,g01-027,297,data/raw/IAM/images/formsE-H/g01-027.png,2479,3542,-63.0,5.679160126630874,0.31303784875145163,0.48518705770569076,66.68656716417911,187.70149253731344,0.04184051267733595,8.0,0.3499892604370216,331,10,67,330,1
g01-031,g01-031,298,data/raw/IAM/images/formsE-H/g01-031.png,2479,3542,-30.0,3.142084152950208,0.3160095701730671,0.36677765493797276,46.51807228915663,158.33734939759037,0.0454060687988989,28.636363636363637,0.3895600514679035,415,11,83,413,1
g01-034,g01-034,298,data/raw/IAM/images/formsE-H/g01-034.png,2479,3542,-63.0,5.029789787906849,0.3575459457141006,0.35189990186513215,46.47435897435897,136.26923076923077,0.04791248890973431,27.22222222222222,0.31372142598618913,320,9,78,320,0
g01-037,g01-037,298,data/raw/IAM/images/formsE-H/g01-037.png,2479,3542,0.0,5.98357023341636,0.37492191970733907,0.35083592919527473,49.43421052631579,158.8421052631579,0.051731561566542246,27.6,0.34676317771710374,349,10,76,345,0
g01-039,g01-039,299,data/raw/IAM/images/formsE-H/g01-039.png,2479,3542,0.0,14.069318252445782,0.4318561653565084,0.5319208250923753,84.87058823529412,185.43529411764706,0.07531383489293561,32.6,0.4005567717443123,205,10,85,196,0
g01-043,g01-043,299,data/raw/IAM/images/formsE-H/g01-043.png,2479,3542,-30.0,14.795034861966224,0.42315538726915414,0.49567767073724006,82.4375,189.6375,0.08557445279255485,33.2,0.3663405013177888,197,10,80,194,2
g01-045,g01-045,299,data/raw/IAM/images/formsE-H/g01-045.png,2479,3542,-63.0,12.64155274604104,0.4916131679939911,0.5120391041122636,86.144578313253,188.2289156626506,0.08271034020695303,32.6,0.3824616900541625,240,10,83,223,1
g01-067,g01-067,300,data/raw/IAM/images/formsE-H/g01-067.png,2479,3542,-30.0,8.011053818141578,0.28702031565873026,0.4443783935735268,71.76829268292683,175.08536585365854,0.05858901905011415,8.4,0.38036901275058316,198,10,82,195,0
g01-070,g01-070,300,data/raw/IAM/images/formsE-H/g01-070.png,2479,3542,-30.0,4.166673568168656,0.23452114056188583,0.4808356459593981,69.47297297297297,186.83783783783784,0.0564180955731109,6.4,0.36066641322968385,271,10,74,270,0
g01-074,g01-074,300,data/raw/IAM/images/formsE-H/g01-074.png,2479,3542,30.0,3.8559443580587436,0.27660258551789646,0.47243314996912483,66.9620253164557,184.83544303797467,0.06730689106650034,6.6,0.36627991332728516,256,10,79,252,0
g01-083,g01-083,301,data/raw/IAM/images/formsE-H/g01-083.png,2479,3542,-30.0,7.688466271175224,0.335888417409522,0.4964764996578421,69.50877192982456,157.40350877192984,0.07392398354458925,21.727272727272727,0.4469554420884726,340,11,114,327,1
g01-088,g01-088,302,data/raw/IAM/images/formsE-H/g01-088.png,2479,3542,-63.0,22.720052722531555,0.29174467948009125,0.7183836870898554,81.67088607594937,193.9240506329114,0.0789361511194867,-4.4,0.3553485643037882,132,10,79,129,3
g02-059,g02-059,303,data/raw/IAM/images/formsE-H/g02-059.png,2479,3542,-63.0,13.70248210692591,0.26176459369184185,0.591054557737175,73.14117647058823,120.69411764705882,0.06841171251109139,3.75,0.2772378891781877,220,8,85,211,0
g02-062,g02-062,304,data/raw/IAM/images/formsE-H/g02-062.png,2479,3542,-63.0,4.2749137165608655,0.32724514208220745,0.4596493377571934,56.53763440860215,153.63440860215053,0.06473097129106052,12.0,0.368006898831039,444,10,93,435,0
g02-065,g02-065,305,data/raw/IAM/images/formsE-H/g02-065.png,2479,3542,-30.0,9.801312878492302,0.32880434750455145,0.48485320818317174,79.21333333333334,193.46666666666667,0.05874319125034913,-6.0,0.37024318789406396,347,10,75,343,1
g02-073,g02-073,307,data/raw/IAM/images/formsE-H/g02-073.png,2479,3542,0.0,12.60448889179817,0.3279522356493502,0.4937007997048782,73.91304347826087,186.58695652173913,0.04795031693000745,26.333333333333332,0.21761930652261607,197,6,46,203,4
g03-000,g03-000,308,data/raw/IAM/images/formsE-H/g03-000.png,2479,3542,-30.0,6.402572909172332,0.38125865134104864,0.4746093799646293,71.0246913580247,169.25925925925927,0.060033768062333695,37.2,0.38178178346899955,294,10,81,289,4
g03-004,g03-004,309,data/raw/IAM/images/formsE-H/g03-004.png,2479,3542,0.0,5.1561484846581775,0.42218300531449177,0.4810102723608102,65.82857142857142,113.65714285714286,0.11466865917844309,-4.333333333333333,0.13504436703657988,183,6,70,184,5
g03-016,g03-016,310,data/raw/IAM/images/formsE-H/g03-016.png,2479,3542,-30.0,16.842228101953435,0.454820149859124,0.49022599101984643,103.74666666666667,185.93333333333334,0.14828421256309182,29.22222222222222,0.3449098913083339,183,9,75,160,2
g03-032,g03-032,312,data/raw/IAM/images/formsE-H/g03-032.png,2479,3542,-127.0,8.779452625172606,0.307801644620246,0.5564041919232768,66.11111111111111,162.04166666666666,0.046917072939278555,33.25,0.3072330444166914,223,8,72,222,1
g03-040,g03-040,313,data/raw/IAM/images/formsE-H/g03-040.png,2479,3542,-95.0,17.158134039370353,0.4329786190984145,0.5826785589279331,93.08571428571429,162.4142857142857,0.0781838524129926,10.5,0.3016084972606712,100,8,70,99,3
g03-043,g03-043,314,data/raw/IAM/images/formsE-H/g03-043.png,2479,3542,-63.0,23.726474843300124,0.4774679299366815,0.6005497550674257,107.8974358974359,251.5,0.09578979610525352,36.63636363636363,0.5049259630700254,114,11,78,107,4
g03-049,g03-049,315,data/raw/IAM/images/formsE-H/g03-049.png,2479,3542,-30.0,5.9592992031665375,0.42215055083055336,0.6746065944693661,89.83870967741936,198.1451612903226,0.0565892195040152,31.0,0.3056219960827359,274,8,62,266,1
g03-052,g03-052,316,data/raw/IAM/images/formsE-H/g03-052.png,2479,3542,-127.0,14.197694148333413,0.376177441763396,0.5461457030759099,96.07777777777778,161.95555555555555,0.07410722074072434,0.6363636363636364,0.43215443377675694,309,11,90,273,1
g03-058,g03-058,317,data/raw/IAM/images/formsE-H/g03-058.png,2479,3542,-127.0,9.682338112897625,0.25809881145948554,0.5857434100575526,90.41269841269842,142.66666666666666,0.050078438390795704,-1.5,0.2825459438048666,296,8,63,269,1
g03-064,g03-064,318,data/raw/IAM/images/formsE-H/g03-064.png,2479,3542,63.0,17.426594298570585,0.2553327954679666,0.5252938245734952,76.08064516129032,112.20967741935483,0.03284435089113151,-9.5,0.29357090810692366,165,8,62,161,2
g04-003,g04-003,239,data/raw/IAM/images/formsE-H/g04-003.png,2479,3542,0.0,12.49268438439984,0.2547029743106001,0.6452341937857677,77.21538461538462,169.53846153846155,0.043287020261470556,25.22222222222222,0.32372869426730555,163,9,65,153,1
g04-007,g04-007,273,data/raw/IAM/images/formsE-H/g04-007.png,2479,3542,30.0,13.89797734108325,0.34574399029452396,0.7238310924999506,80.1159420289855,147.20289855072463,0.04229544962939589,20.75,0.3259086091662341,263,8,69,259,0
g04-011,g04-011,273,data/raw/IAM/images/formsE-H/g04-011.png,2479,3542,0.0,13.728954064635788,0.24093542468865708,0.836160112156126,82.65277777777777,147.75,0.04060810350720833,8.333333333333334,0.3395208628823165,280,9,72,284,0
g04-014,g04-014,273,data/raw/IAM/images/formsE-H/g04-014.png,2479,3542,0.0,7.341528062866581,0.2602307203783013,0.7025710340900599,80.68,140.06,0.04241704023645552,9.666666666666666,0.21716330217303612,207,6,50,207,0
g04-017,g04-017,274,data/raw/IAM/images/formsE-H/g04-017.png,2479,3542,-30.0,11.452916997137065,0.2569984373611673,0.6874968802253465,75.27272727272727,103.47474747474747,0.06280391148188925,2.5,0.29356043048450575,247,8,99,239,0
g04-022,g04-022,319,data/raw/IAM/images/formsE-H/g04-022.png,2479,3542,0.0,8.719965528956372,0.4086298949639642,0.6488251030171538,93.48571428571428,133.67142857142858,0.05267026175379203,8.0,0.2954976517598192,211,8,70,207,0
g04-026,g04-026,274,data/raw/IAM/images/formsE-H/g04-026.png,2479,3542,63.0,12.18208504364986,0.28463320860126046,0.6962470294267716,80.32222222222222,100.7,0.06109857704408284,2.142857142857143,0.26385352374969506,227,7,90,212,0
g04-032,g04-032,274,data/raw/IAM/images/formsE-H/g04-032.png,2479,3542,63.0,14.215657441959399,0.39524464199329157,0.6410884316670705,67.57971014492753,102.1159420289855,0.053917102698266134,0.3333333333333333,0.22201170805972884,171,6,69,159,1
g04-036,g04-036,320,data/raw/IAM/images/formsE-H/g04-036.png,2479,3542,30.0,6.470075723749995,0.3451843085170233,0.4646048063784615,68.04819277108433,120.12048192771084,0.05630004759638268,-6.25,0.29909625951157426,340,8,83,340,3
g04-039,g04-039,320,data/raw/IAM/images/formsE-H/g04-039.png,2479,3542,30.0,5.9167379568084915,0.317404177364183,0.468718937778716,71.525,123.3875,0.059455225469416804,-8.5,0.28672150411280845,331,8,80,330,2
g04-043,g04-043,321,data/raw/IAM/images/formsE-H/g04-043.png,2479,3542,30.0,4.1678142950894905,0.3282832294979436,0.40682638283125866,52.138297872340424,117.90425531914893,0.041272817360925106,-3.0,0.33420176119721867,325,9,94,326,1
g04-048,g04-048,321,data/raw/IAM/images/formsE-H/g04-048.png,2479,3542,0.0,2.990419177606358,0.2835695706550274,0.43103818270574384,49.39705882352941,142.10294117647058,0.04192864065531224,-19.0,0.27873254479354415,282,8,68,287,1
g04-052,g04-052,322,data/raw/IAM/images/formsE-H/g04-052.png,2479,3542,0.0,5.855880795577072,0.34372818216947854,0.5181979607938413,63.375,147.546875,0.052340149373576936,-1.0,0.25884567578272966,234,7,64,233,1
g04-055,g04-055,323,data/raw/IAM/images/formsE-H/g04-055.png,2479,3542,0.0,6.771169292609493,0.3275911108753119,0.5027226500880129,68.67901234567901,163.4814814814815,0.05247958003552766,8.4,0.3777469877404985,257,10,81,259,2
g04-060,g04-060,324,data/raw/IAM/images/formsE-H/g04-060.png,2479,3542,-30.0,3.4920327237429474,0.3460012960380268,0.434599435360657,51.8974358974359,113.85897435897436,0.03842194090550654,-8.428571428571429,0.2533195271676777,291,7,78,286,1
g04-063,g04-063,324,data/raw/IAM/images/formsE-H/g04-063.png,2479,3542,0.0,3.5984509200235073,0.34530033245463054,0.45354043853947,48.7027027027027,116.83783783783784,0.03744387511132112,-10.4,0.36177647176998246,406,10,111,407,3
g04-068,g04-068,325,data/raw/IAM/images/formsE-H/g04-068.png,2479,3542,-30.0,6.591233126468377,0.3896000410920473,0.4378660492571177,68.54464285714286,136.10714285714286,0.061078425655976674,-4.2,0.39063309666813884,442,10,112,422,5
g04-072,g04-072,325,data/raw/IAM/images/formsE-H/g04-072.png,2479,3542,63.0,7.801750478990281,0.3481607073532005,0.43765229635769076,76.17073170731707,143.14634146341464,0.05706220914428101,3.0,0.3297172249151483,310,9,82,293,3
g04-077,g04-077,326,data/raw/IAM/images/formsE-H/g04-077.png,2479,3542,30.0,4.16305820598659,0.2712301057324524,0.536303915822305,49.148648648648646,123.97297297297297,0.0407163702439293,4.428571428571429,0.24819665312851555,225,7,74,210,1
g04-081,g04-081,327,data/raw/IAM/images/formsE-H/g04-081.png,2479,3542,0.0,5.800965144652564,0.4390272806270306,0.38313340017123837,45.89230769230769,97.21538461538462,0.034400249318989794,3.6666666666666665,0.19733462952152114,220,6,65,219,1
g04-088,g04-088,328,data/raw/IAM/images/formsE-H/g04-088.png,2479,3542,30.0,3.2839262267500153,0.38134262809436215,0.2795555670451147,54.46808510638298,140.46808510638297,0.03381913673426178,-22.333333333333332,0.4486064648296965,373,12,94,371,3
g04-092,g04-092,328,data/raw/IAM/images/formsE-H/g04-092.png,2479,3542,30.0,3.1025053363149784,0.28884841759513513,0.26976740778883657,53.61904761904762,148.1547619047619,0.035235335815893686,-24.818181818181817,0.4010077650570837,344,11,84,341,7
g04-095,g04-095,273,data/raw/IAM/images/formsE-H/g04-095.png,2479,3542,30.0,11.761162360750426,0.35856990101010855,0.7651309374285816,81.57534246575342,134.1095890410959,0.038903945922973915,13.88888888888889,0.3408716789638269,262,9,73,259,2
g04-098,g04-098,329,data/raw/IAM/images/formsE-H/g04-098.png,2479,3542,0.0,9.941100319269552,0.2993892171475199,0.7010952471926262,86.95081967213115,149.80327868852459,0.05950740507041775,3.0,0.2680284007344358,217,7,61,199,2
g04-101,g04-101,329,data/raw/IAM/images/formsE-H/g04-101.png,2479,3542,0.0,11.961416737780977,0.2951203790029945,0.6625778213757564,82.03508771929825,143.80701754385964,0.05317736348165704,3.0,0.2631400204404747,147,7,57,144,1
g04-104,g04-104,330,data/raw/IAM/images/formsE-H/g04-104.png,2479,3542,30.0,9.3863044421714,0.3068292513315009,0.6493821485792807,55.472527472527474,118.8021978021978,0.042252777214705606,-0.5555555555555556,0.3191219570194262,246,9,91,244,0
g04-108,g04-108,330,data/raw/IAM/images/formsE-H/g04-108.png,2479,3542,0.0,6.821751336932198,0.25708324549460676,0.6028258089075699,54.56521739130435,147.08695652173913,0.03802370681675121,-1.6666666666666667,0.0984240517011445,71,3,23,71,0
g05-087,g05-087,331,data/raw/IAM/images/formsE-H/g05-087.png,2479,3542,0.0,12.65273123456459,0.28648179607820323,0.45137525868011996,75.6,140.58333333333334,0.06561211772600901,3.857142857142857,0.23759147704637645,158,7,60,156,1
g05-094,g05-094,119,data/raw/IAM/images/formsE-H/g05-094.png,2479,3542,127.0,6.963801724268308,0.2609345179556862,0.5468005586993812,61.292682926829265,159.390243902439,0.04166123458077729,-11.8,0.38437021175502684,315,10,82,347,0
g05-098,g05-098,118,data/raw/IAM/images/formsE-H/g05-098.png,2479,3542,-63.0,12.151822462833437,0.41096442423725194,0.5935641115793234,45.63855421686747,104.6987951807229,0.04437135443958319,33.285714285714285,0.2512474634473337,150,7,83,145,0
g06-011a,g06-011a,332,data/raw/IAM/images/formsE-H/g06-011a.png,2479,3542,63.0,9.806995866486314,0.36399302926939153,0.5168462649787121,62.153153153153156,122.22522522522523,0.055092706826900414,32.81818181818182,0.41170815083858564,357,11,111,355,0
g06-011b,g06-011b,333,data/raw/IAM/images/formsE-H/g06-011b.png,2479,3542,127.0,12.047629652147771,0.35678334187836874,0.4560542627792488,76.39,142.0,0.05351064931847139,-2.4545454545454546,0.4265535751583772,328,11,100,325,0
g06-011c,g06-011c,334,data/raw/IAM/images/formsE-H/g06-011c.png,2479,3542,127.0,11.611126497171904,0.31520009358100876,0.6138378064433031,53.403669724770644,85.79816513761467,0.03402577754502342,-1.2,0.3522975262105697,278,10,109,268,0
g06-011e,g06-011e,336,data/raw/IAM/images/formsE-H/g06-011e.png,2479,3542,30.0,13.636268118645967,0.3233165039286361,0.5650158699751832,59.81651376146789,109.72477064220183,0.06881956072096918,-4.111111111111111,0.32376308820176436,230,9,109,223,0
g06-011f,g06-011f,337,data/raw/IAM/images/formsE-H/g06-011f.png,2479,3542,159.0,12.562076695057687,0.38470583747742587,0.6291745255354828,55.79816513761468,81.0,0.05775715204114432,-23.0,0.2834424638448,237,8,109,207,0
g06-011g,g06-011g,338,data/raw/IAM/images/formsE-H/g06-011g.png,2479,3542,159.0,16.35039004302035,0.4334307102773936,0.5735440866647181,57.73148148148148,104.00925925925925,0.05953564277247776,20.555555555555557,0.31668659313046077,174,9,108,147,0
g06-011h,g06-011h,339,data/raw/IAM/images/formsE-H/g06-011h.png,2479,3542,63.0,10.834832661067953,0.39164133807627394,0.5264359147263676,60.26605504587156,110.03669724770643,0.046779351445329784,4.4,0.362898146804701,300,10,109,299,2
g06-011i,g06-011i,340,data/raw/IAM/images/formsE-H/g06-011i.png,2479,3542,159.0,10.126856475860418,0.3738553661646613,0.43862845736439643,52.0,93.8256880733945,0.04609721574800472,10.777777777777779,0.3215222436507316,344,9,109,340,2
g06-011j,g06-011j,341,data/raw/IAM/images/formsE-H/g06-011j.png,2479,3542,127.0,12.582137350783876,0.4123351385490435,0.522267902195958,82.22018348623853,141.045871559633,0.05795211684615465,29.181818181818183,0.4369669651953883,390,11,109,373,2
g06-011k,g06-011k,342,data/raw/IAM/images/formsE-H/g06-011k.png,2479,3542,127.0,10.08734118565633,0.3553697715622107,0.4850496436708368,63.72477064220183,115.12844036697248,0.05445788044705861,-6.818181818181818,0.40335748577150266,296,11,109,292,0
g06-011l,g06-011l,343,data/raw/IAM/images/formsE-H/g06-011l.png,2479,3542,127.0,10.49464470101669,0.3810410908958694,0.5627574535979759,53.92660550458716,87.6788990825688,0.03752062470242854,9.222222222222221,0.3155066078492425,303,9,109,307,3
g06-011m,g06-011m,344,data/raw/IAM/images/formsE-H/g06-011m.png,2479,3542,127.0,15.889713726431689,0.456760726776256,0.6897829784299919,62.862385321100916,122.1651376146789,0.05916850080955272,24.2,0.36013865994398114,158,10,109,148,1
g06-011n,g06-011n,345,data/raw/IAM/images/formsE-H/g06-011n.png,2479,3542,159.0,12.592193371917945,0.5047979619491644,0.593612589395816,78.8735632183908,186.4022988505747,0.06421957777357863,44.81818181818182,0.4001932438012905,328,11,87,240,3
g06-011o,g06-011o,346,data/raw/IAM/images/formsE-H/g06-011o.png,2479,3542,95.0,21.818593955844094,0.3915916962028557,0.6776726083755685,72.73394495412845,153.37614678899084,0.07661431475985118,22.09090909090909,0.4492887630460635,143,11,109,141,0
g06-011p,g06-011p,347,data/raw/IAM/images/formsE-H/g06-011p.png,2479,3542,63.0,11.024883796647963,0.3051643485406049,0.3966900251453507,67.53211009174312,107.60550458715596,0.07198182241067755,1.2222222222222223,0.3182748640243773,387,9,109,382,1
g06-011r,g06-011r,348,data/raw/IAM/images/formsE-H/g06-011r.png,2479,3542,95.0,10.468815888639021,0.3422691103983674,0.5020024597242682,49.73394495412844,111.43119266055047,0.06010684512203458,-11.0,0.3215421739107657,304,9,109,297,0
g06-018a,g06-018a,332,data/raw/IAM/images/formsE-H/g06-018a.png,2479,3542,-63.0,9.53033114272342,0.4228824613599879,0.4665160266040091,59.95294117647059,122.70588235294117,0.05450537010875935,33.25,0.29537966462041737,271,8,85,269,0
g06-018b,g06-018b,333,data/raw/IAM/images/formsE-H/g06-018b.png,2479,3542,-30.0,12.002503815844747,0.32667195989845654,0.44292759772633516,84.48809523809524,151.08333333333334,0.053565886405409595,-2.8,0.3867657151239241,264,10,84,265,2
g06-018c,g06-018c,334,data/raw/IAM/images/formsE-H/g06-018c.png,2479,3542,95.0,8.262544167705615,0.37095170647967257,0.5743888687600587,55.11904761904762,86.76190476190476,0.03274379618936466,-0.25,0.27908172294934136,205,8,84,200,1
g06-018d,g06-018d,335,data/raw/IAM/images/formsE-H/g06-018d.png,2479,3542,0.0,11.852395209551615,0.3342854143991066,0.5047705052688228,71.4047619047619,105.4047619047619,0.052477335620085636,11.0,0.27610801426505516,219,8,84,213,2
g06-018e,g06-018e,336,data/raw/IAM/images/formsE-H/g06-018e.png,2479,3542,-30.0,10.976745183012767,0.33329173953976016,0.5160442559585765,59.21176470588235,111.30588235294118,0.06851558231928523,-4.428571428571429,0.2389009520742162,168,7,85,164,0
g06-018f,g06-018f,337,data/raw/IAM/images/formsE-H/g06-018f.png,2479,3542,-63.0,8.521099392552435,0.3500489175808863,0.5416374544967323,56.55952380952381,80.42857142857143,0.06023337962002831,-24.666666666666668,0.20208691461124945,171,6,84,147,0
g06-018g,g06-018g,338,data/raw/IAM/images/formsE-H/g06-018g.png,2479,3542,-63.0,13.276761315366903,0.46530882948553104,0.5168415321610632,57.54117647058823,100.90588235294118,0.06042971772100857,19.285714285714285,0.2361186877734574,136,7,85,110,1
g06-018h,g06-018h,339,data/raw/IAM/images/formsE-H/g06-018h.png,2479,3542,0.0,10.678191103747091,0.3713426634206693,0.5762821673850399,58.24096385542169,110.43373493975903,0.04383762788935203,0.75,0.28852638846149553,212,8,83,223,2
g06-018i,g06-018i,340,data/raw/IAM/images/formsE-H/g06-018i.png,2479,3542,-30.0,9.352419133273544,0.3558426359906363,0.4342770045316851,53.1764705882353,93.87058823529412,0.045331441955111046,10.428571428571429,0.24759942865069406,263,7,85,262,1
g06-018j,g06-018j,341,data/raw/IAM/images/formsE-H/g06-018j.png,2479,3542,-63.0,14.901794111949881,0.35009511512398483,0.5120816037931607,85.20238095238095,142.83333333333334,0.05894129385292543,30.333333333333332,0.3506504895213526,297,9,84,268,0
g06-018k,g06-018k,342,data/raw/IAM/images/formsE-H/g06-018k.png,2479,3542,-30.0,9.45375035443538,0.33338656046327825,0.4721534547238564,64.05813953488372,110.94186046511628,0.05398896575882301,-7.0,0.2809032348292569,225,8,86,214,1
g06-018l,g06-018l,343,data/raw/IAM/images/formsE-H/g06-018l.png,2479,3542,-63.0,10.161208374955521,0.35925832308176264,0.5389746914822806,55.464285714285715,90.70238095238095,0.03820655605839635,11.571428571428571,0.24239205030898736,215,7,84,219,2
g06-018m,g06-018m,344,data/raw/IAM/images/formsE-H/g06-018m.png,2479,3542,-30.0,17.231942872047078,0.38266321382256974,0.5708615626658078,61.654761904761905,131.71428571428572,0.056763925309039676,25.5,0.287426921430815,109,8,84,103,0
g06-018n,g06-018n,345,data/raw/IAM/images/formsE-H/g06-018n.png,2479,3542,159.0,11.713288230723295,0.48575843844472133,0.4919366442878851,90.37662337662337,212.12987012987014,0.06757092859330727,44.45454545454545,0.41531598345355647,277,11,77,188,1
g06-018o,g06-018o,346,data/raw/IAM/images/formsE-H/g06-018o.png,2479,3542,-30.0,16.518726105126632,0.3887730561455069,0.5596190615463874,74.10588235294118,170.94117647058823,0.07178538576316716,29.2,0.3852931536254054,102,10,85,101,0
g06-018p,g06-018p,347,data/raw/IAM/images/formsE-H/g06-018p.png,2479,3542,-30.0,7.473968351575089,0.27504315421620346,0.3456391419034353,65.70238095238095,113.04761904761905,0.06208888370692084,-0.25,0.2813132287499581,283,8,84,281,0
g06-018r,g06-018r,348,data/raw/IAM/images/formsE-H/g06-018r.png,2479,3542,63.0,9.297280542361701,0.33016039818726267,0.48140123531286655,51.61176470588235,115.6,0.05961764322067076,-11.285714285714286,0.2618152845278089,202,7,85,192,2
g06-026a,g06-026a,332,data/raw/IAM/images/formsE-H/g06-026a.png,2479,3542,-95.0,6.270297300449192,0.3923487545185167,0.4726688817003649,64.90625,128.25,0.051413847291551115,33.285714285714285,0.24640634634145342,218,7,64,217,1
g06-026b,g06-026b,333,data/raw/IAM/images/formsE-H/g06-026b.png,2479,3542,-30.0,9.061842351953171,0.26912017706623076,0.4473727928653383,100.328125,166.40625,0.04834343917741314,-5.222222222222222,0.33554756624192056,216,9,64,216,1
g06-026c,g06-026c,334,data/raw/IAM/images/formsE-H/g06-026c.png,2479,3542,-127.0,7.7096424291818515,0.27124954780479765,0.5374364672430082,61.0,93.0625,0.038636275238556214,-0.3333333333333333,0.21082069621978772,182,6,64,177,0
g06-026d,g06-026d,335,data/raw/IAM/images/formsE-H/g06-026d.png,2479,3542,-127.0,10.356631079558396,0.25285612894253096,0.5377487758660164,77.22727272727273,105.65151515151516,0.054762050940218916,11.333333333333334,0.2077594082785517,200,6,66,191,0
g06-026e,g06-026e,336,data/raw/IAM/images/formsE-H/g06-026e.png,2479,3542,-30.0,10.581223204520754,0.26697522910960253,0.4814903757198727,60.40625,116.171875,0.05997270420956531,-2.6666666666666665,0.20870023043936087,142,6,64,141,0
g06-026f,g06-026f,337,data/raw/IAM/images/formsE-H/g06-026f.png,2479,3542,-30.0,8.721702155363623,0.3583159100793442,0.5378148061336355,63.609375,89.0,0.06946953190462136,-22.6,0.16323668789600004,131,5,64,116,1
g06-026g,g06-026g,338,data/raw/IAM/images/formsE-H/g06-026g.png,2479,3542,-127.0,11.281412485154458,0.35912037380863526,0.5083901748994155,59.875,107.671875,0.06970276784160094,21.4,0.16552855391272003,113,5,64,90,0
g06-026h,g06-026h,339,data/raw/IAM/images/formsE-H/g06-026h.png,2479,3542,-63.0,6.281184459275817,0.3298067768603864,0.5763588138654101,60.078125,120.515625,0.047831014443828215,2.0,0.2125357235675211,189,6,64,208,2
g06-026i,g06-026i,340,data/raw/IAM/images/formsE-H/g06-026i.png,2479,3542,-30.0,5.758882473994544,0.3016288262270713,0.41798228813213545,54.046875,101.0625,0.04614797217037163,9.0,0.20134118122437394,214,6,64,214,0
g06-026j,g06-026j,341,data/raw/IAM/images/formsE-H/g06-026j.png,2479,3542,0.0,11.841273258456408,0.41972591641463336,0.500855987211029,85.6875,149.34375,0.06337633298933608,29.0,0.2648560727730098,269,7,64,243,2
g06-026k,g06-026k,342,data/raw/IAM/images/formsE-H/g06-026k.png,2479,3542,-63.0,6.499827804493501,0.27243755820874893,0.46373028996292526,69.125,120.8125,0.052952700811642876,-7.285714285714286,0.24822056944055645,172,7,64,159,0
g06-026l,g06-026l,343,data/raw/IAM/images/formsE-H/g06-026l.png,2479,3542,-30.0,7.1467896371824535,0.3214493029677676,0.5289967186168775,60.828125,98.140625,0.03952230698474732,11.666666666666666,0.19909213679492718,188,6,64,188,0
g06-026m,g06-026m,344,data/raw/IAM/images/formsE-H/g06-026m.png,2479,3542,0.0,12.144268911367279,0.39705574356725387,0.5605047175725377,69.265625,144.078125,0.058568358097374075,24.428571428571427,0.24374138585689525,86,7,64,86,0
g06-026n,g06-026n,345,data/raw/IAM/images/formsE-H/g06-026n.png,2479,3542,-127.0,9.855522916539515,0.4894509853816073,0.6154943936648823,84.6923076923077,189.96923076923076,0.06904147247860123,44.5,0.29910423161558786,257,8,65,177,1
g06-026o,g06-026o,346,data/raw/IAM/images/formsE-H/g06-026o.png,2479,3542,-95.0,16.60145024822828,0.3962857784600468,0.5854971292111021,81.0923076923077,179.3846153846154,0.07374618848390299,25.5,0.3083591610522175,80,8,65,80,0
g06-026p,g06-026p,347,data/raw/IAM/images/formsE-H/g06-026p.png,2479,3542,-63.0,5.735539335433381,0.2337299945518033,0.3566567360441498,70.140625,119.578125,0.0708493723825444,0.6666666666666666,0.19914281659901387,238,6,64,237,0
g06-026r,g06-026r,348,data/raw/IAM/images/formsE-H/g06-026r.png,2479,3542,30.0,8.92609596432719,0.37654532176879507,0.43022279995295215,53.265625,119.1875,0.054191714187451216,-12.333333333333334,0.22120402003594736,175,6,64,167,1
g06-031a,g06-031a,332,data/raw/IAM/images/formsE-H/g06-031a.png,2479,3542,-95.0,9.031305476248443,0.41228177167576435,0.48045219442668335,64.71764705882353,132.98823529411766,0.05414124677189769,32.333333333333336,0.3321163726744518,304,9,85,302,3
g06-031b,g06-031b,333,data/raw/IAM/images/formsE-H/g06-031b.png,2479,3542,-63.0,9.920455604518748,0.33054761680853323,0.46325707127988824,80.89411764705882,160.38823529411764,0.046188503387868736,-2.8181818181818183,0.4341193296417177,303,11,85,301,1
g06-031c,g06-031c,334,data/raw/IAM/images/formsE-H/g06-031c.png,2479,3542,-127.0,9.836358583895295,0.3013814594685868,0.5280484826225713,53.64705882352941,98.27058823529411,0.03685792294468602,2.25,0.2815576306815762,236,8,85,221,1
g06-031d,g06-031d,335,data/raw/IAM/images/formsE-H/g06-031d.png,2479,3542,-95.0,12.130250737508927,0.3040740759444994,0.5252668761934041,70.85882352941177,109.6470588235294,0.05078962086886575,11.5,0.28996045608634835,269,8,85,257,1
g06-031e,g06-031e,336,data/raw/IAM/images/formsE-H/g06-031e.png,2479,3542,-30.0,13.25706894717992,0.3268176944304676,0.5353140499996192,59.63529411764706,113.55294117647058,0.06576080030877016,-5.0,0.2484515326825515,184,7,85,183,1
g06-031f,g06-031f,337,data/raw/IAM/images/formsE-H/g06-031f.png,2479,3542,-30.0,12.030706466728825,0.4009095709595063,0.5749318581985619,58.11764705882353,84.28235294117647,0.06404556464665632,-22.0,0.2040562520770178,179,6,85,156,0
g06-031g,g06-031g,338,data/raw/IAM/images/formsE-H/g06-031g.png,2479,3542,-30.0,13.994053773296427,0.381811119351318,0.5042600405924933,58.529411764705884,110.97647058823529,0.06590988886764305,18.428571428571427,0.2436025573598578,140,7,85,119,0
g06-031h,g06-031h,339,data/raw/IAM/images/formsE-H/g06-031h.png,2479,3542,0.0,9.027057936917291,0.3628847393359925,0.5229696327838187,64.9047619047619,127.36904761904762,0.04381248830963498,4.333333333333333,0.32270279836795085,253,9,84,269,3
g06-031i,g06-031i,340,data/raw/IAM/images/formsE-H/g06-031i.png,2479,3542,0.0,8.623480644544939,0.3674699281658941,0.4112559089493711,50.6,97.89411764705882,0.04737788821718651,9.285714285714286,0.24565924630817557,282,7,85,281,2
g06-031j,g06-031j,341,data/raw/IAM/images/formsE-H/g06-031j.png,2479,3542,-63.0,11.431489930798163,0.38761922646290886,0.48363159753294677,79.61176470588235,153.58823529411765,0.05328775869489127,29.2,0.39402909909074735,324,10,85,310,3
g06-031k,g06-031k,342,data/raw/IAM/images/formsE-H/g06-031k.png,2479,3542,-63.0,9.513331734690661,0.42830263500980237,0.4923933506280725,67.75294117647059,117.61176470588235,0.058509914175791655,-7.0,0.3078598795665635,227,9,85,219,0
g06-031l,g06-031l,343,data/raw/IAM/images/formsE-H/g06-031l.png,2479,3542,30.0,10.97462658416826,0.44752348535826403,0.5447495982880078,54.666666666666664,94.51190476190476,0.03945717435998671,13.0,0.23653346495656685,251,7,84,263,1
g06-031m,g06-031m,344,data/raw/IAM/images/formsE-H/g06-031m.png,2479,3542,-30.0,18.585274998017557,0.4546247378250453,0.5691579954782039,65.73809523809524,140.10714285714286,0.05811633478369187,23.22222222222222,0.31451271425314253,117,9,84,112,0
g06-031n,g06-031n,345,data/raw/IAM/images/formsE-H/g06-031n.png,2479,3542,-95.0,11.359580952045544,0.649738085917016,0.5901491708853858,81.46511627906976,198.6046511627907,0.06607769048094636,44.81818181818182,0.4105132463341419,373,11,86,272,2
g06-031o,g06-031o,346,data/raw/IAM/images/formsE-H/g06-031o.png,2479,3542,-63.0,24.291606601758893,0.37619999205234333,0.5896650501795052,78.65882352941176,186.83529411764707,0.07180445438872406,22.636363636363637,0.42145325078485363,108,11,85,107,0
g06-031p,g06-031p,347,data/raw/IAM/images/formsE-H/g06-031p.png,2479,3542,-63.0,8.579682433072351,0.40636615031922796,0.35605788337010813,66.55294117647058,117.2235294117647,0.06736744419485542,-0.75,0.27955913809255795,312,8,85,309,1
g06-031r,g06-031r,348,data/raw/IAM/images/formsE-H/g06-031r.png,2479,3542,-63.0,8.854973305808677,0.4369239658873295,0.4448548807863972,50.61176470588235,116.52941176470588,0.053854511214659936,-9.5,0.283025636692087,233,8,85,229,2
g06-037b,g06-037b,333,data/raw/IAM/images/formsE-H/g06-037b.png,2479,3542,-63.0,8.329631482603187,0.2609797658947089,0.4560648177485725,83.35064935064935,168.67532467532467,0.05355862097567045,-1.8,0.3734707511475844,275,10,77,274,0
g06-037c,g06-037c,334,data/raw/IAM/images/formsE-H/g06-037c.png,2479,3542,-127.0,7.448595993937944,0.30287191995332385,0.5799896845509854,57.97849462365591,116.02150537634408,0.03546990382582039,2.090909090909091,0.3775272993313227,268,11,93,247,1
g06-037d,g06-037d,335,data/raw/IAM/images/formsE-H/g06-037d.png,2479,3542,-95.0,7.94715702038981,0.2956198372676042,0.5231045353911079,76.69473684210526,122.89473684210526,0.05008816766804721,12.8,0.3748547084043515,312,10,95,297,0
g06-037e,g06-037e,336,data/raw/IAM/images/formsE-H/g06-037e.png,2479,3542,0.0,11.610863081897419,0.2683227627231243,0.514936769166821,62.638297872340424,131.5744680851064,0.06676426837693909,-3.6666666666666665,0.31995208082164606,220,9,94,219,0
g06-037f,g06-037f,337,data/raw/IAM/images/formsE-H/g06-037f.png,2479,3542,63.0,11.443170698675207,0.3086739903304921,0.5364576272034762,60.924731182795696,98.03225806451613,0.062437481862984354,-24.75,0.27393311040293516,197,8,93,176,0
g06-037g,g06-037g,338,data/raw/IAM/images/formsE-H/g06-037g.png,2479,3542,-95.0,12.942571595471279,0.3164271713633443,0.4847558674274892,62.526881720430104,128.33333333333334,0.059687287029729766,19.88888888888889,0.3215222436507316,149,9,93,135,0
g06-037h,g06-037h,339,data/raw/IAM/images/formsE-H/g06-037h.png,2479,3542,-30.0,7.270388096854912,0.2869755572641242,0.5812163132129686,63.329787234042556,140.93617021276594,0.04316337026643262,5.545454545454546,0.40744740290489806,303,11,94,338,0
g06-037i,g06-037i,340,data/raw/IAM/images/formsE-H/g06-037i.png,2479,3542,-30.0,5.584244525426074,0.3210625273035273,0.42340507632704316,53.97849462365591,118.89247311827957,0.042011361514405376,10.8,0.36715707254318547,345,10,93,339,0
g06-037j,g06-037j,341,data/raw/IAM/images/formsE-H/g06-037j.png,2479,3542,0.0,11.907620574425856,0.2969264492385673,0.4767926108829891,85.82022471910112,161.74157303370785,0.05875629021862618,25.181818181818183,0.4244368676555568,340,11,89,327,1
g06-037k,g06-037k,342,data/raw/IAM/images/formsE-H/g06-037k.png,2479,3542,-63.0,8.186142728389328,0.32697775248818056,0.4915720378198081,70.08602150537635,129.55913978494624,0.05714052060670586,-5.8,0.3690457778712159,255,10,93,247,0
g06-037l,g06-037l,343,data/raw/IAM/images/formsE-H/g06-037l.png,2479,3542,0.0,6.407941438020923,0.38829559188518975,0.5289797804801921,57.774193548387096,114.55913978494624,0.03620656233442318,12.6,0.35250821753093003,315,10,93,315,1
g06-037m,g06-037m,344,data/raw/IAM/images/formsE-H/g06-037m.png,2479,3542,-127.0,14.54736812303163,0.3071469344773961,0.5834259404852435,67.11827956989248,162.40860215053763,0.057391853826180984,24.454545454545453,0.39686591536039945,125,11,93,118,0
g06-037n,g06-037n,345,data/raw/IAM/images/formsE-H/g06-037n.png,2479,3542,-127.0,10.275834061716928,0.4665919380324897,0.5786934915848642,84.55555555555556,206.46913580246914,0.06475126345748741,44.63636363636363,0.4120719065560078,339,11,81,266,3
g06-037o,g06-037o,346,data/raw/IAM/images/formsE-H/g06-037o.png,2479,3542,-30.0,22.349671407564987,0.27771994058226696,0.5999215930037833,83.23170731707317,201.5121951219512,0.07505432989279041,25.90909090909091,0.4334975055286541,106,11,82,106,1
g06-037p,g06-037p,347,data/raw/IAM/images/formsE-H/g06-037p.png,2479,3542,-95.0,4.904177972090018,0.2920700031898196,0.3581180099536247,69.6774193548387,132.3763440860215,0.06427001627722222,0.6,0.34605787428629736,373,10,93,370,1
g06-037r,g06-037r,348,data/raw/IAM/images/formsE-H/g06-037r.png,2479,3542,0.0,6.21712409346818,0.30138037906247583,0.4294247865544913,52.376344086021504,137.6021505376344,0.056660934883931396,-11.8,0.35235105319466126,260,10,93,252,0
g06-042a,g06-042a,332,data/raw/IAM/images/formsE-H/g06-042a.png,2479,3542,-63.0,5.525562949699819,0.38633295462457673,0.49537236830408926,65.34482758620689,138.77586206896552,0.052821528894853,33.285714285714285,0.23831101637720717,202,7,58,201,0
g06-042b,g06-042b,333,data/raw/IAM/images/formsE-H/g06-042b.png,2479,3542,-127.0,6.058380549075061,0.28220009943816216,0.43282661890111174,80.70689655172414,159.4655172413793,0.05066085948470104,-3.5,0.2790054185252109,193,8,58,193,0
g06-042c,g06-042c,334,data/raw/IAM/images/formsE-H/g06-042c.png,2479,3542,-30.0,5.550175778087989,0.31351382298423486,0.5534740467539709,51.241379310344826,105.5,0.034735862011861386,1.6666666666666667,0.2021886158810234,159,6,58,155,1
g06-042d,g06-042d,335,data/raw/IAM/images/formsE-H/g06-042d.png,2479,3542,-95.0,9.104207387117414,0.3679205737503114,0.531475709951519,70.94827586206897,108.79310344827586,0.05288544613455377,13.4,0.18454373029324359,176,5,58,170,1
g06-042e,g06-042e,336,data/raw/IAM/images/formsE-H/g06-042e.png,2479,3542,-63.0,7.3999597266548065,0.2753447878482859,0.484917321837222,59.327586206896555,120.41379310344827,0.060696085074638015,-3.0,0.1981558701221258,127,6,58,127,0
g06-042f,g06-042f,337,data/raw/IAM/images/formsE-H/g06-042f.png,2479,3542,-30.0,9.982793783644656,0.2846542958983173,0.5351445694141207,57.91379310344828,88.27586206896552,0.05538889239021589,-22.6,0.16263433849416978,107,5,58,97,1
g06-042g,g06-042g,338,data/raw/IAM/images/formsE-H/g06-042g.png,2479,3542,0.0,13.689112614250314,0.40004803483069,0.46350141628882296,61.172413793103445,117.62068965517241,0.06426771836986005,21.4,0.17109558803264188,93,5,58,79,0
g06-042h,g06-042h,339,data/raw/IAM/images/formsE-H/g06-042h.png,2479,3542,-127.0,7.600728653741328,0.3655717083107032,0.5888922100371894,64.13793103448276,137.91379310344828,0.044128006726431926,4.428571428571429,0.24055983303225353,175,7,58,195,1
g06-042i,g06-042i,340,data/raw/IAM/images/formsE-H/g06-042i.png,2479,3542,-63.0,6.173870384843815,0.351686911243594,0.37920848344990804,46.793103448275865,101.37931034482759,0.047892218060757386,11.4,0.16420256524085206,189,5,58,183,0
g06-042j,g06-042j,341,data/raw/IAM/images/formsE-H/g06-042j.png,2479,3542,-63.0,9.534408170444072,0.30336084652346224,0.5236798577056033,78.98275862068965,152.6551724137931,0.05725147572218308,22.428571428571427,0.26623057739216077,228,7,58,216,1
g06-042k,g06-042k,342,data/raw/IAM/images/formsE-H/g06-042k.png,2479,3542,-30.0,9.438432114995308,0.3118074105863314,0.4657316160168778,66.91379310344827,123.34482758620689,0.06373091204586752,-6.0,0.2018149519771843,135,6,58,132,0
g06-042l,g06-042l,343,data/raw/IAM/images/formsE-H/g06-042l.png,2479,3542,-30.0,8.796815277233277,0.40686171394028914,0.48878647566481503,56.275862068965516,105.08620689655173,0.04197848826776723,13.4,0.1726329513480714,178,5,58,174,1
g06-042m,g06-042m,344,data/raw/IAM/images/formsE-H/g06-042m.png,2479,3542,-63.0,12.405578314639412,0.34618432057205784,0.5633540196600608,62.5,151.8448275862069,0.05525553672225653,26.428571428571427,0.2340235049514738,92,7,58,81,0
g06-042n,g06-042n,345,data/raw/IAM/images/formsE-H/g06-042n.png,2479,3542,-63.0,7.749669370840904,0.3815463580408968,0.5754090339600312,79.63793103448276,190.72413793103448,0.06344079417545113,45.0,0.28556714345163403,239,8,58,174,2
g06-042o,g06-042o,346,data/raw/IAM/images/formsE-H/g06-042o.png,2479,3542,-191.0,22.321853621525705,0.3470962269296233,0.5837603674269635,78.37288135593221,192.66101694915255,0.07433664115711505,23.25,0.30575820517416885,78,8,59,74,2
g06-042p,g06-042p,347,data/raw/IAM/images/formsE-H/g06-042p.png,2479,3542,-63.0,5.410217314133978,0.2350916186692886,0.3161117798718902,67.3103448275862,119.43103448275862,0.0716681951166612,1.0,0.19323332366810628,214,6,58,211,0
g06-042r,g06-042r,348,data/raw/IAM/images/formsE-H/g06-042r.png,2479,3542,-30.0,5.710710477833458,0.3102146837153981,0.396279273164624,49.172413793103445,132.9655172413793,0.05612506066226575,-12.0,0.20557505177881558,154,6,58,149,1
g06-045a,g06-045a,332,data/raw/IAM/images/formsE-H/g06-045a.png,2479,3542,-63.0,5.13871640037748,0.34585692421317354,0.5216314352078922,71.5625,166.296875,0.05416126283605561,33.0,0.2908387541742506,279,8,64,278,0
g06-045b,g06-045b,333,data/raw/IAM/images/formsE-H/g06-045b.png,2479,3542,-95.0,7.355165427022454,0.19182048413485195,0.47662935839301157,85.203125,186.828125,0.049592759240120486,-3.2,0.3505344384643541,269,10,64,265,0
g06-045c,g06-045c,334,data/raw/IAM/images/formsE-H/g06-045c.png,2479,3542,-159.0,7.4055492939375815,0.24259023268191102,0.5571112350848549,59.578125,122.78125,0.03911981108852035,0.42857142857142855,0.24982524009130108,214,7,64,209,1
g06-045d,g06-045d,335,data/raw/IAM/images/formsE-H/g06-045d.png,2479,3542,-63.0,6.613681887256574,0.2211262937117747,0.5010678416172367,75.859375,128.8125,0.051696750291018015,11.571428571428571,0.24204423879959247,217,7,64,210,1
g06-045e,g06-045e,336,data/raw/IAM/images/formsE-H/g06-045e.png,2479,3542,-63.0,6.733932736407894,0.2263835844584827,0.5340697834215397,65.703125,137.4375,0.06258013767658771,0.7142857142857143,0.23990691771353678,180,7,64,176,2
g06-045f,g06-045f,337,data/raw/IAM/images/formsE-H/g06-045f.png,2479,3542,0.0,7.668752488863791,0.4069764452482316,0.5573073296156641,61.765625,103.796875,0.06257070237918383,-24.333333333333332,0.1970206425105841,148,6,64,135,1
g06-045g,g06-045g,338,data/raw/IAM/images/formsE-H/g06-045g.png,2479,3542,0.0,12.207518160124396,0.32618907688520443,0.5627461090286008,63.4375,132.234375,0.06982972746265338,20.333333333333332,0.19564602400423295,115,6,64,100,0
g06-045h,g06-045h,339,data/raw/IAM/images/formsE-H/g06-045h.png,2479,3542,30.0,7.253811670040632,0.391270472511544,0.5285101516864835,69.84375,156.0625,0.046684501274067564,3.5,0.29221155048539865,220,8,64,229,3
g06-045i,g06-045i,340,data/raw/IAM/images/formsE-H/g06-045i.png,2479,3542,-30.0,5.045891944492049,0.3456088157356754,0.4055430896064515,53.546875,125.078125,0.048113071139386926,13.0,0.23629316296415584,249,7,64,245,1
g06-045j,g06-045j,341,data/raw/IAM/images/formsE-H/g06-045j.png,2479,3542,0.0,7.689531366009671,0.3069555148034738,0.4535313581030365,86.0923076923077,177.15384615384616,0.05474685663020045,28.11111111111111,0.34020839990989243,273,9,65,255,0
g06-045k,g06-045k,342,data/raw/IAM/images/formsE-H/g06-045k.png,2479,3542,-127.0,9.67201025848161,0.279220805713304,0.511168843997135,72.421875,138.390625,0.06307024467245462,-6.142857142857143,0.24530164049956393,189,7,64,181,1
g06-045l,g06-045l,343,data/raw/IAM/images/formsE-H/g06-045l.png,2479,3542,-30.0,6.777080287497337,0.31577824359207085,0.5678275034474308,64.78125,126.921875,0.04261727649796507,12.428571428571429,0.23393797566412752,257,7,64,254,0
g06-045m,g06-045m,344,data/raw/IAM/images/formsE-H/g06-045m.png,2479,3542,0.0,12.79702572003723,0.3721640192756733,0.6633096366541678,71.125,178.671875,0.05603480892924707,26.77777777777778,0.3040139088159854,109,9,64,102,0
g06-045n,g06-045n,345,data/raw/IAM/images/formsE-H/g06-045n.png,2479,3542,-63.0,10.829199464547093,0.5288045009873252,0.5943211972072884,91.18461538461538,225.58461538461538,0.06602673496221957,44.4,0.3582371992495289,319,10,65,249,0
g06-045o,g06-045o,346,data/raw/IAM/images/formsE-H/g06-045o.png,2479,3542,-30.0,17.16664761894308,0.2826344669734399,0.6653567004284808,80.16666666666667,213.93939393939394,0.06930830624339965,29.4,0.3721627566533472,97,10,66,97,0
g06-045p,g06-045p,347,data/raw/IAM/images/formsE-H/g06-045p.png,2479,3542,-95.0,3.8422129701775347,0.22974905706025137,0.36919679610127415,68.671875,134.234375,0.06482281763180639,1.8571428571428572,0.2404756703913096,288,7,64,287,0
g06-045r,g06-045r,348,data/raw/IAM/images/formsE-H/g06-045r.png,2479,3542,0.0,5.480896976711608,0.31822927300168724,0.4503579759211746,53.984375,144.796875,0.05743313773589126,-10.714285714285714,0.24439099844680637,205,7,64,203,1
g06-047a,g06-047a,332,data/raw/IAM/images/formsE-H/g06-047a.png,2479,3542,-30.0,9.871735729132595,0.38064596161034947,0.5450197968128778,64.23880597014926,146.83582089552237,0.04846304380550956,32.5,0.30262106835760305,263,8,67,264,2
g06-047b,g06-047b,333,data/raw/IAM/images/formsE-H/g06-047b.png,2479,3542,-30.0,10.008936308029165,0.3127654652461595,0.45768839181259235,71.12121212121212,158.1969696969697,0.05181133141067714,-1.5,0.29723773429159545,265,8,66,268,0
g06-047c,g06-047c,334,data/raw/IAM/images/formsE-H/g06-047c.png,2479,3542,-95.0,9.316322891301182,0.3338338680312933,0.5693670559127735,54.78787878787879,120.81818181818181,0.03376348202507143,3.5,0.27487632419494845,208,8,66,209,1
g06-047d,g06-047d,335,data/raw/IAM/images/formsE-H/g06-047d.png,2479,3542,-95.0,8.609617211184531,0.27840734456855754,0.49410900472078084,65.87878787878788,124.65151515151516,0.04948415699520265,13.285714285714286,0.2403398029614772,214,7,66,204,0
g06-047e,g06-047e,336,data/raw/IAM/images/formsE-H/g06-047e.png,2479,3542,-30.0,12.509304244771657,0.3008015391016906,0.5488515788067367,58.96969696969697,128.93939393939394,0.06798924731182796,-1.6666666666666667,0.21183019236231437,154,6,66,153,0
g06-047f,g06-047f,337,data/raw/IAM/images/formsE-H/g06-047f.png,2479,3542,30.0,10.183125178093366,0.39241802637817225,0.5907958216895685,55.81818181818182,97.21212121212122,0.05408775221137252,-19.666666666666668,0.20615724314621134,158,6,66,150,1
g06-047g,g06-047g,338,data/raw/IAM/images/formsE-H/g06-047g.png,2479,3542,-63.0,20.819861137893273,0.37749046661684127,0.5311138321462613,59.96969696969697,129.15151515151516,0.06842363651583332,18.333333333333332,0.20135758098120202,107,6,66,91,1
g06-047h,g06-047h,339,data/raw/IAM/images/formsE-H/g06-047h.png,2479,3542,0.0,11.551914671245308,0.34685097909113843,0.5877549615602352,62.57575757575758,138.8030303030303,0.050662909114199704,0.7142857142857143,0.2542712824997056,194,7,66,201,1
g06-047i,g06-047i,340,data/raw/IAM/images/formsE-H/g06-047i.png,2479,3542,0.0,7.015524440631255,0.33341418817012897,0.40723518747607435,51.15151515151515,122.96969696969697,0.048082825707135096,13.0,0.24117892385251244,249,7,66,240,1
g06-047j,g06-047j,341,data/raw/IAM/images/formsE-H/g06-047j.png,2479,3542,-30.0,11.649758316575875,0.3512931023046728,0.5111619536262028,80.0909090909091,178.27272727272728,0.05098716748216241,30.11111111111111,0.3626813055755301,278,9,66,265,0
g06-047k,g06-047k,342,data/raw/IAM/images/formsE-H/g06-047k.png,2479,3542,-95.0,10.05920335043834,0.3682636316499758,0.5057636488626873,68.0,132.36363636363637,0.052030633171514976,-7.0,0.2737768571642679,202,8,66,197,2
g06-047l,g06-047l,343,data/raw/IAM/images/formsE-H/g06-047l.png,2479,3542,95.0,8.952005044453115,0.30224212999007866,0.5923513600180108,54.53030303030303,124.06060606060606,0.039556192883531016,12.142857142857142,0.2436602981703566,255,7,66,268,1
g06-047m,g06-047m,344,data/raw/IAM/images/formsE-H/g06-047m.png,2479,3542,-30.0,18.911098652892818,0.42180541804461263,0.6361050417564147,64.01515151515152,170.3030303030303,0.05294814163978268,25.444444444444443,0.3079751334131607,102,9,66,95,1
g06-047n,g06-047n,345,data/raw/IAM/images/formsE-H/g06-047n.png,2479,3542,-63.0,12.419453120386613,0.4537300521063593,0.5436933007234912,74.25757575757575,187.33333333333334,0.061316456221147085,43.22222222222222,0.31856083478406644,315,9,66,222,2
g06-047o,g06-047o,346,data/raw/IAM/images/formsE-H/g06-047o.png,2479,3542,-30.0,23.550275064701495,0.3505692585684605,0.6325592089131497,75.56716417910448,199.77611940298507,0.07501956611308418,25.22222222222222,0.3576780130965725,91,9,67,90,0
g06-047p,g06-047p,347,data/raw/IAM/images/formsE-H/g06-047p.png,2479,3542,0.0,8.052635433865781,0.3014125835260812,0.36668703066900615,69.57575757575758,131.13636363636363,0.07232475815871832,-0.14285714285714285,0.24315805561749754,271,7,66,271,0
g06-047r,g06-047r,348,data/raw/IAM/images/formsE-H/g06-047r.png,2479,3542,-30.0,8.778711263907228,0.28119809678023466,0.45392411815137323,50.42424242424242,141.57575757575756,0.0577179333280485,-11.0,0.24135795453121864,209,7,66,197,0
g06-050a,g06-050a,332,data/raw/IAM/images/formsE-H/g06-050a.png,2479,3542,-63.0,7.805002822824242,0.380527857344802,0.5491339029629903,68.48684210526316,152.4078947368421,0.05283292148310308,32.55555555555556,0.3296187124869798,308,9,76,303,0
g06-050b,g06-050b,333,data/raw/IAM/images/formsE-H/g06-050b.png,2479,3542,0.0,9.790776004013152,0.3102804346775452,0.4851980138613433,72.53333333333333,155.28,0.04701336823715614,0.1111111111111111,0.3327273775034969,319,9,75,315,0
g06-050c,g06-050c,334,data/raw/IAM/images/formsE-H/g06-050c.png,2479,3542,-63.0,7.285812949877491,0.3315521316658938,0.5430664168718385,58.78947368421053,124.90789473684211,0.03574030097495862,1.2222222222222223,0.3294224848410442,267,9,76,256,1
g06-050d,g06-050d,335,data/raw/IAM/images/formsE-H/g06-050d.png,2479,3542,-63.0,9.241465001357483,0.2814649290175827,0.4983997507515908,68.0,131.61333333333334,0.05120979740952588,12.0,0.27632155276542036,280,8,75,264,1
g06-050e,g06-050e,336,data/raw/IAM/images/formsE-H/g06-050e.png,2479,3542,-63.0,10.353870750922749,0.31483513844720185,0.5635130402738785,61.44,132.82666666666665,0.06884412955089247,-2.142857142857143,0.24503468890230734,177,7,75,174,0
g06-050f,g06-050f,337,data/raw/IAM/images/formsE-H/g06-050f.png,2479,3542,-30.0,7.939437706553394,0.38252882243266145,0.5860129431216086,57.82666666666667,99.61333333333333,0.06890683135882147,-24.333333333333332,0.20483615162395175,183,6,75,173,0
g06-050g,g06-050g,338,data/raw/IAM/images/formsE-H/g06-050g.png,2479,3542,-63.0,14.208888152651246,0.3650668800333845,0.5984032921293256,61.18666666666667,128.26666666666668,0.064791650332737,19.571428571428573,0.2396773211179441,143,7,75,120,0
g06-050h,g06-050h,339,data/raw/IAM/images/formsE-H/g06-050h.png,2479,3542,-127.0,9.550753722373482,0.33342486010856714,0.5836221336424114,61.14666666666667,138.62666666666667,0.05090543461061605,0.25,0.28429832615426387,247,8,75,258,1
g06-050i,g06-050i,340,data/raw/IAM/images/formsE-H/g06-050i.png,2479,3542,-30.0,8.409465211164115,0.2619593444731806,0.42685736669000907,52.45333333333333,119.45333333333333,0.04781355638380862,10.25,0.27329465875864317,272,8,75,268,1
g06-050j,g06-050j,341,data/raw/IAM/images/formsE-H/g06-050j.png,2479,3542,30.0,14.283095753367544,0.3489051629512301,0.5909443390067253,83.61333333333333,174.84,0.05483273867823329,30.8,0.39069687350024795,327,10,75,325,0
g06-050k,g06-050k,342,data/raw/IAM/images/formsE-H/g06-050k.png,2479,3542,-63.0,9.832083487627273,0.3395397025778147,0.4987785194942415,77.90666666666667,150.61333333333334,0.051593473268665084,-7.0,0.3558829230471022,254,9,75,243,0
g06-050l,g06-050l,343,data/raw/IAM/images/formsE-H/g06-050l.png,2479,3542,0.0,9.569004907594156,0.3904321195330785,0.5544815257194563,62.4,134.2,0.043740063529434346,8.5,0.2848191323207546,289,8,75,299,1
g06-050m,g06-050m,344,data/raw/IAM/images/formsE-H/g06-050m.png,2479,3542,30.0,17.23778463593239,0.35223776269555335,0.7183924190477909,68.27027027027027,180.56756756756758,0.053667944099364887,25.6,0.35384901153882337,120,10,74,109,2
g06-050n,g06-050n,345,data/raw/IAM/images/formsE-H/g06-050n.png,2479,3542,-30.0,10.885534686607961,0.40075748767064034,0.6462807511806147,93.41666666666667,240.18055555555554,0.06717944587628866,44.45454545454545,0.42420704328556375,364,11,72,299,3
g06-050o,g06-050o,346,data/raw/IAM/images/formsE-H/g06-050o.png,2479,3542,-63.0,17.66745498605244,0.39194570805289664,0.7273870657080554,77.60526315789474,197.60526315789474,0.07649988821819807,24.8,0.38206308485348073,114,10,76,113,3
g06-050p,g06-050p,347,data/raw/IAM/images/formsE-H/g06-050p.png,2479,3542,-63.0,9.444866411618575,0.38956179557242615,0.4056502925548284,71.56,132.6,0.07555465401356472,0.14285714285714285,0.2537726843372528,319,7,75,317,1
g06-050r,g06-050r,348,data/raw/IAM/images/formsE-H/g06-050r.png,2479,3542,-63.0,6.656450760034433,0.32472628207737414,0.4933539680572456,53.266666666666666,141.8,0.05544399786230864,-11.5,0.2881154834431927,251,8,75,247,0
g06-089,g06-089,349,data/raw/IAM/images/formsE-H/g06-089.png,2479,3542,63.0,4.853563742535476,0.3455285723275144,0.4837811866620735,50.19047619047619,125.47619047619048,0.03240047268803775,3.4,0.34579023936583964,348,10,84,341,3
g06-093,g06-093,349,data/raw/IAM/images/formsE-H/g06-093.png,2479,3542,63.0,6.792243762185162,0.36476122494438745,0.4879158635620423,47.28947368421053,110.84210526315789,0.03208144361562842,2.75,0.2654751635932687,306,8,76,303,1
g06-096,g06-096,349,data/raw/IAM/images/formsE-H/g06-096.png,2479,3542,127.0,9.439280968538709,0.36392902877357997,0.5189808850458544,44.11842105263158,104.35526315789474,0.03231234174630401,3.2857142857142856,0.24400617359734816,273,7,76,270,2
g06-101,g06-101,349,data/raw/IAM/images/formsE-H/g06-101.png,2479,3542,95.0,5.586495610534192,0.32584091135570115,0.5085657441069819,45.09230769230769,118.86153846153846,0.03219802375524172,2.7142857142857144,0.24187659684090573,278,7,65,273,0
g06-105,g06-105,349,data/raw/IAM/images/formsE-H/g06-105.png,2479,3542,127.0,3.275704080914036,0.2949589200485625,0.5210508641194364,47.806451612903224,125.5,0.03344003382946605,4.428571428571429,0.2316158156521557,275,7,62,269,0
g06-109,g06-109,349,data/raw/IAM/images/formsE-H/g06-109.png,2479,3542,95.0,6.704811964571494,0.39008464906743906,0.5187194942632214,43.526315789473685,104.03947368421052,0.029989817505311378,5.75,0.2522128852433849,299,8,76,292,2
g06-115,g06-115,349,data/raw/IAM/images/formsE-H/g06-115.png,2479,3542,95.0,5.211152927439508,0.3783370590347224,0.49077480457374684,44.0625,109.4375,0.032677792799649025,4.2,0.15263937003067438,184,5,48,181,1
g07-000a,g07-000a,294,data/raw/IAM/images/formsE-H/g07-000a.png,2479,3542,95.0,5.658426930418043,0.324300631336939,0.4100715438210688,48.21590909090909,206.17045454545453,0.0652051073077968,-8.666666666666666,0.4401797231128834,316,12,88,311,2
g07-000b,g07-000b,293,data/raw/IAM/images/formsE-H/g07-000b.png,2479,3542,254.0,17.557671476072965,0.401754055263053,0.7579243577462907,94.19565217391305,135.97826086956522,0.11950145855324414,16.0,0.3567970956030658,2283,10,92,277,1
g07-003a,g07-003a,294,data/raw/IAM/images/formsE-H/g07-003a.png,2479,3542,190.0,2.951646410685282,0.2727064996692341,0.3657056164694367,49.36144578313253,202.65060240963857,0.06369789420835066,-7.7272727272727275,0.41783323223946195,321,11,83,308,1
g07-003b,g07-003b,350,data/raw/IAM/images/formsE-H/g07-003b.png,2479,3542,286.0,9.532468406534282,0.4919202009506159,0.6604123912801175,51.05825242718446,137.9126213592233,0.08613213120610141,39.2,0.3730153162340054,1567,10,103,305,4
g07-007a,g07-007a,294,data/raw/IAM/images/formsE-H/g07-007a.png,2479,3542,159.0,5.144327928123096,0.34512528776592366,0.37752373192471744,50.91025641025641,212.23076923076923,0.06912697913342832,-10.454545454545455,0.40545483245028996,321,11,78,305,0
g07-007b,g07-007b,350,data/raw/IAM/images/formsE-H/g07-007b.png,2479,3542,254.0,10.195773474938802,0.39557658000675827,0.5842229189941365,48.36842105263158,139.78947368421052,0.0633343609138449,40.42857142857143,0.24234922872171413,299,7,76,200,3
g07-010b,g07-010b,350,data/raw/IAM/images/formsE-H/g07-010b.png,2479,3542,286.0,6.815358079362937,0.38761824354845253,0.6385471462434423,52.3469387755102,143.85714285714286,0.07901435009108633,40.0,0.35634166068948675,1138,10,98,310,6
g07-014,g07-014,351,data/raw/IAM/images/formsE-H/g07-014.png,2479,3542,127.0,5.821763938714709,0.3151711621977162,0.3526813326555314,63.42372881355932,212.8135593220339,0.05544103523515553,-14.0,0.3192253665972031,265,8,59,263,0
g07-014b,g07-014b,350,data/raw/IAM/images/formsE-H/g07-014b.png,2479,3542,254.0,7.547613822404623,0.34178192419432496,0.7210159923564209,46.40677966101695,120.2542372881356,0.051441823404947046,35.4,0.1709465096875869,177,5,59,223,1
g07-018a,g07-018a,351,data/raw/IAM/images/formsE-H/g07-018a.png,2479,3542,222.0,6.723321899799942,0.31378732713712826,0.37095520559437933,56.48543689320388,189.01941747572815,0.05824566874341043,-13.909090909090908,0.4543254244746782,482,11,103,470,3
g07-022a,g07-022a,351,data/raw/IAM/images/formsE-H/g07-022a.png,2479,3542,158.0,5.306956119723507,0.29172767425383117,0.4042851773046008,66.77611940298507,202.07462686567163,0.054390300888688,-14.11111111111111,0.3650924114908541,291,9,67,281,0
g07-022b,g07-022b,352,data/raw/IAM/images/formsE-H/g07-022b.png,2479,3542,254.0,8.608995924036353,0.3940010317509087,0.622999712409052,73.19402985074628,154.98507462686567,0.10383774115553965,29.285714285714285,0.2519545890733431,1377,7,67,282,1
g07-026a,g07-026a,351,data/raw/IAM/images/formsE-H/g07-026a.png,2479,3542,222.0,6.708477602641961,0.31022506934580074,0.36170134023945055,63.69512195121951,189.64634146341464,0.05689333778146162,-15.0,0.39736474129725263,328,10,82,318,0
g07-026b,g07-026b,352,data/raw/IAM/images/formsE-H/g07-026b.png,2479,3542,286.0,6.111203462389574,0.33799824929527733,0.636960482982506,71.8048780487805,149.1341463414634,0.10701118156291921,31.444444444444443,0.3280470691242917,2004,9,82,325,0
g07-028a,g07-028a,351,data/raw/IAM/images/formsE-H/g07-028a.png,2479,3542,127.0,5.307010827848301,0.2430057274323441,0.31757436189244115,59.88461538461539,214.96153846153845,0.05702145696813075,-14.142857142857142,0.2665315812622756,260,7,52,251,1
g07-028b,g07-028b,352,data/raw/IAM/images/formsE-H/g07-028b.png,2479,3542,254.0,5.474568075356413,0.38160069730266005,0.6355442890565212,75.62264150943396,188.69811320754718,0.09943574041350142,30.142857142857142,0.2522530874250537,1075,7,53,264,0
g07-030,g07-030,352,data/raw/IAM/images/formsE-H/g07-030.png,2479,3542,222.0,6.957314988360989,0.32090837272164247,0.6088121384710823,64.11111111111111,165.82716049382717,0.08974706944088866,34.0,0.35498435303756526,1305,10,81,389,0
g07-034,g07-034,352,data/raw/IAM/images/formsE-H/g07-034.png,2479,3542,254.0,7.917905497717116,0.4885487176049868,0.5592683297258918,58.54838709677419,152.19354838709677,0.0704814947232313,32.42857142857143,0.24591389808781114,438,7,62,266,1
g07-038,g07-038,353,data/raw/IAM/images/formsE-H/g07-038.png,2479,3542,349.0,12.493783552093538,0.2362428141111985,0.5561990022716766,61.975903614457835,189.3855421686747,0.1181499922266529,7.363636363636363,0.41975075102914167,3219,11,83,151,0
g07-042,g07-042,353,data/raw/IAM/images/formsE-H/g07-042.png,2479,3542,286.0,12.020667991909633,0.23920844735220642,0.5133244617724219,52.7816091954023,157.35632183908046,0.12734986695863623,7.8,0.3578199165480152,2430,10,87,141,0
g07-044,g07-044,353,data/raw/IAM/images/formsE-H/g07-044.png,2479,3542,286.0,12.983544030239727,0.2755638403074809,0.5138244699813566,56.57843137254902,156.18627450980392,0.11346301842547742,10.454545454545455,0.3866872468429899,1415,11,102,162,0
g07-047,g07-047,353,data/raw/IAM/images/formsE-H/g07-047.png,2479,3542,286.0,12.91216587105592,0.317871531985818,0.6057466074351009,59.01980198019802,160.88118811881188,0.11802457244807425,13.909090909090908,0.4124280318310169,1995,11,101,187,0
g07-050,g07-050,353,data/raw/IAM/images/formsE-H/g07-050.png,2479,3542,286.0,11.704968036910227,0.29991035976931696,0.5446195283629798,59.08450704225352,159.07042253521126,0.1089042988120579,16.25,0.28650546009403893,1371,8,71,114,0
g07-065,g07-065,354,data/raw/IAM/images/formsE-H/g07-065.png,2479,3542,190.0,4.62248405729048,0.31724226679134265,0.4310563408324253,73.59677419354838,171.75806451612902,0.05454705197623023,-3.4444444444444446,0.3279523149737296,289,9,62,285,0
g07-069a,g07-069a,354,data/raw/IAM/images/formsE-H/g07-069a.png,2479,3542,95.0,5.426812705206673,0.2569334293011271,0.4254955761016888,78.4776119402985,157.044776119403,0.052864486006618895,-3.0,0.3364191449850113,257,9,67,255,0
g07-071a,g07-071a,354,data/raw/IAM/images/formsE-H/g07-071a.png,2479,3542,190.0,5.470598485018279,0.2838844783019304,0.4208537956844198,77.25581395348837,167.1627906976744,0.05564045855229608,-4.090909090909091,0.4189577544541853,367,11,86,358,1
g07-074a,g07-074a,354,data/raw/IAM/images/formsE-H/g07-074a.png,2479,3542,159.0,4.535615486135813,0.26048446646377654,0.42828090736527813,73.60493827160494,169.87654320987653,0.052721750251719664,-4.2727272727272725,0.40855028655158443,347,11,81,340,0
g07-077a,g07-077a,354,data/raw/IAM/images/formsE-H/g07-077a.png,2479,3542,254.0,5.363141278431669,0.2627980385611304,0.4021321064232557,79.98666666666666,166.22666666666666,0.05082239636425416,-4.8,0.38611587475961257,293,10,75,288,0
g07-079a,g07-079a,285,data/raw/IAM/images/formsE-H/g07-079a.png,2479,3542,254.0,10.99354951377144,0.30027148091220945,0.549561959459036,82.88764044943821,200.25842696629215,0.045990438299677056,-19.5,0.49625026393358646,264,12,89,258,6
g07-084,g07-084,355,data/raw/IAM/images/formsE-H/g07-084.png,2479,3542,127.0,12.621247876958275,0.31282206221537523,0.6010810067041036,41.618556701030926,121.75257731958763,0.10060546651535157,38.25,0.2946371200751473,1928,8,97,143,3
h01-000,h01-000,356,data/raw/IAM/images/formsE-H/h01-000.png,2479,3542,0.0,9.724020748347947,0.30522935795345707,0.4728818676245213,72.6867469879518,211.51807228915663,0.06667279786734454,23.90909090909091,0.45446892234692365,201,11,83,198,3
h01-004,h01-004,301,data/raw/IAM/images/formsE-H/h01-004.png,2479,3542,-30.0,7.940426000573139,0.30628602293993357,0.4819577079164312,70.74193548387096,144.5483870967742,0.07232306248425412,20.0,0.24682021242696128,175,6,62,174,0
h01-007,h01-007,356,data/raw/IAM/images/formsE-H/h01-007.png,2479,3542,-63.0,12.30166333366543,0.3706110901370656,0.5012840214918833,72.52054794520548,210.91780821917808,0.05938100163745229,25.8,0.40715425725159665,191,10,73,189,1
h01-010,h01-010,357,data/raw/IAM/images/formsE-H/h01-010.png,2479,3542,-30.0,3.6021792857073462,0.3095010517317982,0.6158866828551767,77.22222222222223,146.11111111111111,0.05196851370066316,8.25,0.29390619202429713,319,8,72,313,1
h01-014,h01-014,357,data/raw/IAM/images/formsE-H/h01-014.png,2479,3542,-30.0,4.114755414641333,0.36935693779312406,0.5541060450131324,75.0919540229885,147.27586206896552,0.060811951545129084,4.777777777777778,0.3285168538250952,359,9,87,353,2
h01-018,h01-018,357,data/raw/IAM/images/formsE-H/h01-018.png,2479,3542,-63.0,4.603733786836946,0.3540445896671253,0.5763641289257386,77.38709677419355,150.5,0.05097636533737182,9.285714285714286,0.25575956043185116,280,7,62,278,2
h01-024,h01-024,359,data/raw/IAM/images/formsE-H/h01-024.png,2479,3542,-127.0,5.786133030336951,0.3538326900185208,0.532290608029798,64.89156626506023,148.53012048192772,0.06767856924498605,15.0,0.32597534706554826,379,9,83,368,1
h01-027,h01-027,360,data/raw/IAM/images/formsE-H/h01-027.png,2479,3542,-30.0,10.156562399552055,0.26460985713235985,0.5054854916565228,77.13095238095238,194.96428571428572,0.07693856565585147,23.727272727272727,0.44456802471078916,282,11,84,279,1
h01-030,h01-030,361,data/raw/IAM/images/formsE-H/h01-030.png,2479,3542,-30.0,8.424770840242356,0.18695033522461446,0.46261669310939235,92.19298245614036,241.50877192982455,0.076588736314442,0.4,0.402312912371316,215,10,57,215,0
h02-004,h02-004,362,data/raw/IAM/images/formsE-H/h02-004.png,2479,3542,0.0,4.78868490879224,0.26273312403861554,0.5184590599656124,81.25925925925925,159.79012345679013,0.04981239776070432,11.8,0.362722760516401,374,10,81,374,0
h02-008,h02-008,363,data/raw/IAM/images/formsE-H/h02-008.png,2479,3542,0.0,10.679938535324547,0.3170113398126711,0.66623964188963,87.58823529411765,152.73529411764707,0.054911899393480276,1.8571428571428572,0.2802303892505061,253,7,68,248,2
h02-012,h02-012,364,data/raw/IAM/images/formsE-H/h02-012.png,2479,3542,-30.0,5.7675504074692014,0.3148023037931038,0.4270190390444725,82.69333333333333,192.66666666666666,0.06740273692408015,-16.0,0.388417307301149,288,10,75,280,2
h02-017,h02-017,365,data/raw/IAM/images/formsE-H/h02-017.png,2479,3542,-30.0,9.403692718601372,0.24246394057173964,0.43146379431174015,68.42424242424242,150.3181818181818,0.055251815787373294,33.75,0.2853785462481115,221,8,66,209,0
h02-019,h02-019,366,data/raw/IAM/images/formsE-H/h02-019.png,2479,3542,-30.0,7.637194051830851,0.2691316104672543,0.6927627786807893,69.72619047619048,167.4047619047619,0.04174506608749846,2.111111111111111,0.36328445218776173,411,9,84,440,3
h02-022,h02-022,367,data/raw/IAM/images/formsE-H/h02-022.png,2479,3542,0.0,5.165707613646486,0.33670440490268294,0.4702379305412699,56.39506172839506,144.54320987654322,0.045792634159541115,-18.11111111111111,0.32281520503454314,327,9,81,315,3
h02-024,h02-024,368,data/raw/IAM/images/formsE-H/h02-024.png,2479,3542,0.0,4.201869062961548,0.38888689330193943,0.4482652502076808,45.63076923076923,161.6769230769231,0.037496081288661436,35.25,0.282995228809635,312,8,65,301,0
h02-028,h02-028,369,data/raw/IAM/images/formsE-H/h02-028.png,2479,3542,0.0,6.428927170758154,0.2624430802579656,0.5444945606129307,56.734177215189874,164.0253164556962,0.05399696532420126,3.2222222222222223,0.32484774989641957,324,9,79,311,0
h02-035,h02-035,370,data/raw/IAM/images/formsE-H/h02-035.png,2479,3542,30.0,5.8686919321521405,0.3493718561111104,0.47512586848320143,55.44444444444444,175.5888888888889,0.06284526806872037,-20.6,0.3691038603433152,387,10,90,393,3
h02-037,h02-037,371,data/raw/IAM/images/formsE-H/h02-037.png,2479,3542,0.0,4.378621120637168,0.20515951053674514,0.8183256894395766,96.38709677419355,208.90322580645162,0.0360986112593105,23.6,0.37142852587369135,364,10,62,379,1
h02-040,h02-040,372,data/raw/IAM/images/formsE-H/h02-040.png,2479,3542,63.0,7.765423065766079,0.32884386912784996,0.4621139192502141,75.78666666666666,235.92,0.06008400885234205,35.8,0.4328884367820124,304,10,75,298,3
h02-043,h02-043,373,data/raw/IAM/images/formsE-H/h02-043.png,2479,3542,-63.0,10.324800597677934,0.2969883698039534,0.5594730718807616,61.205882352941174,217.39705882352942,0.0510360943695552,44.2,0.37516698710728563,164,10,68,160,4
h02-049,h02-049,375,data/raw/IAM/images/formsE-H/h02-049.png,2479,3542,30.0,5.235551043314869,0.409115977097146,0.5440762005272367,57.151898734177216,128.50632911392404,0.0443828249444837,19.75,0.2714027645890073,360,8,79,360,3
h04-000,h04-000,239,data/raw/IAM/images/formsE-H/h04-000.png,2479,3542,-63.0,16.85877708596513,0.3129355125336385,0.7665460035731473,85.9,181.4,0.04718726188699402,18.4,0.36245455615994226,194,10,70,190,0
h04-007,h04-007,330,data/raw/IAM/images/formsE-H/h04-007.png,2479,3542,-30.0,7.085309102343397,0.3278981668102252,0.5875818233973489,51.82954545454545,124.64772727272727,0.03925588959366557,0.3333333333333333,0.3246589249184966,233,9,88,233,3
h04-021,h04-021,330,data/raw/IAM/images/formsE-H/h04-021.png,2479,3542,-63.0,8.829767613730256,0.30442856403632157,0.628865591528371,53.20238095238095,126.98809523809524,0.03882186596861483,-3.4444444444444446,0.3186429474554069,232,9,84,230,1
h04-025,h04-025,274,data/raw/IAM/images/formsE-H/h04-025.png,2479,3542,0.0,13.80679844142073,0.2514137920306335,0.6346854050522553,73.75280898876404,101.3932584269663,0.06231658201738921,1.8571428571428572,0.25387711889983144,227,7,89,214,0
h04-028,h04-028,376,data/raw/IAM/images/formsE-H/h04-028.png,2479,3542,30.0,18.95504150005755,0.4562294279606231,0.566802526683391,86.75641025641026,153.2051282051282,0.04600141902338002,0.2727272727272727,0.40353446648060537,163,11,78,155,5
h04-035,h04-035,377,data/raw/IAM/images/formsE-H/h04-035.png,2479,3542,0.0,5.318767749479309,0.41278555522715504,0.4431279674767871,58.075949367088604,153.77215189873417,0.04037191328418341,-1.0,0.332432181880592,382,8,79,382,5
h04-049,h04-049,378,data/raw/IAM/images/formsE-H/h04-049.png,2479,3542,-30.0,4.078132620524294,0.29938822925479114,0.6030370463336471,53.05952380952381,140.91666666666666,0.03464582906679844,-0.4,0.36369399055966223,444,10,84,450,4
h04-052,h04-052,379,data/raw/IAM/images/formsE-H/h04-052.png,2479,3542,0.0,4.819411195730249,0.404718301143743,0.43826112095809155,55.77,135.56,0.0430185996495387,-5.8,0.36876880420034214,470,10,100,464,3
h04-055,h04-055,379,data/raw/IAM/images/formsE-H/h04-055.png,2479,3542,0.0,2.908593198947601,0.33436778336314127,0.4374436450302483,63.85507246376812,155.40579710144928,0.04003076032280244,-0.3333333333333333,0.3147045002982706,350,9,69,351,2
h04-057,h04-057,380,data/raw/IAM/images/formsE-H/h04-057.png,2479,3542,0.0,4.575773214740326,0.30772415801291647,0.44345765250167635,61.63157894736842,187.96052631578948,0.04742754179962095,25.8,0.37796997887847983,316,10,76,310,0
h04-061,h04-061,380,data/raw/IAM/images/formsE-H/h04-061.png,2479,3542,30.0,5.236350726364443,0.26429598340864113,0.4654266408312125,63.60919540229885,184.183908045977,0.04942312072403479,24.09090909090909,0.4240175349844396,416,11,87,357,0
h04-071,h04-071,382,data/raw/IAM/images/formsE-H/h04-071.png,2479,3542,-30.0,6.4724186938586605,0.4577725643485035,0.5796249974645031,69.875,136.11111111111111,0.07584480917755801,26.666666666666668,0.2338113330975109,203,6,72,198,1
h04-074,h04-074,382,data/raw/IAM/images/formsE-H/h04-074.png,2479,3542,-30.0,6.834146465975743,0.5076283995193687,0.6176818911311701,83.45945945945945,156.6216216216216,0.07546991219998467,28.75,0.2851589717261359,235,8,74,229,5
h04-078,h04-078,383,data/raw/IAM/images/formsE-H/h04-078.png,2479,3542,30.0,3.120763098642726,0.3774349662756942,0.45564513534508294,48.54929577464789,156.67605633802816,0.04755506900212314,-28.428571428571427,0.2540431664377154,358,7,71,357,2
h04-082,h04-082,383,data/raw/IAM/images/formsE-H/h04-082.png,2479,3542,-30.0,4.853971409873648,0.4836847303938549,0.4621235716480103,46.2890625,154.359375,0.07632852975821348,-32.333333333333336,0.2776779493197404,575,12,128,578,6
h05-012,h05-012,118,data/raw/IAM/images/formsE-H/h05-012.png,2479,3542,-30.0,13.57275826587471,0.3855344518696798,0.5587851425755909,54.986486486486484,113.04054054054055,0.04891595477741126,33.57142857142857,0.22621004580770968,128,7,74,110,0
h06-000,h06-000,349,data/raw/IAM/images/formsE-H/h06-000.png,2479,3542,95.0,4.6903943986395475,0.3127268076216403,0.5180348425012719,47.36619718309859,132.42253521126761,0.03368399774560642,5.5,0.2659261569060401,356,8,71,353,0
h06-003,h06-003,349,data/raw/IAM/images/formsE-H/h06-003.png,2479,3542,63.0,4.296545462985659,0.3154872901966255,0.5161551349952326,43.608247422680414,117.96907216494846,0.03036424924479345,2.090909090909091,0.35921207368319635,388,11,97,376,1
h06-079,h06-079,384,data/raw/IAM/images/formsE-H/h06-079.png,2479,3542,95.0,5.362137477794075,0.30158321091081075,0.5746548582879685,96.0,194.04615384615386,0.052119145155072946,9.666666666666666,0.3486246640042876,284,9,65,287,3
h06-082,h06-082,384,data/raw/IAM/images/formsE-H/h06-082.png,2479,3542,63.0,9.262456756281573,0.37698950993501656,0.6142827064843133,101.32608695652173,175.40217391304347,0.055095205097729076,6.818181818181818,0.4467081929768497,349,11,92,346,3
h06-085,h06-085,384,data/raw/IAM/images/formsE-H/h06-085.png,2479,3542,95.0,5.954973107693579,0.21816700992648244,0.5222139014259062,103.97368421052632,204.35526315789474,0.05645460190715231,2.090909090909091,0.4203517337845696,299,11,76,287,1
h06-089,h06-089,384,data/raw/IAM/images/formsE-H/h06-089.png,2479,3542,95.0,7.9033127145354385,0.2477077609752422,0.5373995271674451,97.84444444444445,191.15555555555557,0.054658397193206525,8.5,0.4793758252551244,351,12,90,341,1
h06-092,h06-092,384,data/raw/IAM/images/formsE-H/h06-092.png,2479,3542,95.0,6.064183138737998,0.2522271017500123,0.5570367772879269,106.73239436619718,189.01408450704224,0.053628578423821446,7.2,0.3763155395212501,264,10,71,257,1
h06-096,h06-096,384,data/raw/IAM/images/formsE-H/h06-096.png,2479,3542,127.0,6.702624455352423,0.25223149087437136,0.5699248842486848,103.96078431372548,189.27450980392157,0.046723945517862665,3.5,0.29645464590305604,195,8,51,199,1
h07-000,h07-000,355,data/raw/IAM/images/formsE-H/h07-000.png,2479,3542,222.0,13.558853702969584,0.304089010282707,0.577423141594226,45.11290322580645,165.61290322580646,0.0846416297416059,16.428571428571427,0.2474106036727711,980,7,62,100,0
h07-003,h07-003,355,data/raw/IAM/images/formsE-H/h07-003.png,2479,3542,286.0,10.441505647484698,0.3295134713867168,0.5409825100455057,42.625,165.95833333333334,0.11403671131252852,14.8,0.3654931805483395,2553,10,96,142,0
h07-007,h07-007,355,data/raw/IAM/images/formsE-H/h07-007.png,2479,3542,286.0,13.828147530732746,0.3279590135940184,0.6021072036849711,43.07368421052632,170.98947368421054,0.09224963234122448,14.8,0.3680762561359576,1462,10,95,143,2
h07-011,h07-011,355,data/raw/IAM/images/formsE-H/h07-011.png,2479,3542,254.0,12.515454448664238,0.26380235830823734,0.5748607507754411,47.089285714285715,163.67857142857142,0.09723534322290953,-0.6666666666666666,0.21964627091168298,1325,6,56,80,0
h07-013,h07-013,385,data/raw/IAM/images/formsE-H/h07-013.png,2479,3542,318.0,9.420001547152573,0.37831938154070954,0.5126166128326735,78.89411764705882,178.57647058823528,0.12050615213785104,25.181818181818183,0.40533456756688424,2904,11,85,292,2
h07-017,h07-017,385,data/raw/IAM/images/formsE-H/h07-017.png,2479,3542,318.0,11.31958530358006,0.34085026087129566,0.49927229169215115,83.075,170.2375,0.1294181359426444,26.8,0.3701220119130567,3141,10,80,252,1
h07-020,h07-020,385,data/raw/IAM/images/formsE-H/h07-020.png,2479,3542,318.0,9.758174382074364,0.36485037675709203,0.5442332146691954,87.5223880597015,196.23880597014926,0.11796489146516664,28.11111111111111,0.31867688584106496,1914,9,67,267,2
h07-023,h07-023,385,data/raw/IAM/images/formsE-H/h07-023.png,2479,3542,286.0,12.794734529642335,0.35897088186078707,0.5743892933633423,81.85915492957747,183.53521126760563,0.11067089973860689,32.77777777777778,0.3277284127381467,1920,9,71,281,0
h07-025,h07-025,386,data/raw/IAM/images/formsE-H/h07-025.png,2479,3542,222.0,7.676144761555497,0.3345740801961216,0.5338133711644427,84.92307692307692,237.6153846153846,0.051675623340955906,37.0,0.38158749190546726,236,11,65,242,0
h07-025a,h07-025a,385,data/raw/IAM/images/formsE-H/h07-025a.png,2479,3542,318.0,10.240272979746377,0.3164217314656204,0.5625609752733646,85.28767123287672,183.31506849315068,0.11312893884554241,26.2,0.36135087530285454,2177,10,73,229,0
h07-028,h07-028,386,data/raw/IAM/images/formsE-H/h07-028.png,2479,3542,158.0,7.385387564739792,0.27467251767241396,0.47780089776384504,74.15254237288136,239.4406779661017,0.04778157849991498,37.0,0.3643697972056181,226,11,59,231,0
h07-028a,h07-028a,387,data/raw/IAM/images/formsE-H/h07-028a.png,2479,3542,318.0,7.336770097373373,0.30676998504306,0.49160075950902,66.19672131147541,178.98360655737704,0.08690491794559087,33.22222222222222,0.2997619301967128,1268,9,61,231,0
h07-030,h07-030,386,data/raw/IAM/images/formsE-H/h07-030.png,2479,3542,190.0,6.284955915969044,0.3135537858323999,0.5062560854974675,83.70833333333333,293.2083333333333,0.04563993120771887,35.8,0.3738170821233767,219,10,48,229,0
h07-030a,h07-030a,387,data/raw/IAM/images/formsE-H/h07-030a.png,2479,3542,286.0,6.50500176108099,0.26434083760385263,0.48256342328865054,71.01369863013699,188.73972602739727,0.11356938800547824,34.0,0.36389147096479996,2683,10,73,268,0
h07-033,h07-033,386,data/raw/IAM/images/formsE-H/h07-033.png,2479,3542,158.0,5.217968226254234,0.3340686393710743,0.5518083989718343,76.03333333333333,233.61666666666667,0.04688086280841649,36.0,0.35845870985390776,248,10,60,258,0
h07-033a,h07-033a,387,data/raw/IAM/images/formsE-H/h07-033a.png,2479,3542,286.0,8.027099361507622,0.3325028456098597,0.508298694367872,64.84042553191489,163.13829787234042,0.11122048255012001,35.18181818181818,0.4102675916433217,2891,11,94,303,0
h07-037,h07-037,386,data/raw/IAM/images/formsE-H/h07-037.png,2479,3542,190.0,5.030963844695965,0.26865115935496214,0.47091387366104265,77.24137931034483,239.79310344827587,0.050877145705893446,35.2,0.346551689186342,207,10,58,211,1
h07-037a,h07-037a,387,data/raw/IAM/images/formsE-H/h07-037a.png,2479,3542,318.0,6.953849630124264,0.2509618112240411,0.48919334853709057,66.48275862068965,164.93103448275863,0.08518485806067505,33.0,0.2785170702107756,1313,8,58,165,0
h07-040,h07-040,388,data/raw/IAM/images/formsE-H/h07-040.png,2479,3542,127.0,6.974468198229297,0.33739345871662235,0.5456093654502405,65.61538461538461,207.89743589743588,0.04093031402751093,42.45454545454545,0.41612332981573735,360,11,78,333,1
h07-040b,h07-040b,387,data/raw/IAM/images/formsE-H/h07-040b.png,2479,3542,254.0,9.323927368705762,0.32446471219184725,0.5206041756980968,65.10227272727273,174.97727272727272,0.09677161503883842,35.54545454545455,0.4117582612066713,2268,11,88,305,1
h07-044a,h07-044a,388,data/raw/IAM/images/formsE-H/h07-044a.png,2479,3542,95.0,5.443569754317098,0.39553569141493655,0.49261063572285674,69.0377358490566,240.96226415094338,0.04121937152319113,42.77777777777778,0.3183088024100354,244,9,53,241,0
h07-051b,h07-051b,388,data/raw/IAM/images/formsE-H/h07-051b.png,2479,3542,317.0,5.7060190687426475,0.4019585824526782,0.58819757475984,65.15584415584415,211.27272727272728,0.04347556229922009,43.18181818181818,0.39450435037716025,317,11,77,316,0
h07-054a,h07-054a,389,data/raw/IAM/images/formsE-H/h07-054a.png,2479,3542,286.0,9.089518804516207,0.3853862228908963,0.7025706372128152,81.45833333333333,172.83333333333334,0.050017540083633356,-6.333333333333333,0.3259469891526997,278,9,72,300,2
h07-057a,h07-057a,389,data/raw/IAM/images/formsE-H/h07-057a.png,2479,3542,254.0,7.680536489205557,0.2830756605025028,0.6777810104441327,82.80882352941177,169.16176470588235,0.05305738887189125,-7.0,0.28661877785823275,252,8,68,259,0
h07-060a,h07-060a,389,data/raw/IAM/images/formsE-H/h07-060a.png,2479,3542,127.0,6.985895237091665,0.29153452509650013,0.6533952011536038,75.9753086419753,150.41975308641975,0.049442143640933064,-8.333333333333334,0.3217427292703088,280,9,81,287,2
h07-060b,h07-060b,390,data/raw/IAM/images/formsE-H/h07-060b.png,2479,3542,286.0,6.015789409944122,0.32104297498285117,0.5571770403590109,89.6375,155.1625,0.13775105742903493,8.8,0.3690677581008535,2665,10,80,267,2
h07-063a,h07-063a,389,data/raw/IAM/images/formsE-H/h07-063a.png,2479,3542,190.0,7.316289666346066,0.3281398572313226,0.613287616165787,76.15555555555555,146.46666666666667,0.05498445778536181,-7.888888888888889,0.3307680621113457,307,9,90,305,1
h07-063b,h07-063b,390,data/raw/IAM/images/formsE-H/h07-063b.png,2479,3542,222.0,9.940570456450903,0.2940152681596536,0.5397292011745217,89.76543209876543,164.66666666666666,0.14670991442365663,7.4,0.3655112886131705,3080,10,81,290,0
h07-066a,h07-066a,389,data/raw/IAM/images/formsE-H/h07-066a.png,2479,3542,159.0,5.3944847536130025,0.3382688179821862,0.6347175592984583,74.125,146.015625,0.04990409034419409,-9.285714285714286,0.25292524968060337,220,7,64,222,0
h07-066b,h07-066b,390,data/raw/IAM/images/formsE-H/h07-066b.png,2479,3542,254.0,10.299385539622206,0.3290154352153927,0.5596321291258038,84.109375,149.046875,0.10475005402541634,4.75,0.29407018959257764,1199,8,64,232,0
h07-069,h07-069,391,data/raw/IAM/images/formsE-H/h07-069.png,2479,3542,285.0,7.2173264607939025,0.33931631876033613,0.4939370973155826,58.440677966101696,151.4915254237288,0.03888160059981718,32.5,0.2737163830609645,216,8,59,201,1
h07-069a,h07-069a,390,data/raw/IAM/images/formsE-H/h07-069a.png,2479,3542,254.0,11.593549943629553,0.3310354596794948,0.5618125322547858,84.66101694915254,135.0677966101695,0.1066857669671706,8.333333333333334,0.22371625778504428,832,6,59,183,3
h07-071,h07-071,391,data/raw/IAM/images/formsE-H/h07-071.png,2479,3542,349.0,7.206993773294251,0.27021335366664945,0.5419821486385173,65.55128205128206,175.0897435897436,0.04398725142133618,30.8,0.3669810029316843,328,10,78,310,1
h07-071a,h07-071a,390,data/raw/IAM/images/formsE-H/h07-071a.png,2479,3542,254.0,10.002455443813508,0.31059175175245635,0.6011510474098077,90.67073170731707,160.609756097561,0.12089592210822006,7.4,0.38272476948661244,2122,10,82,299,0
h07-075,h07-075,391,data/raw/IAM/images/formsE-H/h07-075.png,2479,3542,286.0,7.267520429553824,0.3003373927272335,0.5379192638616622,61.279411764705884,155.47058823529412,0.045888942450077824,32.25,0.2891769121490082,239,8,68,227,1
h07-075a,h07-075a,392,data/raw/IAM/images/formsE-H/h07-075a.png,2479,3542,286.0,14.49576095295175,0.4103844519030151,0.5858038875089684,91.51428571428572,174.32857142857142,0.10731983937702254,18.25,0.34362638256213857,1721,8,70,179,5
h07-078,h07-078,391,data/raw/IAM/images/formsE-H/h07-078.png,2479,3542,190.0,6.0965281032450545,0.330893246614144,0.5293916213607628,65.36111111111111,171.40277777777777,0.04274998595598359,33.4,0.34667275128014907,264,10,72,258,0
h07-078a,h07-078a,392,data/raw/IAM/images/formsE-H/h07-078a.png,2479,3542,318.0,18.54937771947716,0.367333820328602,0.6078878065283241,102.3972602739726,177.82191780821918,0.11316641297713853,13.666666666666666,0.387196550402261,2606,9,73,216,7
h07-080,h07-080,391,data/raw/IAM/images/formsE-H/h07-080.png,2479,3542,317.0,5.784871794715395,0.24008000939186297,0.5413827022906806,66.42857142857143,172.63636363636363,0.04659930345651955,32.4,0.3638603797591468,261,10,77,254,0
h07-080a,h07-080a,392,data/raw/IAM/images/formsE-H/h07-080a.png,2479,3542,318.0,10.696438522725431,0.34659207589282554,0.582452036548109,89.3265306122449,167.4591836734694,0.12886210734393377,12.6,0.45013608381551273,3567,10,98,269,8
h07-084,h07-084,392,data/raw/IAM/images/formsE-H/h07-084.png,2479,3542,254.0,10.071078419577942,0.3418401106201646,0.5371109090002333,84.73404255319149,162.10638297872342,0.11193236979136688,13.4,0.47486589212741065,3343,10,94,247,9
h07-087,h07-087,393,data/raw/IAM/images/formsE-H/h07-087.png,2479,3542,222.0,4.115245276364594,0.2948632911195033,0.4298352575578035,53.035714285714285,120.64285714285714,0.07413939875354818,10.333333333333334,0.08000279706963678,134,3,28,99,0
j01-042,j01-042,394,data/raw/IAM/images/formsI-Z/j01-042.png,2479,3542,-63.0,6.058052982412588,0.2520997092285912,0.6084981016486206,49.395348837209305,127.5813953488372,0.026118982157939452,21.6,0.36352885411937974,292,10,86,291,3
j01-045,j01-045,394,data/raw/IAM/images/formsI-Z/j01-045.png,2479,3542,30.0,5.741774178028143,0.16656410657129253,0.6739897142090326,56.053333333333335,151.62666666666667,0.030437460904134555,21.6,0.3586660984454625,309,10,75,309,1
j01-049,j01-049,395,data/raw/IAM/images/formsI-Z/j01-049.png,2479,3542,-30.0,7.6936623105840996,0.219131917776366,0.622710000344245,72.34693877551021,202.57142857142858,0.04018926794437614,-2.5,0.2717870200024645,218,8,49,205,0
j01-059,j01-059,396,data/raw/IAM/images/formsI-Z/j01-059.png,2479,3542,30.0,5.303362646649278,0.2540807358771114,0.4355286200023578,47.86904761904762,168.17857142857142,0.0676794806689361,43.0,0.23592735727713016,305,11,84,291,0
j01-063,j01-063,397,data/raw/IAM/images/formsI-Z/j01-063.png,2479,3542,-30.0,9.35368657043617,0.2729916311009468,0.5384910772758966,78.54237288135593,185.66101694915255,0.05332944376154253,25.0,0.30685585000964627,250,8,59,245,2
j01-066,j01-066,398,data/raw/IAM/images/formsI-Z/j01-066.png,2479,3542,0.0,8.228608247985248,0.4895069140229838,0.4902719377570114,74.03738317757009,163.4018691588785,0.05782262188353559,37.666666666666664,0.4565680912209141,401,12,107,386,3
j01-070,j01-070,399,data/raw/IAM/images/formsI-Z/j01-070.png,2479,3542,-30.0,14.345079736845026,0.3254919953280326,0.7812423935472166,75.11320754716981,196.64150943396226,0.0498629325035193,-7.0,0.2874443461724448,267,7,53,211,1
j04-008,j04-008,400,data/raw/IAM/images/formsI-Z/j04-008.png,2479,3542,0.0,13.388294934870707,0.3834754704432038,0.6221455591089607,86.17948717948718,157.74358974358975,0.06453275058865494,14.11111111111111,0.3282222276381913,239,9,78,220,3
j04-012,j04-012,401,data/raw/IAM/images/formsI-Z/j04-012.png,2479,3542,0.0,3.4059545821725594,0.2790308860582317,0.3329579873266933,50.69117647058823,212.5735294117647,0.03626224905270745,-23.0,0.3741367634943235,387,10,68,362,3
j04-015,j04-015,402,data/raw/IAM/images/formsI-Z/j04-015.png,2479,3542,0.0,5.6826946782449,0.26222581838643444,0.44420169692829964,74.34782608695652,179.7826086956522,0.06526323530365984,15.666666666666666,0.3159296987979662,222,9,69,228,2
j04-019,j04-019,403,data/raw/IAM/images/formsI-Z/j04-019.png,2479,3542,-30.0,2.9233858069048995,0.2972172306722269,0.4451330415123891,67.44871794871794,189.19230769230768,0.046341624012825045,1.5454545454545454,0.42375661940879333,390,11,78,396,1
j04-024,j04-024,403,data/raw/IAM/images/formsI-Z/j04-024.png,2479,3542,-30.0,4.0375715007500235,0.29254583238485976,0.4715647110322762,72.85526315789474,178.8684210526316,0.05310208392211695,2.6,0.36751308393099436,348,10,76,353,1
j04-035,j04-035,405,data/raw/IAM/images/formsI-Z/j04-035.png,2479,3542,0.0,2.9705991177377973,0.28703330682548633,0.45396170995043417,60.6231884057971,192.1159420289855,0.04370742049208937,-12.6,0.3700106302312662,271,10,69,274,0
j04-039,j04-039,404,data/raw/IAM/images/formsI-Z/j04-039.png,2479,3542,0.0,3.4727995451937983,0.3169205672602027,0.5347315859000767,58.0921052631579,160.55263157894737,0.04897719134590898,8.333333333333334,0.32377629911698697,238,9,76,239,1
j04-046,j04-046,405,data/raw/IAM/images/formsI-Z/j04-046.png,2479,3542,0.0,4.717047700216605,0.25201475159384307,0.41064141326267056,63.36986301369863,210.2876712328767,0.046281003590399016,-13.0,0.3969749054109859,292,11,73,292,0
j04-053,j04-053,407,data/raw/IAM/images/formsI-Z/j04-053.png,2479,3542,-30.0,2.137529975658195,0.2825797576541724,0.3505070374244272,42.707692307692305,125.87692307692308,0.03966204331371824,8.428571428571429,0.23839848174695677,315,7,65,313,0
j04-061,j04-061,408,data/raw/IAM/images/formsI-Z/j04-061.png,2479,3542,0.0,2.869194995499221,0.4237642659904567,0.4805522726179757,43.50704225352113,100.64788732394366,0.03362296815429363,2.4285714285714284,0.24190256312255015,276,7,71,282,0
j04-065,j04-065,408,data/raw/IAM/images/formsI-Z/j04-065.png,2479,3542,0.0,3.289851480015461,0.27693721605895133,0.4661931656659775,48.53012048192771,125.53012048192771,0.037797589198633116,1.6666666666666667,0.3134116528016593,409,9,83,413,3
j04-070,j04-070,409,data/raw/IAM/images/formsI-Z/j04-070.png,2479,3542,-30.0,3.164146728694635,0.38018215443521597,0.34125236006432574,76.66315789473684,155.46315789473684,0.06369410845955469,11.909090909090908,0.4013348490960431,451,11,95,449,3
j04-076,j04-076,409,data/raw/IAM/images/formsI-Z/j04-076.png,2479,3542,-95.0,2.1861022309548575,0.17748874433605813,0.32690717355901044,81.2,185.025,0.0635273320487242,12.0,0.2003606124306968,215,6,40,213,0
j04-080,j04-080,410,data/raw/IAM/images/formsI-Z/j04-080.png,2479,3542,-30.0,2.4970198436578097,0.2825238198609501,0.5292267148181594,67.36065573770492,172.47540983606558,0.03538847337676105,0.7777777777777778,0.31154754710887095,316,9,61,309,1
j04-094,j04-094,411,data/raw/IAM/images/formsI-Z/j04-094.png,2479,3542,-30.0,3.2961026560721476,0.41627733596038474,0.4650445460508081,57.411764705882355,141.5441176470588,0.03543841955386806,17.0,0.307149223437348,324,9,68,325,3
j04-098,j04-098,412,data/raw/IAM/images/formsI-Z/j04-098.png,2479,3542,0.0,4.071508386106055,0.3578837658573279,0.4615688084125422,71.40845070422536,211.9718309859155,0.049130523877830144,12.636363636363637,0.4301635716301518,339,11,71,335,3
j04-103,j04-103,413,data/raw/IAM/images/formsI-Z/j04-103.png,2479,3542,0.0,4.040536220067315,0.35609824770793364,0.48765936271927757,50.01538461538462,144.95384615384614,0.04304171280915467,-5.571428571428571,0.2591571572752624,227,7,65,223,1
j04-111,j04-111,414,data/raw/IAM/images/formsI-Z/j04-111.png,2479,3542,-30.0,5.01205322044799,0.3757505175598493,0.41432243727460594,63.55555555555556,204.16666666666666,0.04834829409303564,-1.8,0.3832586726811256,368,10,72,368,2
j04-115,j04-115,414,data/raw/IAM/images/formsI-Z/j04-115.png,2479,3542,-30.0,3.8072034908149757,0.37155758508032477,0.3849410880272849,66.44444444444444,193.59259259259258,0.04781984512696854,-3.0,0.29320214135269296,216,8,54,216,1
j06-000,j06-000,384,data/raw/IAM/images/formsI-Z/j06-000.png,2479,3542,95.0,7.8579509232231946,0.3123582954279735,0.5664676140376972,91.79746835443038,192.08860759493672,0.05280971212589073,0.6363636363636364,0.4127091054410977,317,11,79,314,0
j06-005,j06-005,384,data/raw/IAM/images/formsI-Z/j06-005.png,2479,3542,63.0,7.594157597276107,0.3745876168120463,0.5613604921829229,95.78666666666666,193.46666666666667,0.0506123450743779,6.2,0.41019994264640597,302,10,75,296,0
j06-008,j06-008,384,data/raw/IAM/images/formsI-Z/j06-008.png,2479,3542,191.0,5.595290943935571,0.27514333927609136,0.5323325623064304,91.5,213.48611111111111,0.04906893869874192,3.3636363636363638,0.43300585448541323,316,11,72,304,3
j06-014,j06-014,384,data/raw/IAM/images/formsI-Z/j06-014.png,2479,3542,127.0,8.22336784532956,0.3470252434363321,0.5255569763635577,88.73563218390805,205.7471264367816,0.056731238650403804,2.1666666666666665,0.46936240706519744,385,12,87,384,0
j06-018,j06-018,415,data/raw/IAM/images/formsI-Z/j06-018.png,2479,3542,127.0,12.017393788461003,0.29645456210211946,0.542608034248967,97.0,227.44776119402985,0.047415123810571815,17.363636363636363,0.44710247046392404,163,11,67,155,1
j06-022,j06-022,415,data/raw/IAM/images/formsI-Z/j06-022.png,2479,3542,95.0,14.269088427332019,0.41432060827644146,0.5578460560262443,97.24590163934427,255.63934426229508,0.05517231945987055,20.636363636363637,0.416305549336049,170,11,61,158,4
j06-026,j06-026,415,data/raw/IAM/images/formsI-Z/j06-026.png,2479,3542,63.0,10.957429254925378,0.2406427923849892,0.5397913915620867,97.5,247.51785714285714,0.05056512230100718,18.8,0.3872132918206896,150,10,56,134,1
j06-030,j06-030,415,data/raw/IAM/images/formsI-Z/j06-030.png,2479,3542,95.0,11.777659721088774,0.21657548658803297,0.6157865440725696,100.18518518518519,265.8333333333333,0.04968354579461888,19.0,0.41097095899172476,151,11,54,144,0
j06-034,j06-034,415,data/raw/IAM/images/formsI-Z/j06-034.png,2479,3542,95.0,11.599379068220962,0.23079590089107863,0.6183811444085773,106.05555555555556,276.24074074074076,0.050039090294662185,22.09090909090909,0.42142899281121216,167,11,54,164,2
j06-051,j06-051,415,data/raw/IAM/images/formsI-Z/j06-051.png,2479,3542,63.0,14.018401999118907,0.29929222823971985,0.6519910874083358,102.07042253521126,224.7605633802817,0.05012380628041945,18.636363636363637,0.4494544689223469,222,11,71,211,2
j06-056,j06-056,415,data/raw/IAM/images/formsI-Z/j06-056.png,2479,3542,127.0,12.280234140802396,0.24027138395734207,0.6104819877598363,110.96875,231.40625,0.05173196398933978,22.454545454545453,0.4250277144501674,207,11,64,196,2
j07-000,j07-000,393,data/raw/IAM/images/formsI-Z/j07-000.png,2479,3542,286.0,3.9594501596453524,0.3027820958365236,0.4281483945372907,55.93846153846154,177.75384615384615,0.09455455748050381,9.5,0.30390457710379837,1583,8,65,342,0
j07-005,j07-005,416,data/raw/IAM/images/formsI-Z/j07-005.png,2479,3542,286.0,10.515680213092962,0.42434322283085324,0.5296640518710394,81.37037037037037,176.71604938271605,0.11879965843479441,20.11111111111111,0.4027803054409154,2560,9,81,255,6
j07-009,j07-009,393,data/raw/IAM/images/formsI-Z/j07-009.png,2479,3542,254.0,4.133403056223363,0.24984292239549147,0.44743609401704154,52.29577464788732,151.0,0.09344794649849089,4.0,0.28330078816775767,1442,8,71,322,0
j07-012,j07-012,393,data/raw/IAM/images/formsI-Z/j07-012.png,2479,3542,318.0,3.7361599103772605,0.2285474764704611,0.4255584424226398,55.8,167.12857142857143,0.10479329505026908,5.0,0.32818783370373245,1969,9,70,330,1
j07-015,j07-015,393,data/raw/IAM/images/formsI-Z/j07-015.png,2479,3542,159.0,4.352975942846752,0.27289725492868516,0.47254134986483787,56.49122807017544,161.08771929824562,0.08874596099870825,2.7142857142857144,0.2489783748706526,1044,7,57,269,2
k01-051,k01-051,417,data/raw/IAM/images/formsI-Z/k01-051.png,2479,3542,-95.0,5.18952853424867,0.23091946923586648,0.6493243703444251,54.406976744186046,137.24418604651163,0.03153230586080116,21.4,0.35510849008577755,280,10,86,282,0
k02-018,k02-018,418,data/raw/IAM/images/formsI-Z/k02-018.png,2479,3542,-95.0,9.277528587252505,0.2548257218698777,0.4454151172178909,49.62903225806452,159.79032258064515,0.056397302488059166,26.25,0.26974786968297676,171,8,62,168,0
k02-023,k02-023,419,data/raw/IAM/images/formsI-Z/k02-023.png,2479,3542,-30.0,19.568903568801527,0.4115346783441327,0.5826919594816526,74.44871794871794,113.2051282051282,0.05991608339872804,17.285714285714285,0.43103002544923374,126,7,78,94,1
k02-029,k02-029,420,data/raw/IAM/images/formsI-Z/k02-029.png,2479,3542,-63.0,8.213844941793383,0.590614334506015,0.5276261179417139,46.32432432432432,104.20270270270271,0.0426643968115319,42.0,0.1992233348495516,285,6,74,262,1
k02-036,k02-036,421,data/raw/IAM/images/formsI-Z/k02-036.png,2479,3542,-127.0,13.067761370202671,0.3739658368411427,0.5631598790792798,61.69736842105263,133.44736842105263,0.047375757707949565,27.5,0.2871762557031863,226,8,76,221,2
k02-053,k02-053,422,data/raw/IAM/images/formsI-Z/k02-053.png,2479,3542,-63.0,12.569162643861313,0.4072620150351433,0.46528707455321217,84.07142857142857,129.8,0.070060109018686,-7.0,0.27334511078832946,191,8,70,178,2
k02-062,k02-062,423,data/raw/IAM/images/formsI-Z/k02-062.png,2479,3542,-63.0,9.428216470991655,0.24696907784554892,0.40007220841212826,95.38095238095238,141.36904761904762,0.07234111430248981,6.333333333333333,0.3588414847337625,277,9,84,274,2
k02-067,k02-067,424,data/raw/IAM/images/formsI-Z/k02-067.png,2479,3542,0.0,20.346294852047976,0.43460041185425813,0.5459147723846168,77.06024096385542,128.34939759036143,0.08188240331097474,2.0,0.2872827402353684,173,8,83,132,1
k02-076,k02-076,425,data/raw/IAM/images/formsI-Z/k02-076.png,2479,3542,-63.0,18.5126637382008,0.37875860636603237,0.6799293345704692,70.5,175.5,0.03809753780722111,35.6,0.370710353189263,132,10,70,127,2
k02-093,k02-093,426,data/raw/IAM/images/formsI-Z/k02-093.png,2479,3542,-95.0,9.451683179477312,0.32315934966858845,0.4756926328016033,57.11864406779661,132.5593220338983,0.06028932277883212,30.666666666666668,0.19473059868906722,181,6,59,175,0
k02-097,k02-097,427,data/raw/IAM/images/formsI-Z/k02-097.png,2479,3542,-95.0,12.053900611637243,0.3641266942533956,0.500045081236828,72.40506329113924,141.64556962025316,0.0427184857027789,19.8,0.36761649350877124,251,10,79,243,0
k02-102,k02-102,428,data/raw/IAM/images/formsI-Z/k02-102.png,2479,3542,-63.0,4.448417053671379,0.27783328978963967,0.41107506189007825,51.626506024096386,111.48192771084338,0.04331608442840722,-16.25,0.27048551707863844,322,8,83,318,1
k02-112,k02-112,429,data/raw/IAM/images/formsI-Z/k02-112.png,2479,3542,30.0,7.778440512261902,0.3584707570533084,0.5267944279233224,54.359375,127.953125,0.053973120912241546,1.2857142857142858,0.24001864105692788,152,7,64,150,0
k02-117,k02-117,430,data/raw/IAM/images/formsI-Z/k02-117.png,2479,3542,-63.0,22.586473204742074,0.3002873543512784,0.6657749241872345,97.73033707865169,150.76404494382024,0.05151481295272145,-9.8,0.39142939597190085,224,10,89,230,5
k03-117,k03-117,431,data/raw/IAM/images/formsI-Z/k03-117.png,2479,3542,30.0,8.151603670712113,0.43369641698102046,0.5747014465255517,76.67647058823529,201.80882352941177,0.05408711890553323,44.77777777777778,0.350672925299791,273,9,68,252,0
k03-138,k03-138,432,data/raw/IAM/images/formsI-Z/k03-138.png,2479,3542,30.0,10.995348295125737,0.3948040095159629,0.7316329047699238,68.34246575342466,107.08219178082192,0.04661648049214829,37.857142857142854,0.23918362010509966,231,7,73,227,1
k03-144,k03-144,433,data/raw/IAM/images/formsI-Z/k03-144.png,2479,3542,0.0,18.164449640321653,0.4268270162899502,0.5703144470034834,62.093023255813954,155.0581395348837,0.04190610279996892,31.666666666666668,0.3693402901709196,255,9,86,252,3
k03-152,k03-152,434,data/raw/IAM/images/formsI-Z/k03-152.png,2479,3542,-30.0,8.82831154094736,0.4192016720160337,0.5527446319472995,52.84705882352941,126.47058823529412,0.05589728003597197,35.0,0.2735422495318667,280,8,85,270,2
k03-157,k03-157,435,data/raw/IAM/images/formsI-Z/k03-157.png,2479,3542,-63.0,9.965226740133932,0.3359403915962795,0.47852983011783795,45.05882352941177,134.11764705882354,0.03680831927249082,45.0,0.2399506503984116,278,7,68,266,3
k03-164,k03-164,436,data/raw/IAM/images/formsI-Z/k03-164.png,2479,3542,30.0,8.897718524616014,0.3075185076449483,0.4169257457669346,49.23684210526316,164.51315789473685,0.03650393834427532,-27.666666666666668,0.35429761322039066,328,9,76,322,4
k03-180,k03-180,420,data/raw/IAM/images/formsI-Z/k03-180.png,2479,3542,-95.0,6.956747287983528,0.4824399111221206,0.7932241717614678,56.515625,130.6875,0.035636021603735316,45.0,0.22908455874062622,294,6,64,283,3
k04-000,k04-000,439,data/raw/IAM/images/formsI-Z/k04-000.png,2479,3542,30.0,13.630957581771922,0.51632391729112,0.394620755166032,75.26865671641791,113.14925373134328,0.0668613817292908,-2.0,0.21021003305234323,222,6,67,212,2
k04-005,k04-005,406,data/raw/IAM/images/formsI-Z/k04-005.png,2479,3542,63.0,8.289221892184447,0.42484929685035694,0.5053091166130966,64.0561797752809,117.14606741573034,0.05826406509755884,-8.142857142857142,0.27333953031551994,259,7,89,250,3
k04-010,k04-010,440,data/raw/IAM/images/formsI-Z/k04-010.png,2479,3542,0.0,16.648439248466357,0.4084226283735932,0.6015621963661112,74.34615384615384,174.06410256410257,0.048427226115286326,2.6363636363636362,0.4215808044490718,180,11,78,179,1
k04-014,k04-014,441,data/raw/IAM/images/formsI-Z/k04-014.png,2479,3542,30.0,12.095377868259197,0.375365738233317,0.5020318226037567,70.11428571428571,139.47142857142856,0.05157592090851444,4.714285714285714,0.25287696150772077,211,7,70,199,3
k04-017,k04-017,239,data/raw/IAM/images/formsI-Z/k04-017.png,2479,3542,0.0,13.721017836361128,0.31286633954850307,0.6977340162278846,70.55421686746988,147.59036144578315,0.04758782046512397,19.2,0.34438635184903843,211,10,83,196,2
k04-022,k04-022,240,data/raw/IAM/images/formsI-Z/k04-022.png,2479,3542,30.0,16.70251412613549,0.3911581033117474,0.5687616387936095,68.16883116883118,139.35064935064935,0.04508283418553689,5.0,0.29233420700000845,252,8,77,249,3
k04-028,k04-028,442,data/raw/IAM/images/formsI-Z/k04-028.png,2479,3542,30.0,7.836301365831652,0.5176041328940149,0.3624964420075001,45.68,119.73333333333333,0.047016351195236825,14.0,0.2563145327584004,276,8,75,268,3
k04-033,k04-033,442,data/raw/IAM/images/formsI-Z/k04-033.png,2479,3542,63.0,7.1106351598415865,0.4254210513882295,0.37448878111725437,51.2,131.425,0.04851431193713073,13.444444444444445,0.309721707515348,344,9,80,328,1
k04-039,k04-039,439,data/raw/IAM/images/formsI-Z/k04-039.png,2479,3542,30.0,18.444174115241257,0.42698643349000764,0.4636148152423505,66.18085106382979,106.40425531914893,0.060996391319392954,-1.75,0.2879780215925576,320,8,94,317,2
k04-050,k04-050,443,data/raw/IAM/images/formsI-Z/k04-050.png,2479,3542,30.0,8.62605290282892,0.39976671423904503,0.4470246263801465,53.588235294117645,135.27941176470588,0.050861094023247254,20.428571428571427,0.25437321154387993,242,7,68,240,2
k04-054,k04-054,443,data/raw/IAM/images/formsI-Z/k04-054.png,2479,3542,30.0,3.8100440057744,0.2597859051912504,0.335570974702426,61.06172839506173,176.93827160493828,0.062488718479887094,22.2,0.37603959083517813,377,10,81,374,1
k04-057,k04-057,444,data/raw/IAM/images/formsI-Z/k04-057.png,2479,3542,0.0,5.351646110389654,0.47044141051488786,0.5159188333798396,59.89041095890411,152.82191780821918,0.038771984114704214,6.5,0.3091422494407569,372,8,73,365,5
k04-061,k04-061,444,data/raw/IAM/images/formsI-Z/k04-061.png,2479,3542,0.0,6.842026654590263,0.4069526240038122,0.5082941817366817,64.32142857142857,150.45238095238096,0.039732400830799,7.666666666666667,0.34489713594191207,433,9,84,425,4
k04-064,k04-064,445,data/raw/IAM/images/formsI-Z/k04-064.png,2479,3542,63.0,4.883624317359241,0.38760573689043293,0.39838196745887416,45.08771929824562,140.75438596491227,0.048567514992460606,15.666666666666666,0.19788356582646005,253,6,57,255,0
k04-068,k04-068,445,data/raw/IAM/images/formsI-Z/k04-068.png,2479,3542,30.0,3.124867728726544,0.38843707306244474,0.4289566410318031,45.380434782608695,127.54347826086956,0.04568221543261313,11.666666666666666,0.3247397848306349,407,9,92,401,0
k04-075,k04-075,446,data/raw/IAM/images/formsI-Z/k04-075.png,2479,3542,30.0,5.1107165821122,0.4456071532130055,0.4792119302302586,88.78873239436619,168.88732394366198,0.06492661966342382,11.5,0.3317038732353463,284,8,71,262,2
k04-079,k04-079,446,data/raw/IAM/images/formsI-Z/k04-079.png,2479,3542,63.0,5.076783908819928,0.5046944947491663,0.46286781190098647,92.14634146341463,203.8048780487805,0.06422310589704454,11.909090909090908,0.4665709179012229,340,11,82,333,3
k04-085,k04-085,447,data/raw/IAM/images/formsI-Z/k04-085.png,2479,3542,30.0,8.919295039162682,0.4063378374330173,0.4393558263983792,58.294117647058826,136.4470588235294,0.05334484442094394,-6.0,0.2920619027043427,277,8,85,267,3
k04-093,k04-093,447,data/raw/IAM/images/formsI-Z/k04-093.png,2479,3542,30.0,7.908737812279796,0.3956692423310381,0.4062650198943068,59.91111111111111,140.0222222222222,0.0502378573432882,-6.333333333333333,0.34742064852382826,318,9,90,301,4
k04-099,k04-099,448,data/raw/IAM/images/formsI-Z/k04-099.png,2479,3542,0.0,5.3668224071102895,0.3827217105114733,0.34894965913212844,48.86440677966102,152.4915254237288,0.04709348463464819,-9.571428571428571,0.23966536296192364,297,7,59,293,0
k04-103,k04-103,448,data/raw/IAM/images/formsI-Z/k04-103.png,2479,3542,30.0,4.029274263212059,0.3284003511305846,0.36567595791340307,51.28378378378378,134.06756756756758,0.045433048923422426,-6.25,0.2779007126833214,347,8,74,344,2
k04-106,k04-106,449,data/raw/IAM/images/formsI-Z/k04-106.png,2479,3542,30.0,7.0625250067890715,0.3296917434486027,0.5148736629598255,70.56060606060606,161.8939393939394,0.0546962692152567,21.285714285714285,0.27587568437665777,335,7,66,313,2
k04-110,k04-110,450,data/raw/IAM/images/formsI-Z/k04-110.png,2479,3542,30.0,6.029266781906487,0.46186229359329495,0.4559516502989761,73.0246913580247,182.85185185185185,0.04872261714649769,-9.363636363636363,0.43367141128335157,349,11,81,323,2
k04-115,k04-115,450,data/raw/IAM/images/formsI-Z/k04-115.png,2479,3542,30.0,4.336959152577115,0.43645019652344236,0.4961610575222473,68.18333333333334,171.4,0.05119049006015557,-9.75,0.29325840162958916,238,8,60,230,2
k04-119,k04-119,449,data/raw/IAM/images/formsI-Z/k04-119.png,2479,3542,95.0,4.760216994162767,0.34740150598272784,0.5034293234634044,67.27397260273973,143.64383561643837,0.057621446971692865,19.0,0.24899204133467598,319,7,73,315,3
k04-126,k04-126,451,data/raw/IAM/images/formsI-Z/k04-126.png,2479,3542,-30.0,14.358041160606632,0.48117259075219837,0.6433554580032452,74.57831325301204,107.03614457831326,0.06810340264149944,19.0,0.2409588937817361,210,7,83,202,4
k04-136,k04-136,451,data/raw/IAM/images/formsI-Z/k04-136.png,2479,3542,-63.0,11.647608508243158,0.503533450370268,0.6194811515672591,83.72916666666667,130.30208333333334,0.07238668677278867,20.11111111111111,0.31856049312246587,295,9,96,288,5
k04-142,k04-142,452,data/raw/IAM/images/formsI-Z/k04-142.png,2479,3542,30.0,10.325954513606918,0.4167315644886754,0.5873167257714498,58.876543209876544,122.51851851851852,0.047993055498966604,-0.7142857142857143,0.26554269870298425,340,7,81,359,1
k04-149,k04-149,452,data/raw/IAM/images/formsI-Z/k04-149.png,2479,3542,30.0,9.277298981992317,0.4256264035617302,0.5594192057668421,62.013333333333335,131.04,0.05048229580604911,-1.0,0.25985539969965665,336,7,75,352,5
k04-156,k04-156,453,data/raw/IAM/images/formsI-Z/k04-156.png,2479,3542,0.0,11.419042719919224,0.508228244287879,0.5570981508895044,72.07865168539325,118.33707865168539,0.056190863645992094,2.7142857142857144,0.2978553445782518,270,7,89,297,6
k04-163,k04-163,453,data/raw/IAM/images/formsI-Z/k04-163.png,2479,3542,30.0,11.579169949697668,0.4414895681248327,0.547877405063733,70.42391304347827,136.6304347826087,0.057520392886246545,4.25,0.33653120999000297,339,8,92,353,1
k07-059a,k07-059a,454,data/raw/IAM/images/formsI-Z/k07-059a.png,2479,3542,190.0,5.328439914569498,0.34128997759790525,0.39262628072584693,56.42857142857143,113.16483516483517,0.04533202013187338,14.777777777777779,0.3129032603399897,341,9,91,325,0
k07-063a,k07-063a,454,data/raw/IAM/images/formsI-Z/k07-063a.png,2479,3542,127.0,6.638006030993936,0.252475644661508,0.41540205984513906,58.68571428571428,113.78571428571429,0.04658512265484327,13.571428571428571,0.23528640011443386,273,7,70,250,0
k07-067a,k07-067a,454,data/raw/IAM/images/formsI-Z/k07-067a.png,2479,3542,127.0,4.230399876813936,0.38320362253552576,0.4152246692119156,56.0,104.73015873015873,0.049411227227264654,13.333333333333334,0.19494026502462583,217,6,63,197,1
k07-077,k07-077,454,data/raw/IAM/images/formsI-Z/k07-077.png,2479,3542,190.0,5.5916889028181584,0.36119940203238904,0.45565466662463316,58.753246753246756,106.46753246753246,0.04895664035291386,13.857142857142858,0.23544584219470657,279,7,77,273,1
k07-085,k07-085,454,data/raw/IAM/images/formsI-Z/k07-085.png,2479,3542,222.0,6.750625223370598,0.4832874489032845,0.4867022900403742,53.895348837209305,98.22093023255815,0.04889431075052917,14.714285714285714,0.2428199245201192,298,7,86,278,1
k07-122,k07-122,455,data/raw/IAM/images/formsI-Z/k07-122.png,2479,3542,127.0,14.66285317344643,0.32974525967662344,0.6385946732026591,73.29411764705883,180.64705882352942,0.05810265734558032,18.11111111111111,0.30516257511715006,139,9,68,114,0
k07-125,k07-125,455,data/raw/IAM/images/formsI-Z/k07-125.png,2479,3542,30.0,8.659245700806041,0.35973552523669794,0.54495953070715,65.95652173913044,121.44927536231884,0.05367714247780008,9.285714285714286,0.23331569600226318,184,7,69,171,0
k07-134,k07-134,455,data/raw/IAM/images/formsI-Z/k07-134.png,2479,3542,63.0,7.160854686568696,0.34330267346826376,0.5743250010587704,76.07575757575758,150.46969696969697,0.053736082979202245,15.5,0.27528631811564974,188,8,66,170,1
k07-141,k07-141,455,data/raw/IAM/images/formsI-Z/k07-141.png,2479,3542,63.0,10.855454043815643,0.26966713342203374,0.5135176602241658,76.98461538461538,164.01538461538462,0.05913716671256115,11.0,0.2680020927911908,160,8,65,142,0
k07-146,k07-146,455,data/raw/IAM/images/formsI-Z/k07-146.png,2479,3542,30.0,16.818452844491354,0.36218108048999,0.7213918934064147,81.76388888888889,167.90277777777777,0.06384767851630434,19.444444444444443,0.2980956465706628,145,9,72,127,0
k07-152,k07-152,456,data/raw/IAM/images/formsI-Z/k07-152.png,2479,3542,0.0,8.667306175152957,0.2818231014886505,0.4956063050726678,66.79661016949153,156.3728813559322,0.0448312874189631,21.5,0.30038124879137207,185,8,59,169,0
k07-158,k07-158,456,data/raw/IAM/images/formsI-Z/k07-158.png,2479,3542,0.0,10.128189708321216,0.37238457541194203,0.46402321012381015,64.47826086956522,130.57971014492753,0.04210882018494282,24.555555555555557,0.3184901108327455,182,9,69,167,1
k07-166,k07-166,456,data/raw/IAM/images/formsI-Z/k07-166.png,2479,3542,-30.0,8.976459556133246,0.4054839840674102,0.5152344960040779,69.78481012658227,144.67088607594937,0.04789993327237229,21.8,0.36865742251855166,249,10,79,231,2
k07-176,k07-176,456,data/raw/IAM/images/formsI-Z/k07-176.png,2479,3542,-30.0,7.093828885507434,0.31049834531473963,0.480992791900982,69.72839506172839,184.320987654321,0.05016939855649533,21.666666666666668,0.4526281635301752,280,12,81,257,0
k07-185,k07-185,456,data/raw/IAM/images/formsI-Z/k07-185.png,2479,3542,63.0,7.090838762286341,0.28138258391402265,0.47859682633307504,74.83333333333333,196.24358974358975,0.0504112786351481,23.0,0.4600307176556365,303,12,78,273,3
l01-000,l01-000,457,data/raw/IAM/images/formsI-Z/l01-000.png,2479,3542,-191.0,20.70998485905214,0.555046716077396,0.5726587073467686,115.11842105263158,267.89473684210526,0.09711224204168296,32.81818181818182,0.46707919647569224,162,11,76,134,5
l01-007,l01-007,458,data/raw/IAM/images/formsI-Z/l01-007.png,2479,3542,30.0,4.94726265091509,0.32691205197846335,0.3846420965243514,46.67213114754098,138.2295081967213,0.06299575538296649,-15.666666666666666,0.20359341449542617,143,6,61,140,1
l01-016,l01-016,458,data/raw/IAM/images/formsI-Z/l01-016.png,2479,3542,0.0,4.041812807424546,0.25617251692091697,0.40289518269739893,44.6231884057971,128.53623188405797,0.049831737956433496,-17.0,0.24454383506946778,157,7,69,155,1
l01-023,l01-023,458,data/raw/IAM/images/formsI-Z/l01-023.png,2479,3542,-127.0,5.72999369174643,0.2968257975135767,0.4331529020540301,55.21875,164.359375,0.06273549478933096,-14.714285714285714,0.25141578872922155,175,7,64,174,3
l01-030,l01-030,459,data/raw/IAM/images/formsI-Z/l01-030.png,2479,3542,-95.0,14.277604240503955,0.5155978651619088,0.6560539102940877,96.26086956521739,195.18840579710144,0.0539092266618399,30.555555555555557,0.37751898556570845,177,9,69,180,3
l01-050,l01-050,460,data/raw/IAM/images/formsI-Z/l01-050.png,2479,3542,0.0,11.973885525207457,0.35210768700957484,0.5056314074829233,60.92307692307692,123.1025641025641,0.04569548900510935,30.333333333333332,0.30225207382897196,170,9,78,168,1
l01-065,l01-065,461,data/raw/IAM/images/formsI-Z/l01-065.png,2479,3542,-63.0,12.446704885189424,0.3748354777661392,0.6028186812987931,81.59154929577464,229.01408450704224,0.08789359018461186,37.5,0.2731328250471664,271,12,71,274,8
l01-082,l01-082,462,data/raw/IAM/images/formsI-Z/l01-082.png,2479,3542,95.0,23.20340811487274,0.4749537905641554,0.6733714663700155,49.16883116883117,79.94805194805195,0.04533779646382738,19.0,0.17780479688331732,172,5,77,143,2
l01-095,l01-095,463,data/raw/IAM/images/formsI-Z/l01-095.png,2479,3542,63.0,3.9564728652179846,0.2987288963681345,0.5146231922295058,41.73255813953488,126.63953488372093,0.03286854990583804,-13.666666666666666,0.30237051651717456,264,9,86,264,1
l01-105,l01-105,464,data/raw/IAM/images/formsI-Z/l01-105.png,2479,3542,159.0,7.6620582540564435,0.24913711107100645,0.5284187888794623,65.94666666666667,177.54666666666665,0.04237412614887977,-2.272727272727273,0.4101582599311347,179,11,75,180,0
l01-111,l01-111,465,data/raw/IAM/images/formsI-Z/l01-111.png,2479,3542,127.0,11.760136108164952,0.37623782081725843,0.391845108233558,66.39506172839506,140.60493827160494,0.049843223336312796,18.77777777777778,0.33713595102303734,216,9,81,208,0
l01-119,l01-119,466,data/raw/IAM/images/formsI-Z/l01-119.png,2479,3542,30.0,13.629162216543506,0.5097045961654989,0.4351873969521931,50.473118279569896,73.73118279569893,0.04938914122297922,15.0,0.25996894523825087,276,8,93,263,3
l01-129,l01-129,467,data/raw/IAM/images/formsI-Z/l01-129.png,2479,3542,127.0,5.583123587422055,0.2938182221742785,0.6394478497733219,41.57142857142857,159.46031746031747,0.034595536519478616,-21.75,0.279724616194441,209,8,63,193,2
l01-133,l01-133,468,data/raw/IAM/images/formsI-Z/l01-133.png,2479,3542,63.0,7.603210044989988,0.294095382379392,0.6186312565494017,61.5875,156.75,0.04617813194128619,26.77777777777778,0.345577042527075,322,9,80,359,2
l01-143,l01-143,469,data/raw/IAM/images/formsI-Z/l01-143.png,2479,3542,63.0,8.2929829170014,0.3046948607211609,0.4622460115738791,76.41666666666667,156.8,0.06296965368510972,-10.714285714285714,0.24397713236129848,179,7,60,174,1
l01-157,l01-157,470,data/raw/IAM/images/formsI-Z/l01-157.png,2479,3542,159.0,15.387638001920221,0.39101974000738204,0.5690205793336695,56.18604651162791,107.5813953488372,0.03928408577938247,25.25,0.2992156132973784,157,8,86,156,0
l01-173,l01-173,471,data/raw/IAM/images/formsI-Z/l01-173.png,2479,3542,63.0,13.215188474000483,0.42835733135547427,0.5078131758413751,75.10588235294118,150.38823529411764,0.05599452068800942,12.75,0.3252428245938953,256,8,85,254,2
l01-179,l01-179,472,data/raw/IAM/images/formsI-Z/l01-179.png,2479,3542,95.0,21.576543706470513,0.35375160153345275,0.611446961250528,94.86666666666666,176.57333333333332,0.07204211532193404,-1.4444444444444444,0.35325178706100185,101,9,75,100,1
l01-187,l01-187,473,data/raw/IAM/images/formsI-Z/l01-187.png,2479,3542,0.0,11.098341555820799,0.32566590162832226,0.646982164004912,66.64444444444445,166.17777777777778,0.051250334341057295,38.81818181818182,0.4219576571945164,227,11,90,210,0
l01-195,l01-195,474,data/raw/IAM/images/formsI-Z/l01-195.png,2479,3542,63.0,10.495451689150496,0.40580421097837016,0.5690422848612566,52.45945945945946,160.14864864864865,0.05122434971324215,40.25,0.2913526132215295,173,8,74,151,1
l01-199,l01-199,475,data/raw/IAM/images/formsI-Z/l01-199.png,2479,3542,63.0,17.338073207716757,0.5291906084688872,0.5977902615568755,71.47872340425532,213.12765957446808,0.061271991807644546,45.0,0.4143801723295559,159,11,94,127,2
l03-000,l03-000,476,data/raw/IAM/images/formsI-Z/l03-000.png,2479,3542,-63.0,14.821943988594628,0.32114833529859665,0.6891349745129333,104.82,207.38,0.04612082867382648,-9.75,0.30226482919539377,174,8,50,176,4
l03-004,l03-004,477,data/raw/IAM/images/formsI-Z/l03-004.png,2479,3542,-30.0,6.720218196245527,0.31370493161924345,0.5327674820591294,100.95,151.225,0.06027292074778108,-5.4,0.37672974726835856,351,10,80,300,0
l03-008,l03-008,478,data/raw/IAM/images/formsI-Z/l03-008.png,2479,3542,0.0,8.666405585571397,0.3411681383477744,0.5371036875565339,74.92,201.29333333333332,0.052029068436713205,2.6,0.39805854212083935,302,10,75,310,2
l04-000,l04-000,479,data/raw/IAM/images/formsI-Z/l04-000.png,2479,3542,63.0,7.340164928113903,0.4398723320542344,0.6819480123091071,53.82,105.24,0.03408849260852053,0.6,0.18209060000104776,210,5,50,214,2
l04-005,l04-005,480,data/raw/IAM/images/formsI-Z/l04-005.png,2479,3542,63.0,11.03812869703005,0.4131109361279859,0.5411616914761954,76.10975609756098,138.6219512195122,0.06521746076121251,13.857142857142858,0.28516216056774135,269,7,82,264,0
l04-012,l04-012,480,data/raw/IAM/images/formsI-Z/l04-012.png,2479,3542,0.0,10.232909822461979,0.4350585291864495,0.5072041448694244,86.54545454545455,146.85714285714286,0.05924070975734529,12.75,0.32258105295094264,254,8,77,247,0
l04-020,l04-020,481,data/raw/IAM/images/formsI-Z/l04-020.png,2479,3542,0.0,9.254364469790477,0.4453384686027005,0.49696349875468704,53.888888888888886,91.41111111111111,0.04822428871602415,8.428571428571429,0.2427102511463316,285,7,90,283,2
l04-026,l04-026,481,data/raw/IAM/images/formsI-Z/l04-026.png,2479,3542,63.0,11.07136611781151,0.5163704763180307,0.4612142516029178,52.18627450980392,88.0,0.0477489693020878,3.75,0.26911112634668766,352,8,102,347,6
l04-034,l04-034,482,data/raw/IAM/images/formsI-Z/l04-034.png,2479,3542,30.0,10.7490319910627,0.564528772508294,0.5843761524499873,61.80232558139535,134.74418604651163,0.041189920207789464,30.11111111111111,0.3274505279696714,297,9,86,299,2
l04-043,l04-043,482,data/raw/IAM/images/formsI-Z/l04-043.png,2479,3542,63.0,7.744719748035548,0.5202434157978569,0.5614115330113812,59.78048780487805,130.97560975609755,0.03303724188393789,30.333333333333332,0.33868413362248534,268,9,82,268,4
l04-052,l04-052,483,data/raw/IAM/images/formsI-Z/l04-052.png,2479,3542,0.0,14.954266035110695,0.5422738446812397,0.5224124082350237,56.760416666666664,140.73958333333334,0.053495119916827094,39.22222222222222,0.3457164404601134,295,9,96,292,5
l04-062,l04-062,483,data/raw/IAM/images/formsI-Z/l04-062.png,2479,3542,63.0,2.84474509348954,0.37758731765555215,0.4701689414411996,66.6875,211.03125,0.05065154031777868,37.6,0.36340266710156394,294,10,64,292,1
l04-066,l04-066,484,data/raw/IAM/images/formsI-Z/l04-066.png,2479,3542,63.0,3.892352136782238,0.35173554562170073,0.5322889457239366,53.333333333333336,110.77380952380952,0.03843758345178995,13.25,0.27464718314815656,259,8,84,259,0
l04-071,l04-071,484,data/raw/IAM/images/formsI-Z/l04-071.png,2479,3542,0.0,3.5513201213317966,0.2978444890471092,0.5472618073446306,53.92,114.05,0.039919444444444445,13.666666666666666,0.3279951365610029,330,9,100,343,1
l04-082,l04-082,485,data/raw/IAM/images/formsI-Z/l04-082.png,2479,3542,30.0,6.889850779659554,0.4326900445256259,0.5355259112014827,87.91666666666667,185.09722222222223,0.06086016540702591,6.111111111111111,0.3542058201370336,280,9,72,275,1
l04-087,l04-087,486,data/raw/IAM/images/formsI-Z/l04-087.png,2479,3542,0.0,3.6510713485593524,0.40400875771814776,0.49714849922425336,55.2,128.26666666666668,0.04339037795316611,-18.0,0.21861217513391426,246,6,60,246,0
l04-093,l04-093,486,data/raw/IAM/images/formsI-Z/l04-093.png,2479,3542,30.0,3.9466755886971963,0.2905296600304574,0.4744654375055205,53.083333333333336,118.42857142857143,0.03924503800609844,-14.25,0.2922236225286193,355,8,84,360,2
l04-098,l04-098,487,data/raw/IAM/images/formsI-Z/l04-098.png,2479,3542,63.0,7.634364554374711,0.3123291247795061,0.6020145476055871,89.04838709677419,177.3548387096774,0.04964868159142482,13.75,0.3040398750976298,215,8,62,215,4
l04-102,l04-102,487,data/raw/IAM/images/formsI-Z/l04-102.png,2479,3542,95.0,6.609293954427439,0.31601190779838123,0.5750098249810828,81.77272727272727,177.9090909090909,0.04859862544429903,3.4444444444444446,0.3184901108327455,275,9,66,267,0
l04-106,l04-106,488,data/raw/IAM/images/formsI-Z/l04-106.png,2479,3542,63.0,9.64594951546071,0.37533899989144087,0.48146230193256007,54.925925925925924,105.39506172839506,0.03784363803333068,-1.0,0.2532392366915404,292,7,81,292,1
l04-113,l04-113,488,data/raw/IAM/images/formsI-Z/l04-113.png,2479,3542,30.0,8.21777244124698,0.41074891097974225,0.47172277664392526,49.61971830985915,103.15492957746478,0.036089300640772905,-2.0,0.2140451845189029,268,6,71,267,1
l04-118,l04-118,489,data/raw/IAM/images/formsI-Z/l04-118.png,2479,3542,63.0,7.32631571754839,0.4081070758077111,0.47611905561063944,54.91891891891892,146.45945945945945,0.04892198956662804,-23.75,0.30103222802768553,301,8,74,306,2
l04-124,l04-124,489,data/raw/IAM/images/formsI-Z/l04-124.png,2479,3542,95.0,6.968676594238561,0.3891922067718311,0.4648049598725145,57.694117647058825,152.8,0.0464239044896342,-23.4,0.37598014171667643,366,10,85,365,0
l04-130,l04-130,490,data/raw/IAM/images/formsI-Z/l04-130.png,2479,3542,30.0,9.127375350923403,0.37475301716268294,0.5977532483472834,59.88421052631579,132.34736842105264,0.0413894372547586,33.0,0.3551408340506329,284,10,95,283,5
l04-136,l04-136,490,data/raw/IAM/images/formsI-Z/l04-136.png,2479,3542,30.0,9.354134278595996,0.389201438403396,0.5484057247319492,62.223684210526315,142.03947368421052,0.044247403782416914,35.5,0.2783334840440616,218,8,76,216,4
l04-141,l04-141,491,data/raw/IAM/images/formsI-Z/l04-141.png,2479,3542,63.0,8.215502629593264,0.47384130640892747,0.4750780370907269,62.33783783783784,127.93243243243244,0.05224472114559703,12.428571428571429,0.2686854159923595,258,7,74,254,1
l04-147,l04-147,491,data/raw/IAM/images/formsI-Z/l04-147.png,2479,3542,95.0,12.900493154455164,0.4935990956267786,0.5415244513623513,57.61643835616438,99.61643835616438,0.05276353434626816,10.333333333333334,0.20500265471063653,231,6,73,227,3
l04-153,l04-153,492,data/raw/IAM/images/formsI-Z/l04-153.png,2479,3542,63.0,8.081523356962727,0.38200535503337973,0.5804500813666893,71.62337662337663,124.92207792207792,0.04252171565442051,13.5,0.29022922987880806,333,8,77,344,3
l04-159,l04-159,492,data/raw/IAM/images/formsI-Z/l04-159.png,2479,3542,30.0,4.24646644075497,0.2945580025589985,0.60044441867528,72.47560975609755,148.17073170731706,0.04776545122191441,14.555555555555555,0.33475582242616636,404,9,82,426,1
l04-163,l04-163,493,data/raw/IAM/images/formsI-Z/l04-163.png,2479,3542,30.0,5.459859509555996,0.4403831814093392,0.3648431697085309,56.525,138.0375,0.03993893129770992,-2.5555555555555554,0.3356825225741514,313,9,80,309,3
l04-170,l04-170,493,data/raw/IAM/images/formsI-Z/l04-170.png,2479,3542,95.0,4.735149858180821,0.2652254840363553,0.42068183792652025,55.9375,148.640625,0.04040978522802209,-1.0,0.2787418835439601,277,8,64,277,0
l04-174,l04-174,494,data/raw/IAM/images/formsI-Z/l04-174.png,2479,3542,63.0,11.621975782467727,0.384076008590152,0.5241237766330701,59.65573770491803,110.59016393442623,0.04143519498500236,0.6666666666666666,0.217900494019897,190,6,61,189,2
l04-179,l04-179,494,data/raw/IAM/images/formsI-Z/l04-179.png,2479,3542,63.0,8.444153208935903,0.36719797447208674,0.5052786120617164,58.01298701298701,125.32467532467533,0.04413649487083734,-2.25,0.28941618915661743,319,8,77,311,1
l07-052,l07-052,495,data/raw/IAM/images/formsI-Z/l07-052.png,2479,3542,63.0,9.280703850583436,0.40270844762387553,0.6538384912675513,45.128571428571426,76.1,0.04030579878213857,15.0,0.16911087579484724,170,5,70,171,2
l07-065,l07-065,495,data/raw/IAM/images/formsI-Z/l07-065.png,2479,3542,-30.0,10.770795555266925,0.4126333192232319,0.6219572673977573,47.85507246376812,90.71014492753623,0.04582492602221759,11.8,0.17373014063474804,185,5,69,183,1
l07-074,l07-074,495,data/raw/IAM/images/formsI-Z/l07-074.png,2479,3542,0.0,10.83556291718959,0.4792731055282093,0.6287511037040033,49.351351351351354,86.63513513513513,0.03667488433828609,8.666666666666666,0.22617587964765123,199,6,74,198,2
l07-080,l07-080,496,data/raw/IAM/images/formsI-Z/l07-080.png,2479,3542,0.0,5.585978060326094,0.3916624213124356,0.41514580285028513,75.59722222222223,173.80555555555554,0.046125095014693994,20.2,0.37636895261814146,259,10,72,256,0
l07-085,l07-085,496,data/raw/IAM/images/formsI-Z/l07-085.png,2479,3542,30.0,12.063601396796303,0.43191908278818086,0.4507631157426578,69.71052631578948,147.46052631578948,0.048347113980673824,23.0,0.3308744327563276,251,9,76,250,2
l07-103,l07-103,496,data/raw/IAM/images/formsI-Z/l07-103.png,2479,3542,63.0,11.243986137442326,0.523016270690185,0.4571242208261764,68.58823529411765,140.5,0.045973975579274136,20.5,0.30053761591723954,214,8,68,211,4
l07-111,l07-111,496,data/raw/IAM/images/formsI-Z/l07-111.png,2479,3542,-30.0,6.1870604458734375,0.3703336635066837,0.44454114136340306,76.88235294117646,184.0705882352941,0.046164485240655195,20.0,0.4805543300027401,345,12,85,336,2
l07-118,l07-118,497,data/raw/IAM/images/formsI-Z/l07-118.png,2479,3542,0.0,15.239062731600196,0.36028860135286694,0.4377966169641797,67.01612903225806,146.8709677419355,0.07721527182644815,-4.142857142857143,0.2673784464829241,141,7,62,131,1
l07-131,l07-131,497,data/raw/IAM/images/formsI-Z/l07-131.png,2479,3542,0.0,9.243991843449525,0.26031095013312866,0.41902265606169486,76.91803278688525,189.52459016393442,0.08935869685282719,-6.0,0.2907492388348975,142,8,61,133,0
l07-135,l07-135,497,data/raw/IAM/images/formsI-Z/l07-135.png,2479,3542,63.0,7.996141492441279,0.2669668041298235,0.43235595256745013,75.0958904109589,186.013698630137,0.09249751653791512,-6.333333333333333,0.3283449980400013,176,9,73,168,1
l07-138,l07-138,497,data/raw/IAM/images/formsI-Z/l07-138.png,2479,3542,63.0,6.970912693041447,0.31292887440858763,0.40216179704583155,79.0,174.35714285714286,0.08278980369915241,-5.571428571428571,0.2602395412259137,135,7,56,127,0
l07-172,l07-172,498,data/raw/IAM/images/formsI-Z/l07-172.png,2479,3542,0.0,4.919132894553116,0.29992333170936153,0.4206015688176375,59.853932584269664,184.79775280898878,0.055495406824146984,-19.90909090909091,0.4096112597085991,285,11,89,260,0
l07-176,l07-176,498,data/raw/IAM/images/formsI-Z/l07-176.png,2479,3542,30.0,6.213915580368293,0.29029844595852133,0.4411838370019818,56.58904109589041,135.97260273972603,0.05839755489302657,-21.285714285714285,0.2429487309435395,176,7,73,156,2
l07-181,l07-181,498,data/raw/IAM/images/formsI-Z/l07-181.png,2479,3542,63.0,4.592513988444314,0.34693844192686796,0.4210201160819212,58.96341463414634,158.8048780487805,0.05606804894272206,-19.666666666666668,0.3271969011748376,224,9,82,196,2
l07-187,l07-187,498,data/raw/IAM/images/formsI-Z/l07-187.png,2479,3542,30.0,3.8410681874777515,0.3389094662598178,0.43143502084538626,58.23684210526316,176.96052631578948,0.059142112575277093,-19.666666666666668,0.3272416588445141,232,9,76,208,2
l07-190,l07-190,498,data/raw/IAM/images/formsI-Z/l07-190.png,2479,3542,0.0,5.993118873509767,0.3843602983478556,0.4207889053799632,52.68421052631579,128.75438596491227,0.06169331548533152,-17.0,0.1664151657662365,152,5,57,126,2
m01-000,m01-000,499,data/raw/IAM/images/formsI-Z/m01-000.png,2479,3542,127.0,9.22612988865624,0.36116561258161717,0.4407864672016784,72.11290322580645,157.19354838709677,0.06988730019364593,17.75,0.30041211222262487,221,8,62,214,2
m01-012,m01-012,500,data/raw/IAM/images/formsI-Z/m01-012.png,2479,3542,95.0,14.153286357746659,0.24720881232103553,0.6127981131593069,96.1842105263158,212.17105263157896,0.056583959356033275,15.181818181818182,0.4514693612681932,191,11,76,197,1
m01-017,m01-017,501,data/raw/IAM/images/formsI-Z/m01-017.png,2479,3542,63.0,5.482964200003083,0.3996886583790153,0.5419228642085766,100.0327868852459,182.2622950819672,0.06253588504926949,28.75,0.32272227307918416,210,8,61,197,1
m01-022,m01-022,502,data/raw/IAM/images/formsI-Z/m01-022.png,2479,3542,95.0,4.0419257175738394,0.32535886354917704,0.38405908963359375,46.75409836065574,116.31147540983606,0.042854538161397365,-5.0,0.21861900836592596,202,6,61,189,0
m01-026,m01-026,503,data/raw/IAM/images/formsI-Z/m01-026.png,2479,3542,127.0,7.409782528221111,0.3150772866914273,0.6162805816321968,78.43373493975903,129.90361445783134,0.05543666730137848,7.25,0.31579918406654295,301,8,83,293,0
m01-032,m01-032,504,data/raw/IAM/images/formsI-Z/m01-032.png,2479,3542,127.0,5.6645609637891745,0.3812110688356414,0.5322934313653617,60.81111111111111,137.9111111111111,0.058367317062969236,33.666666666666664,0.32674465510286405,350,9,90,302,1
m01-038,m01-038,505,data/raw/IAM/images/formsI-Z/m01-038.png,2479,3542,159.0,10.864877477076277,0.28025086660011567,0.6067577651978815,86.80281690140845,180.30985915492957,0.054401054441427746,7.2,0.3751735925648969,195,10,71,195,1
m01-049,m01-049,506,data/raw/IAM/images/formsI-Z/m01-049.png,2479,3542,95.0,6.515428622121742,0.34989350807969605,0.4794429060613395,89.65,233.85,0.04848337889075038,5.833333333333333,0.46497410546729173,319,12,80,317,2
m01-060,m01-060,508,data/raw/IAM/images/formsI-Z/m01-060.png,2479,3542,63.0,10.858141694191806,0.3614174646855875,0.4977140695423127,91.0,165.44117647058823,0.05801819878539937,-3.25,0.3153509240465762,300,8,68,299,2
m01-079,m01-079,509,data/raw/IAM/images/formsI-Z/m01-079.png,2479,3542,0.0,6.3765504917826314,0.3819617647197117,0.6092684593837218,104.51515151515152,148.46969696969697,0.06967664292192373,19.857142857142858,0.2630777241419681,219,7,66,204,2
m01-084,m01-084,510,data/raw/IAM/images/formsI-Z/m01-084.png,2479,3542,159.0,10.54545529789908,0.3545894255205591,0.5248869772740863,64.2,163.23333333333332,0.04584037071588271,-5.25,0.28408216824829413,212,8,60,205,1
m01-090,m01-090,511,data/raw/IAM/images/formsI-Z/m01-090.png,2479,3542,63.0,8.560111041090785,0.32328485012867064,0.8167671587311396,62.617283950617285,137.45679012345678,0.05311440343720483,34.75,0.27792519843136326,421,8,81,374,0
m01-095,m01-095,512,data/raw/IAM/images/formsI-Z/m01-095.png,2479,3542,30.0,12.042390960759649,0.33445394731461164,0.6043681956622388,80.62295081967213,175.59016393442624,0.06014954265364326,9.5,0.29286936295372373,151,8,61,153,1
m01-100,m01-100,364,data/raw/IAM/images/formsI-Z/m01-100.png,2479,3542,63.0,9.531017619151807,0.31542491680174856,0.44305973725739867,76.29850746268657,131.6417910447761,0.06607345633590421,0.42857142857142855,0.25073178220485165,165,7,67,155,0
m01-104,m01-104,513,data/raw/IAM/images/formsI-Z/m01-104.png,2479,3542,63.0,20.851612759180636,0.3774331170923839,0.6475249742718778,84.3855421686747,140.10843373493975,0.06385012937870399,13.5,0.32745758897608346,176,8,83,149,0
m01-110,m01-110,514,data/raw/IAM/images/formsI-Z/m01-110.png,2479,3542,159.0,10.421758670700099,0.483397515826411,0.5915102921188669,64.51764705882353,219.81176470588235,0.04227592264973143,32.833333333333336,0.4628501091836588,241,12,85,239,2
m01-115,m01-115,515,data/raw/IAM/images/formsI-Z/m01-115.png,2479,3542,191.0,11.839973127197661,0.30744210628577,0.5041901772079882,76.85135135135135,156.47297297297297,0.049078442591428816,5.0,0.3642556822310229,182,9,74,180,0
m01-121,m01-121,513,data/raw/IAM/images/formsI-Z/m01-121.png,2479,3542,95.0,17.993714858086268,0.31212048186402297,0.6415015811059674,98.8082191780822,175.23287671232876,0.06611400780204825,14.555555555555555,0.3443453524569683,181,9,73,157,1
m01-125,m01-125,516,data/raw/IAM/images/formsI-Z/m01-125.png,2479,3542,95.0,7.835465436941848,0.31415728158468775,0.48621463170186974,68.33333333333333,158.28395061728395,0.042136374755872105,-2.6363636363636362,0.3975799881056208,229,11,81,227,1
m01-131,m01-131,514,data/raw/IAM/images/formsI-Z/m01-131.png,2479,3542,127.0,12.19612218228745,0.2614524537389093,0.5039836347957456,73.16666666666667,132.12121212121212,0.08482059431113936,2.7142857142857144,0.17917303770645757,173,7,66,174,3
m01-136,m01-136,517,data/raw/IAM/images/formsI-Z/m01-136.png,2479,3542,127.0,8.051551592938988,0.24440437251360786,0.5704736088964852,93.22535211267606,316.5211267605634,0.05300741254927238,-8.272727272727273,0.4593867994257352,309,11,71,317,2
m01-149,m01-149,518,data/raw/IAM/images/formsI-Z/m01-149.png,2479,3542,95.0,8.02047192156277,0.4012835291200693,0.560610020274438,68.91208791208791,133.8901098901099,0.0514223053383203,-7.0,0.3349422557728852,281,8,91,279,1
m01-160,m01-160,519,data/raw/IAM/images/formsI-Z/m01-160.png,2479,3542,95.0,11.351121264327771,0.3954894989595697,0.6963681043253119,83.76923076923077,185.15384615384616,0.06312372902377325,26.714285714285715,0.24333651686020277,174,7,52,149,0
m02-048,m02-048,520,data/raw/IAM/images/formsI-Z/m02-048.png,2479,3542,-63.0,9.212465497669765,0.41639882754072827,0.6142793386127812,87.70588235294117,148.07843137254903,0.05027747078768029,28.454545454545453,0.4247721515729303,414,11,102,398,1
m02-052,m02-052,521,data/raw/IAM/images/formsI-Z/m02-052.png,2479,3542,-30.0,9.207742154893902,0.2804665412408029,0.525641192362079,74.47692307692307,151.8153846153846,0.09501700175197471,18.142857142857142,0.19787536594804603,210,7,65,183,2
m02-055,m02-055,522,data/raw/IAM/images/formsI-Z/m02-055.png,2479,3542,-30.0,5.6087871725676655,0.3973738423638632,0.4389238826046729,69.95180722891567,150.75903614457832,0.05050259571988606,-10.636363636363637,0.43254165025741925,209,11,83,199,1
m02-059,m02-059,523,data/raw/IAM/images/formsI-Z/m02-059.png,2479,3542,0.0,8.39235454033312,0.4744633449039695,0.6458177660006742,90.68571428571428,124.84285714285714,0.06531131135293278,4.142857142857143,0.2574660462395699,291,7,70,278,2
m02-066,m02-066,524,data/raw/IAM/images/formsI-Z/m02-066.png,2479,3542,-30.0,17.040362011447268,0.5079666415075086,0.6923442818316232,82.18461538461538,139.2153846153846,0.07779390101190886,29.0,0.20680491965371914,133,6,65,121,2
m02-069,m02-069,525,data/raw/IAM/images/formsI-Z/m02-069.png,2479,3542,0.0,6.792894878035494,0.5402243712120935,0.5640928969682792,77.8125,146.15625,0.06672508618014805,39.44444444444444,0.3340095196032899,466,9,96,368,3
m02-072,m02-072,526,data/raw/IAM/images/formsI-Z/m02-072.png,2479,3542,0.0,12.642149959949835,0.5854838941373961,0.48724456637592334,83.4125,154.7875,0.07871447491562479,33.285714285714285,0.2954648522461631,283,7,80,255,1
m02-075,m02-075,527,data/raw/IAM/images/formsI-Z/m02-075.png,2479,3542,0.0,9.762858329474955,0.42825881673442334,0.6294540169042722,67.52380952380952,164.3968253968254,0.040388003525148555,37.75,0.30730479335281413,267,8,63,274,1
m02-080,m02-080,528,data/raw/IAM/images/formsI-Z/m02-080.png,2479,3542,0.0,8.752872248684751,0.3730574891478506,0.4717796332944201,76.825,160.6,0.05475529853271402,-2.8,0.3702358991132515,273,10,80,284,1
m02-083,m02-083,529,data/raw/IAM/images/formsI-Z/m02-083.png,2479,3542,0.0,5.60073540497041,0.3266456131687114,0.5094531262619693,55.417391304347824,244.6695652173913,0.046665903735415445,31.166666666666668,0.4378757850529427,439,12,115,413,2
m02-087,m02-087,530,data/raw/IAM/images/formsI-Z/m02-087.png,2479,3542,-30.0,3.8173803246703555,0.37153677350609277,0.41588903729874716,55.77142857142857,148.35714285714286,0.056655306180922876,40.0,0.2949311768260503,223,8,70,198,0
m02-090,m02-090,531,data/raw/IAM/images/formsI-Z/m02-090.png,2479,3542,-30.0,14.107151106440647,0.34346931199271347,0.6511739805000115,78.98290598290598,137.81196581196582,0.05083731401551041,-1.1818181818181819,0.4154167736257289,241,11,117,233,2
m02-095,m02-095,532,data/raw/IAM/images/formsI-Z/m02-095.png,2479,3542,-30.0,13.665802196868986,0.29336614703784647,0.6897438550957128,71.24,213.93333333333334,0.060844644326730264,-25.0,0.3930156168962139,125,10,75,125,0
m02-102,m02-102,533,data/raw/IAM/images/formsI-Z/m02-102.png,2479,3542,-30.0,6.919682431193834,0.3553891914484789,0.49965484895431383,75.83783783783784,180.83783783783784,0.04987387876525615,14.454545454545455,0.4027370283048414,245,11,74,235,4
m02-106,m02-106,527,data/raw/IAM/images/formsI-Z/m02-106.png,2479,3542,-63.0,8.178228661284688,0.44190984516065496,0.5739295157396047,69.6304347826087,160.0326086956522,0.0465337959892987,27.6,0.3984503140895094,378,10,92,366,2
m02-109,m02-109,534,data/raw/IAM/images/formsI-Z/m02-109.png,2479,3542,-95.0,7.9571020457046995,0.45932495355032515,0.7336729638605886,71.71428571428571,180.33766233766235,0.06469084888472917,45.0,0.3234325875467991,306,9,77,274,5
m02-112,m02-112,535,data/raw/IAM/images/formsI-Z/m02-112.png,2479,3542,-30.0,5.903715237938645,0.4440257627698867,0.3914052102370795,65.44444444444444,160.62962962962962,0.05582677711297907,30.0,0.22338928763328503,223,6,54,218,1
m03-006,m03-006,536,data/raw/IAM/images/formsI-Z/m03-006.png,2479,3542,127.0,14.18459704402668,0.4214405888288487,0.6220980958249362,70.5909090909091,172.51136363636363,0.06287242804256901,24.2,0.3810989158166316,202,10,88,208,4
m03-013,m03-013,537,data/raw/IAM/images/formsI-Z/m03-013.png,2479,3542,159.0,10.369335254603474,0.3994561049211072,0.5474563547685269,58.656716417910445,110.94029850746269,0.0438832843078752,11.857142857142858,0.24333651686020277,233,7,67,233,3
m03-020,m03-020,538,data/raw/IAM/images/formsI-Z/m03-020.png,2479,3542,159.0,9.767559816272243,0.4742599441414703,0.5121545657356562,55.11764705882353,106.30882352941177,0.05485738321559217,-2.0,0.1981931112365895,184,6,68,188,1
m03-033,m03-033,539,data/raw/IAM/images/formsI-Z/m03-033.png,2479,3542,63.0,10.710433162029286,0.3500744293213407,0.6322234642941322,69.67605633802818,157.8450704225352,0.0536484101658706,-1.0,0.30343718403419895,227,8,71,209,2
m03-062,m03-062,540,data/raw/IAM/images/formsI-Z/m03-062.png,2479,3542,30.0,10.422717769009223,0.3061930899179118,0.6660422162241941,71.77272727272727,194.36363636363637,0.044254519534403645,25.444444444444443,0.3566145344211535,243,9,66,223,1
m03-095,m03-095,541,data/raw/IAM/images/formsI-Z/m03-095.png,2479,3542,-63.0,12.501840546134893,0.3233342573297484,0.6021051188660479,74.55932203389831,233.03389830508473,0.055113921208196685,8.777777777777779,0.3489358038352198,141,9,59,141,0
m03-110,m03-110,542,data/raw/IAM/images/formsI-Z/m03-110.png,2479,3542,-127.0,12.777415635520148,0.4321364132585758,0.5695190569898981,92.56626506024097,164.89156626506025,0.057488124931968775,-1.0,0.39340010008407156,226,10,83,224,3
m03-114,m03-114,542,data/raw/IAM/images/formsI-Z/m03-114.png,2479,3542,-63.0,9.945684435442452,0.3361260604045871,0.49943604354337356,89.8395061728395,167.58024691358025,0.05788909070018207,-2.4,0.4123336193420554,222,10,81,210,0
m03-118,m03-118,543,data/raw/IAM/images/formsI-Z/m03-118.png,2479,3542,-30.0,6.354245004521311,0.31651366767687467,0.45807373783197775,32.676923076923075,132.7076923076923,0.044841307858648344,-14.333333333333334,0.1997107720663853,95,6,65,93,0
m04-000,m04-000,544,data/raw/IAM/images/formsI-Z/m04-000.png,2479,3542,30.0,4.674658525743067,0.35952565024952654,0.6723252327055798,78.21875,147.421875,0.04620180571082493,16.0,0.27454616520158376,292,8,64,308,2
m04-007,m04-007,544,data/raw/IAM/images/formsI-Z/m04-007.png,2479,3542,30.0,6.419614888047202,0.38596796682288625,0.6785846718409341,82.13414634146342,159.0487804878049,0.04418486629358081,16.2,0.39451460022517776,377,10,82,392,3
m04-012,m04-012,544,data/raw/IAM/images/formsI-Z/m04-012.png,2479,3542,30.0,8.854256519846157,0.42761312340555974,0.671042458357079,79.9746835443038,161.58227848101265,0.043778555111364935,21.6,0.37649832847756276,344,10,79,359,0
m04-019,m04-019,544,data/raw/IAM/images/formsI-Z/m04-019.png,2479,3542,63.0,15.58720522967616,0.409603977423011,0.6828172645329739,72.12328767123287,138.42465753424656,0.04202872314747767,20.75,0.29065015697072805,293,8,73,298,0
m04-024,m04-024,544,data/raw/IAM/images/formsI-Z/m04-024.png,2479,3542,30.0,8.441901561606647,0.39532386130742403,0.6994075813236138,78.65217391304348,154.14492753623188,0.04277856625549014,20.5,0.31198897389682595,295,8,69,316,0
m04-030,m04-030,545,data/raw/IAM/images/formsI-Z/m04-030.png,2479,3542,30.0,21.54243370350384,0.45611706436849514,0.7377089033567639,67.01190476190476,90.5952380952381,0.09027588340340566,-21.8,0.1619863203250614,128,5,84,115,1
m04-038,m04-038,545,data/raw/IAM/images/formsI-Z/m04-038.png,2479,3542,30.0,16.408267170240386,0.2880030405028473,0.6088924895271518,79.81159420289855,111.91304347826087,0.08320380296069423,-19.0,0.17848402014527906,113,6,69,98,0
m04-043,m04-043,545,data/raw/IAM/images/formsI-Z/m04-043.png,2479,3542,63.0,26.337304875299907,0.5513349891272689,0.7780534524429424,77.34615384615384,95.56410256410257,0.09064342919111897,-14.2,0.16613785043376217,154,5,78,128,4
m04-061,m04-061,545,data/raw/IAM/images/formsI-Z/m04-061.png,2479,3542,0.0,24.333773426452264,0.4283727348804229,0.6934810138914875,68.57471264367815,85.52873563218391,0.0924187157293158,-15.8,0.15336414817271404,132,5,87,116,3
m04-072,m04-072,546,data/raw/IAM/images/formsI-Z/m04-072.png,2479,3542,63.0,8.53982448710735,0.37669449351505135,0.6326616948378144,77.5,158.44444444444446,0.0526249207222635,21.90909090909091,0.40421198143456416,361,11,90,367,0
m04-078,m04-078,546,data/raw/IAM/images/formsI-Z/m04-078.png,2479,3542,63.0,10.81991892254823,0.27534595877115214,0.6571056474264687,81.96969696969697,166.62121212121212,0.05659504251366196,24.0,0.29705631198168514,264,8,66,274,2
m04-081,m04-081,546,data/raw/IAM/images/formsI-Z/m04-081.png,2479,3542,0.0,11.059792850708767,0.4144675508043131,0.6347882720491085,74.02105263157895,211.67368421052632,0.05119460602855632,21.90909090909091,0.4307213911367059,378,11,95,388,2
m04-093,m04-093,546,data/raw/IAM/images/formsI-Z/m04-093.png,2479,3542,0.0,10.969317734828447,0.38339986713025037,0.6177923530757294,71.87951807228916,166.6867469879518,0.046816963762518544,24.4,0.3896790635921071,300,10,83,304,0
m04-100,m04-100,546,data/raw/IAM/images/formsI-Z/m04-100.png,2479,3542,127.0,17.557323316844638,0.3944773988253267,0.64073264334855,70.04109589041096,155.15068493150685,0.04863933316465408,23.75,0.3051769249043746,265,8,73,277,1
m04-107,m04-107,547,data/raw/IAM/images/formsI-Z/m04-107.png,2479,3542,63.0,14.223606890611897,0.3163534782227198,0.6611771906298061,81.74647887323944,221.43661971830986,0.0604111062422818,28.09090909090909,0.428836557973482,114,11,71,102,0
m04-113,m04-113,547,data/raw/IAM/images/formsI-Z/m04-113.png,2479,3542,63.0,20.17946390633464,0.48887577675825133,0.6866252243513881,74.16129032258064,195.5483870967742,0.0641042205650322,29.545454545454547,0.44954056764569417,141,11,93,135,0
m04-123,m04-123,547,data/raw/IAM/images/formsI-Z/m04-123.png,2479,3542,63.0,14.346513227218539,0.461306543220274,0.632664824138982,72.91764705882353,214.42352941176472,0.06506879329278595,29.181818181818183,0.4314229362899058,127,11,85,117,0
m04-131,m04-131,547,data/raw/IAM/images/formsI-Z/m04-131.png,2479,3542,95.0,16.71652154460994,0.4315996580395615,0.5940153397245099,74.0,231.76190476190476,0.06270247148288974,30.555555555555557,0.35942800381476564,98,9,63,85,1
m04-138,m04-138,547,data/raw/IAM/images/formsI-Z/m04-138.png,2479,3542,95.0,17.755740381734885,0.44050656299184715,0.6450233412752541,73.0,223.90666666666667,0.06187226034496851,29.6,0.4026824763359481,112,10,75,102,1
m04-145,m04-145,548,data/raw/IAM/images/formsI-Z/m04-145.png,2479,3542,30.0,13.661093256082532,0.33771463345299835,0.6876303006884277,61.80263157894737,125.0657894736842,0.03658332548280735,12.5,0.30222815751693105,321,8,76,318,0
m04-152,m04-152,548,data/raw/IAM/images/formsI-Z/m04-152.png,2479,3542,127.0,16.36170937146341,0.5629118639041453,0.6821525872997029,54.83132530120482,119.34939759036145,0.040007871266397974,12.5,0.28474453620462703,298,8,83,296,3
m04-164,m04-164,548,data/raw/IAM/images/formsI-Z/m04-164.png,2479,3542,191.0,16.555925086577307,0.477749641536453,0.6827542237608686,53.34375,95.88541666666667,0.037042154009049165,12.75,0.28933783476288344,306,8,96,308,2
m04-180,m04-180,548,data/raw/IAM/images/formsI-Z/m04-180.png,2479,3542,63.0,13.002940570418247,0.38299968780589405,0.6536011519002896,58.096385542168676,113.93975903614458,0.03755209734129329,10.5,0.29006101848412036,275,8,83,269,2
m04-190,m04-190,549,data/raw/IAM/images/formsI-Z/m04-190.png,2479,3542,95.0,8.215466655830216,0.4209428349770821,0.4131519500593552,55.87128712871287,139.93069306930693,0.04378407066908947,18.0,0.37981153490562963,454,10,101,455,1
m04-200,m04-200,549,data/raw/IAM/images/formsI-Z/m04-200.png,2479,3542,127.0,5.426500729703014,0.30491164125833536,0.4116979721247281,56.0,141.02857142857144,0.04259049865182429,17.5,0.29591607333333486,304,8,70,302,2
m04-209,m04-209,549,data/raw/IAM/images/formsI-Z/m04-209.png,2479,3542,95.0,4.2890927667372845,0.36236719121621075,0.39909329105053376,55.578125,128.296875,0.04255880956382696,17.0,0.2480032726625848,269,7,64,269,0
m04-216,m04-216,549,data/raw/IAM/images/formsI-Z/m04-216.png,2479,3542,127.0,6.3342394098752655,0.3814249138362888,0.3827822731129069,53.86153846153846,124.44615384615385,0.04547173713631324,17.0,0.2378816616324728,258,7,65,257,0
m04-222,m04-222,549,data/raw/IAM/images/formsI-Z/m04-222.png,2479,3542,95.0,13.667671414042067,0.43628372315929104,0.41746537406875944,49.925925925925924,120.0,0.04102536443866538,18.0,0.2913987375376084,327,8,81,327,1
m04-231,m04-231,550,data/raw/IAM/images/formsI-Z/m04-231.png,2479,3542,127.0,12.601936280326754,0.344888009608483,0.573000756824255,55.61764705882353,117.88235294117646,0.04041276198152318,4.428571428571429,0.2537755315172577,169,7,68,168,1
m04-238,m04-238,550,data/raw/IAM/images/formsI-Z/m04-238.png,2479,3542,159.0,15.704723476384117,0.444368635455354,0.5769258074436552,56.28767123287671,100.58904109589041,0.04969116966202281,6.333333333333333,0.2164676791542463,169,6,73,170,1
m04-246,m04-246,550,data/raw/IAM/images/formsI-Z/m04-246.png,2479,3542,95.0,13.195653501431583,0.41730654915768817,0.5875779150611059,56.56410256410256,114.44871794871794,0.04730258192878542,11.285714285714286,0.24899728014588496,203,7,78,206,0
m04-251,m04-251,548,data/raw/IAM/images/formsI-Z/m04-251.png,2479,3542,95.0,12.946224728188668,0.22136065139720498,0.6055428466774622,49.18181818181818,118.54545454545455,0.029934046648887283,12.333333333333334,0.09578471583663017,76,3,22,72,0
m06-019,m06-019,551,data/raw/IAM/images/formsI-Z/m06-019.png,2479,3542,-95.0,7.519665183272335,0.40603054648526105,0.4502650435898111,42.58536585365854,113.13414634146342,0.03583053774519015,38.0,0.2697207645293304,282,8,82,268,0
m06-031,m06-031,552,data/raw/IAM/images/formsI-Z/m06-031.png,2479,3542,-30.0,9.772140723523256,0.3992471233113976,0.4490093051767889,46.880434782608695,100.1086956521739,0.049922570413915686,-11.857142857142858,0.25681016985364813,244,7,92,242,2
m06-042,m06-042,552,data/raw/IAM/images/formsI-Z/m06-042.png,2479,3542,-30.0,6.471437320821121,0.3697862385982235,0.4296297264155064,52.42622950819672,117.36065573770492,0.044291277973737234,-11.0,0.21083823484861772,191,6,61,193,1
m06-048,m06-048,552,data/raw/IAM/images/formsI-Z/m06-048.png,2479,3542,-30.0,8.708981871474686,0.40270195656991137,0.44865348727564774,51.935483870967744,110.17204301075269,0.04766417321220032,-11.0,0.28602872827402354,300,8,93,296,4
m06-056,m06-056,552,data/raw/IAM/images/formsI-Z/m06-056.png,2479,3542,-63.0,9.314594363732343,0.3834845004210991,0.42050653737127536,48.02857142857143,103.0,0.05032156768688901,-10.333333333333334,0.20513089169805587,183,6,70,181,0
m06-067,m06-067,552,data/raw/IAM/images/formsI-Z/m06-067.png,2479,3542,-63.0,8.484738091879661,0.3834400840405445,0.4186108337072971,50.10843373493976,105.24096385542168,0.04711851597327251,-11.285714285714286,0.2525610384143804,255,7,83,249,1
m06-076,m06-076,552,data/raw/IAM/images/formsI-Z/m06-076.png,2479,3542,-30.0,8.681298279220734,0.4189319963296659,0.42693619914524655,55.56521739130435,113.78260869565217,0.045189440873538295,-9.285714285714286,0.23530006657845723,219,7,69,215,1
m06-083,m06-083,552,data/raw/IAM/images/formsI-Z/m06-083.png,2479,3542,0.0,9.013774853419083,0.3786541657255268,0.4361389376579298,50.024096385542165,103.79518072289157,0.042976439937073674,-8.5,0.2747352179539071,227,8,83,222,0
m06-091,m06-091,552,data/raw/IAM/images/formsI-Z/m06-091.png,2479,3542,-95.0,9.114807848388272,0.44900897167387804,0.45882288673243204,54.43589743589744,110.97435897435898,0.051626158419304076,-7.857142857142857,0.237080806840703,246,7,78,247,2
m06-098,m06-098,552,data/raw/IAM/images/formsI-Z/m06-098.png,2479,3542,-63.0,7.125659267601549,0.2885471453251195,0.406342816018145,50.06944444444444,109.33333333333333,0.044561007776097054,-12.142857142857142,0.23972253433642143,200,7,72,198,0
m06-106,m06-106,552,data/raw/IAM/images/formsI-Z/m06-106.png,2479,3542,-63.0,4.712668648126123,0.263705676427598,0.442256996618769,58.56521739130435,140.5326086956522,0.047253436538316505,-11.0,0.371483875052986,357,10,92,351,0
n01-000,n01-000,553,data/raw/IAM/images/formsI-Z/n01-000.png,2479,3542,63.0,7.542458265841354,0.3866268640160965,0.5580650950149335,68.84931506849315,148.91780821917808,0.05407603005205629,27.75,0.29259238928285003,241,8,73,224,1
n01-004,n01-004,554,data/raw/IAM/images/formsI-Z/n01-004.png,2479,3542,127.0,8.786018980251805,0.38793402273062755,0.612002081044176,83.41071428571429,194.32142857142858,0.05535011613269854,41.285714285714285,0.27576282216126474,153,7,56,157,0
n01-009,n01-009,553,data/raw/IAM/images/formsI-Z/n01-009.png,2479,3542,-191.0,13.022486260734103,0.4353652203054966,0.7220297877959724,75.23170731707317,141.9268292682927,0.05021607319601287,27.444444444444443,0.35071699964626635,205,9,82,194,2
n01-020,n01-020,555,data/raw/IAM/images/formsI-Z/n01-020.png,2479,3542,95.0,27.435668492244968,0.28514958226995174,0.6129135598982876,84.24,187.34666666666666,0.06680417621594092,28.8,0.3801497798902082,132,10,75,103,1
n01-031,n01-031,555,data/raw/IAM/images/formsI-Z/n01-031.png,2479,3542,63.0,4.917265844029465,0.3184876302537831,0.47625106306449533,83.0,158.35211267605635,0.0589633250911286,16.333333333333332,0.31393507837375456,324,9,71,315,1
n01-036,n01-036,556,data/raw/IAM/images/formsI-Z/n01-036.png,2479,3542,95.0,5.944611634597307,0.28226449836240125,0.5167589016468381,59.88333333333333,122.2,0.04879674830477613,32.333333333333336,0.19764713599885567,279,6,60,272,0
n01-045,n01-045,555,data/raw/IAM/images/formsI-Z/n01-045.png,2479,3542,95.0,21.178243057473033,0.3655278964647904,0.5911464220303861,82.28571428571429,156.1547619047619,0.06721659842092913,29.6,0.3446033069654095,145,10,84,122,3
n01-052,n01-052,557,data/raw/IAM/images/formsI-Z/n01-052.png,2479,3542,95.0,15.057505781785004,0.3117823584568774,0.6179371664658766,89.22413793103448,183.79310344827587,0.12049180551129415,-6.538461538461538,0.3763098451612404,210,13,116,219,11
n01-057,n01-057,558,data/raw/IAM/images/formsI-Z/n01-057.png,2479,3542,-30.0,11.623342383508664,0.4006256093563862,0.6116735230944421,99.80882352941177,203.73529411764707,0.05641975222213666,35.8,0.3904317440981945,165,10,68,165,0
n02-000,n02-000,559,data/raw/IAM/images/formsI-Z/n02-000.png,2479,3542,-191.0,7.725182474083789,0.3428800742808879,0.5339190259515619,57.791666666666664,145.94444444444446,0.04658248930778416,2.0,0.28910596042328685,206,8,72,207,0
n02-004,n02-004,560,data/raw/IAM/images/formsI-Z/n02-004.png,2479,3542,-127.0,5.863139436226354,0.27171783336869626,0.48193142776655595,48.177083333333336,124.71875,0.04594928675941161,-7.888888888888889,0.31998214704249744,292,9,96,295,0
n02-009,n02-009,560,data/raw/IAM/images/formsI-Z/n02-009.png,2479,3542,-159.0,10.68872831024882,0.33551146188965975,0.49984086055752674,47.962025316455694,109.32911392405063,0.045885585583807245,-9.285714285714286,0.23077965582832552,243,7,79,241,3
n02-016,n02-016,559,data/raw/IAM/images/formsI-Z/n02-016.png,2479,3542,-127.0,10.13569190774039,0.3190401219576819,0.5787746046253669,58.01149425287356,126.01149425287356,0.047926738458665706,-0.25,0.30007386723804635,242,8,87,241,1
n02-028,n02-028,561,data/raw/IAM/images/formsI-Z/n02-028.png,2479,3542,-30.0,12.527916527943583,0.36237113211727534,0.6846994433275613,131.61458333333334,129.23958333333334,0.07199807082195477,-4.0,0.3537320493842233,303,10,96,282,7
n02-033,n02-033,562,data/raw/IAM/images/formsI-Z/n02-033.png,2479,3542,-287.0,8.2867392671015,0.3289172186807666,0.5021558099825955,68.85507246376811,158.1304347826087,0.03407947830468355,22.2,0.37701651523844903,178,10,69,176,0
n02-037,n02-037,562,data/raw/IAM/images/formsI-Z/n02-037.png,2479,3542,-223.0,13.14091267801524,0.355015166700427,0.5613261741785007,73.04761904761905,162.34920634920636,0.03890351147394949,23.0,0.321662780455772,156,9,63,150,1
n02-040,n02-040,563,data/raw/IAM/images/formsI-Z/n02-040.png,2479,3542,-30.0,15.812851844074967,0.36490271666565566,0.4816703045520889,64.56962025316456,130.69620253164558,0.05789553840916458,27.0,0.27967461971355545,170,8,79,167,0
n02-045,n02-045,563,data/raw/IAM/images/formsI-Z/n02-045.png,2479,3542,-63.0,14.642720513642185,0.3384181289593284,0.4667877118404417,70.9047619047619,129.96428571428572,0.05648378028411082,22.333333333333332,0.31064647158092973,154,9,84,151,1
n02-049,n02-049,561,data/raw/IAM/images/formsI-Z/n02-049.png,2479,3542,-63.0,18.577337282847513,0.31045435524703924,0.6798198091734179,106.01612903225806,111.5,0.06165828619316992,-4.666666666666667,0.21743344261189815,175,6,62,176,4
n02-054,n02-054,564,data/raw/IAM/images/formsI-Z/n02-054.png,2479,3542,0.0,22.751728282433263,0.4004720474967419,0.6505838775991682,83.26136363636364,164.8409090909091,0.04531914887815912,28.0,0.41770146474883657,267,10,88,277,1
n02-062,n02-062,565,data/raw/IAM/images/formsI-Z/n02-062.png,2479,3542,30.0,15.411160121730216,0.461239626598849,0.6035095832105928,68.8,156.54285714285714,0.04534160851093877,30.0,0.3096747859888678,242,8,70,230,0
n02-082a,n02-082a,566,data/raw/IAM/images/formsI-Z/n02-082a.png,2479,3542,-30.0,9.358383807056054,0.3647415069897811,0.4870657827515949,52.985915492957744,135.69014084507043,0.049791917292899064,29.857142857142858,0.2563632764800837,207,7,71,196,1
n02-098,n02-098,567,data/raw/IAM/images/formsI-Z/n02-098.png,2479,3542,-63.0,15.091413144907033,0.3143846618059759,0.36766991440756447,58.31506849315068,142.0958904109589,0.062901285465187,-0.75,0.2696156466435506,195,8,73,194,2
n02-104,n02-104,315,data/raw/IAM/images/formsI-Z/n02-104.png,2479,3542,-63.0,10.976283819029415,0.3810148297874505,0.6209541329942593,73.12,141.04,0.05400480233256153,24.5,0.2868563465578391,267,8,75,267,2
n02-109,n02-109,315,data/raw/IAM/images/formsI-Z/n02-109.png,2479,3542,-95.0,13.728804385949484,0.3666606224983768,0.6099561463114012,79.68656716417911,161.73134328358208,0.051985114563994475,23.25,0.30193569518683083,251,8,67,251,0
n02-114,n02-114,315,data/raw/IAM/images/formsI-Z/n02-114.png,2479,3542,-95.0,8.021696784832248,0.3329884807748086,0.6103051848571337,93.28571428571429,173.80519480519482,0.05456587276230004,26.8,0.36001680063977276,296,10,77,293,2
n02-120,n02-120,315,data/raw/IAM/images/formsI-Z/n02-120.png,2479,3542,-95.0,14.53352742530435,0.3683856298518352,0.6845475311350884,84.69565217391305,149.66666666666666,0.05132819377005424,26.0,0.28877511810672096,242,8,69,246,0
n02-127,n02-127,315,data/raw/IAM/images/formsI-Z/n02-127.png,2479,3542,-95.0,15.37314907971544,0.535506429124577,0.6222662149479408,76.24050632911393,145.2405063291139,0.05144386847780847,30.5,0.30099248139481755,260,8,79,254,3
n02-146,n02-146,081,data/raw/IAM/images/formsI-Z/n02-146.png,2479,3542,0.0,14.953223656741557,0.4090195412601889,0.5961864470730958,57.795918367346935,96.63265306122449,0.06723022126485649,1.0,0.2410900918363605,188,7,98,170,2
n02-151,n02-151,568,data/raw/IAM/images/formsI-Z/n02-151.png,2479,3542,-95.0,7.223824391190795,0.3460711254712324,0.531085999920142,94.81012658227849,204.51898734177215,0.0685449486294309,19.90909090909091,0.4142858737277946,256,11,79,255,3
n02-154,n02-154,569,data/raw/IAM/images/formsI-Z/n02-154.png,2479,3542,0.0,9.71044753844899,0.41802148773349174,0.5481402919383885,49.31884057971015,115.33333333333333,0.0411656795585367,8.428571428571429,0.22982619218829473,175,7,69,166,2
n02-157,n02-157,570,data/raw/IAM/images/formsI-Z/n02-157.png,2479,3542,-95.0,15.172566989388129,0.49322488373338963,0.5465718437506206,80.3103448275862,144.60919540229884,0.06182946415065191,15.444444444444445,0.35385094762122665,206,9,87,176,0
n03-038,n03-038,571,data/raw/IAM/images/formsI-Z/n03-038.png,2479,3542,-159.0,8.592312732039112,0.4695316579506776,0.6539651667614854,64.77586206896552,177.55172413793105,0.04948467629813214,45.0,0.24115660196127425,209,7,58,198,1
n03-064,n03-064,572,data/raw/IAM/images/formsI-Z/n03-064.png,2479,3542,-63.0,12.04373356806969,0.3324698152287145,0.6046429088528503,90.27118644067797,124.59322033898304,0.05020229411833436,9.666666666666666,0.21443843702117552,178,6,59,168,3
n03-066,n03-066,573,data/raw/IAM/images/formsI-Z/n03-066.png,2479,3542,-127.0,6.514048914084564,0.2475678722363459,0.5095376616748641,54.1219512195122,120.90243902439025,0.03981402566494066,-6.5,0.28328757725253506,260,8,82,248,1
n03-079,n03-079,574,data/raw/IAM/images/formsI-Z/n03-079.png,2479,3542,-63.0,10.081764080059797,0.2308178083939298,0.6210287339996106,56.898305084745765,127.03389830508475,0.044632910381314624,13.571428571428571,0.24238555873857626,207,7,59,204,0
n03-082,n03-082,575,data/raw/IAM/images/formsI-Z/n03-082.png,2479,3542,127.0,22.366527207941477,0.28573778738462036,0.6576328351284901,101.86842105263158,122.11842105263158,0.056699084128033234,-1.25,0.31119426901386665,204,8,76,196,0
n03-091,n03-091,576,data/raw/IAM/images/formsI-Z/n03-091.png,2479,3542,30.0,5.6991975525890695,0.3944844998878164,0.5997956244943057,52.449438202247194,134.77528089887642,0.038708886971527176,-12.555555555555555,0.32998816256441177,267,9,89,270,1
n03-097,n03-097,577,data/raw/IAM/images/formsI-Z/n03-097.png,2479,3542,127.0,14.251855813758352,0.3070606738217383,0.4956236377975446,81.88461538461539,165.67948717948718,0.08012304440198374,17.88888888888889,0.3728228468656762,171,9,78,162,1
n03-103,n03-103,577,data/raw/IAM/images/formsI-Z/n03-103.png,2479,3542,95.0,9.032689036552425,0.2664926842575866,0.4877523810645187,101.53623188405797,193.56521739130434,0.06624116238704822,-2.4,0.38463420228507833,184,10,69,168,0
n03-106,n03-106,578,data/raw/IAM/images/formsI-Z/n03-106.png,2479,3542,95.0,15.555645056276,0.4790049352489172,0.5840366823863405,68.81052631578947,255.69473684210527,0.04353364736375471,33.5,0.4696243476256455,268,12,95,283,2
n03-113,n03-113,579,data/raw/IAM/images/formsI-Z/n03-113.png,2479,3542,30.0,15.020677298885541,0.5128639046307091,0.7480485416251712,84.04054054054055,176.83783783783784,0.04413536244714789,41.6,0.3730546073180726,173,10,74,179,1
n03-120,n03-120,580,data/raw/IAM/images/formsI-Z/n03-120.png,2479,3542,127.0,6.215793340607948,0.3121396235092082,0.4536455588401901,67.68354430379746,162.84810126582278,0.049002614948651164,36.4,0.35599703802169735,289,10,79,288,1
n03-126,n03-126,581,data/raw/IAM/images/formsI-Z/n03-126.png,2479,3542,127.0,27.148009139622964,0.5002549145368682,0.6884708958839947,82.51020408163265,165.73469387755102,0.058932676650413615,44.2,0.19904908743325356,118,5,49,109,1
n04-000,n04-000,550,data/raw/IAM/images/formsI-Z/n04-000.png,2479,3542,95.0,18.05228304625454,0.48521385496955044,0.6372501093868448,50.85897435897436,94.51282051282051,0.04453576395951644,5.333333333333333,0.2071619560263298,187,6,78,190,0
n04-009,n04-009,550,data/raw/IAM/images/formsI-Z/n04-009.png,2479,3542,159.0,12.002265644633157,0.3505390974941845,0.5970458128854663,59.86764705882353,127.42647058823529,0.04166400462223506,11.0,0.245995669097551,189,7,68,191,2
n04-015,n04-015,582,data/raw/IAM/images/formsI-Z/n04-015.png,2479,3542,63.0,8.107109687763614,0.2575595351280398,0.543589268007437,71.92857142857143,126.5,0.0624087268043312,-0.75,0.2829299714439234,268,8,84,285,1
n04-022,n04-022,582,data/raw/IAM/images/formsI-Z/n04-022.png,2479,3542,63.0,10.941275819830958,0.2949079810113898,0.5311065713324464,74.1625,142.8625,0.06900112669925132,-5.5,0.2846423793860523,254,8,80,268,1
n04-031,n04-031,582,data/raw/IAM/images/formsI-Z/n04-031.png,2479,3542,63.0,11.194541825909502,0.37418350217327084,0.4983564464941691,81.51948051948052,136.01298701298703,0.0648018648018648,-10.25,0.2875270282797862,216,8,77,222,1
n04-039,n04-039,582,data/raw/IAM/images/formsI-Z/n04-039.png,2479,3542,30.0,8.539150310634001,0.27046260928195304,0.5300320584107509,86.5,171.96153846153845,0.06960173284961539,-8.666666666666666,0.22203687713097187,181,6,52,187,1
n04-044,n04-044,582,data/raw/IAM/images/formsI-Z/n04-044.png,2479,3542,95.0,5.218692704538058,0.24349051488730314,0.5362644208163065,84.26315789473684,162.13684210526316,0.06423472961852102,-8.818181818181818,0.4018842409497828,370,11,95,368,1
n04-048,n04-048,583,data/raw/IAM/images/formsI-Z/n04-048.png,2479,3542,30.0,11.16040351349229,0.43113143052002967,0.6014009840439867,79.27272727272727,159.3409090909091,0.07804917512937745,20.6,0.350523846954736,277,10,88,234,2
n04-052,n04-052,583,data/raw/IAM/images/formsI-Z/n04-052.png,2479,3542,95.0,13.57122652208487,0.3839329144362045,0.6026113705930881,76.58333333333333,156.70238095238096,0.07547457532487473,21.0,0.3263688273422212,275,9,84,233,3
n04-060,n04-060,583,data/raw/IAM/images/formsI-Z/n04-060.png,2479,3542,95.0,15.602521611576977,0.3967282369910179,0.6356546582057483,73.56338028169014,149.9718309859155,0.08272795778588068,23.571428571428573,0.2511802699992187,205,7,71,183,1
n04-068,n04-068,583,data/raw/IAM/images/formsI-Z/n04-068.png,2479,3542,63.0,14.280929861883028,0.45363486306860834,0.6299390920852563,80.71830985915493,173.6338028169014,0.07943301838656303,25.75,0.29417997685356545,232,8,71,206,1
n04-075,n04-075,583,data/raw/IAM/images/formsI-Z/n04-075.png,2479,3542,159.0,14.684781863131155,0.48962683575696575,0.651307843589031,75.78313253012048,137.6265060240964,0.07421742950493479,20.5,0.29579626399872994,239,8,83,222,6
n04-084,n04-084,584,data/raw/IAM/images/formsI-Z/n04-084.png,2479,3542,95.0,17.11332478410662,0.4649055820942801,0.6060063427682492,58.148148148148145,106.5925925925926,0.05474041314719741,14.714285714285714,0.2541949780755751,259,7,81,208,4
n04-092,n04-092,584,data/raw/IAM/images/formsI-Z/n04-092.png,2479,3542,63.0,13.999658908296597,0.5023955132295604,0.6279874134533888,63.68604651162791,130.86046511627907,0.05726147718786672,14.777777777777779,0.3202621956677765,290,9,86,216,4
n04-100,n04-100,584,data/raw/IAM/images/formsI-Z/n04-100.png,2479,3542,127.0,11.233442720396415,0.3632261866068467,0.6793567490148789,68.1470588235294,149.80882352941177,0.055624387066829366,14.0,0.3042587662964042,279,8,68,218,3
n04-107,n04-107,584,data/raw/IAM/images/formsI-Z/n04-107.png,2479,3542,95.0,13.617921842194443,0.4702128002143421,0.6729149913864613,71.0,143.22972972972974,0.05537949900767044,14.11111111111111,0.31847986098472797,341,9,74,234,4
n04-114,n04-114,584,data/raw/IAM/images/formsI-Z/n04-114.png,2479,3542,127.0,18.05116908411273,0.5148935531421052,0.6788680598114509,61.350515463917525,113.0618556701031,0.05126793398479621,14.777777777777779,0.3390296673878763,291,9,97,247,5
n04-130,n04-130,585,data/raw/IAM/images/formsI-Z/n04-130.png,2479,3542,127.0,28.401634742694522,0.45644449409100024,0.7038395689986832,81.42105263157895,107.22368421052632,0.0637535612855511,-5.333333333333333,0.22821184112553353,156,6,76,156,1
n04-139,n04-139,585,data/raw/IAM/images/formsI-Z/n04-139.png,2479,3542,95.0,24.680340859397518,0.49249166059933547,0.7578580572710144,82.75555555555556,131.1888888888889,0.056891192325751405,-6.333333333333333,0.3449094357595331,188,9,90,180,7
n04-149,n04-149,585,data/raw/IAM/images/formsI-Z/n04-149.png,2479,3542,95.0,31.82096886427642,0.5270279975741524,0.779491166065542,92.78571428571429,117.75,0.06214002552270599,-5.5,0.2816535237041402,149,8,84,157,6
n04-156,n04-156,585,data/raw/IAM/images/formsI-Z/n04-156.png,2479,3542,95.0,16.139717014707433,0.452493514691742,0.6590586765078305,92.47826086956522,160.65217391304347,0.059404596029027944,-7.75,0.30610089175955496,142,8,69,141,3
n04-163,n04-163,585,data/raw/IAM/images/formsI-Z/n04-163.png,2479,3542,191.0,21.18822388550186,0.47247963473143134,0.6367052007831646,87.12790697674419,128.32558139534885,0.05285168295154639,-7.444444444444445,0.3362442142455121,174,9,86,168,6
n04-171,n04-171,586,data/raw/IAM/images/formsI-Z/n04-171.png,2479,3542,95.0,22.96443184679746,0.36674802208663965,0.6586435826013445,62.1,107.4625,0.054787583025951714,13.571428571428571,0.2595096381598653,118,7,80,117,0
n04-183,n04-183,586,data/raw/IAM/images/formsI-Z/n04-183.png,2479,3542,95.0,26.446599990430663,0.38274952906657234,0.6879629822524648,68.75324675324676,117.40259740259741,0.06078291489827642,9.571428571428571,0.2543059042085648,124,7,77,123,0
n04-190,n04-190,586,data/raw/IAM/images/formsI-Z/n04-190.png,2479,3542,95.0,20.994425941924483,0.3052881423092058,0.6289599924904883,64.05714285714286,121.07142857142857,0.05453215969284494,13.571428571428571,0.2590126344182152,113,7,70,112,2
n04-195,n04-195,586,data/raw/IAM/images/formsI-Z/n04-195.png,2479,3542,127.0,24.514539625099086,0.3833430325723171,0.6277337594027074,69.37142857142857,115.24285714285715,0.06988208717315346,21.333333333333332,0.21577296723305808,103,6,70,103,1
n04-202,n04-202,587,data/raw/IAM/images/formsI-Z/n04-202.png,2479,3542,95.0,9.884530251761198,0.368575267240791,0.5348900631035389,59.97872340425532,118.36170212765957,0.0510000883202049,8.333333333333334,0.3301070608014151,322,9,94,304,0
n04-209,n04-209,587,data/raw/IAM/images/formsI-Z/n04-209.png,2479,3542,95.0,6.634280176874662,0.2799112362136682,0.4792425243244224,64.81538461538462,143.24615384615385,0.05141127046818853,3.75,0.2717718730048386,251,8,65,246,0
n04-213,n04-213,587,data/raw/IAM/images/formsI-Z/n04-213.png,2479,3542,159.0,5.134201243995232,0.3096649429872708,0.5045281491951569,64.83783783783784,134.8918918918919,0.0519284262176124,9.5,0.29662889331935405,255,8,74,249,0
n04-218,n04-218,587,data/raw/IAM/images/formsI-Z/n04-218.png,2479,3542,127.0,4.67875676128669,0.2883060113871129,0.4953086728731816,61.93814432989691,135.89690721649484,0.05311150790276715,4.4,0.36164538760255827,363,10,97,361,0
n06-074,n06-074,588,data/raw/IAM/images/formsI-Z/n06-074.png,2479,3542,-95.0,18.726914165588944,0.4016363436044678,0.6218101748710387,55.425,97.8,0.04288344134497981,0.14285714285714285,0.2425114040947915,171,7,80,186,1
n06-082,n06-082,588,data/raw/IAM/images/formsI-Z/n06-082.png,2479,3542,-95.0,19.419681468710387,0.4523852469425444,0.609976538489714,52.68478260869565,87.95652173913044,0.037527289631185304,-1.5,0.2743929869173218,174,8,92,180,2
n06-092,n06-092,588,data/raw/IAM/images/formsI-Z/n06-092.png,2479,3542,-30.0,16.249951595628552,0.47639670885098095,0.5293378994512746,55.527472527472526,106.12087912087912,0.036276840517451114,0.1111111111111111,0.3276739746564536,183,9,91,194,2
n06-100,n06-100,588,data/raw/IAM/images/formsI-Z/n06-100.png,2479,3542,-95.0,14.361265401251515,0.37787351817320725,0.5331578812005345,57.096774193548384,120.38709677419355,0.038907609121542196,0.6,0.3604220112980658,218,10,93,223,1
n06-111,n06-111,588,data/raw/IAM/images/formsI-Z/n06-111.png,2479,3542,-30.0,16.413460313317014,0.3775464231566762,0.5850838768597051,58.48192771084337,113.27710843373494,0.04092107625107206,1.5,0.285498127808316,186,8,83,197,2
n06-119,n06-119,588,data/raw/IAM/images/formsI-Z/n06-119.png,2479,3542,-63.0,11.564307246825056,0.32591313181728054,0.5454995213765726,62.58181818181818,128.5090909090909,0.036592511361242364,2.4285714285714284,0.24218432005583207,121,7,55,128,0
n06-123,n06-123,588,data/raw/IAM/images/formsI-Z/n06-123.png,2479,3542,-95.0,12.625803314933874,0.33090933390325233,0.6459365157804738,59.270833333333336,123.73958333333333,0.03559971649702426,-0.8181818181818182,0.3933586451432006,222,11,96,238,1
n06-128,n06-128,588,data/raw/IAM/images/formsI-Z/n06-128.png,2479,3542,-95.0,12.445009464071763,0.247666556345901,0.5843534738234516,56.82608695652174,135.231884057971,0.035801036850217176,1.8888888888888888,0.3048048554213382,173,9,69,174,2
n06-133,n06-133,588,data/raw/IAM/images/formsI-Z/n06-133.png,2479,3542,-63.0,13.656710379136278,0.3560435483572372,0.5781525669577438,55.12765957446808,113.69148936170212,0.037279921089860966,0.3333333333333333,0.33367981615872594,215,9,94,230,2
n06-140,n06-140,588,data/raw/IAM/images/formsI-Z/n06-140.png,2479,3542,-63.0,14.33142736842505,0.4795912216918779,0.5508815952301676,52.19512195121951,110.76829268292683,0.037755062536001756,0.0,0.2912285900605174,190,8,82,204,2
n06-148,n06-148,551,data/raw/IAM/images/formsI-Z/n06-148.png,2479,3542,-30.0,6.443244722065813,0.37383981437085717,0.45984851623427375,39.54838709677419,111.98924731182795,0.03120813359381948,39.666666666666664,0.31758949085360505,333,9,93,315,2
n06-156,n06-156,551,data/raw/IAM/images/formsI-Z/n06-156.png,2479,3542,-63.0,5.345508466949472,0.3262019366022949,0.49407275176372933,40.986301369863014,127.97260273972603,0.03331169545512184,41.75,0.2712367170511233,282,8,73,268,1
n06-163,n06-163,551,data/raw/IAM/images/formsI-Z/n06-163.png,2479,3542,-63.0,4.967248124986933,0.383316006228388,0.46680227773515715,40.43478260869565,128.9673913043478,0.03314364826212418,44.8,0.3415483967073844,359,10,92,354,3
n06-169,n06-169,551,data/raw/IAM/images/formsI-Z/n06-169.png,2479,3542,-30.0,8.270003668426849,0.3140881753141004,0.451650950772467,41.21176470588235,118.81176470588235,0.029929260450160772,42.55555555555556,0.3187702733452247,303,9,85,287,5
n06-175,n06-175,551,data/raw/IAM/images/formsI-Z/n06-175.png,2479,3542,-63.0,10.511500088084235,0.3738107941102434,0.510732268770779,43.550561797752806,130.82022471910113,0.035853640309965795,42.0,0.34137597148628945,336,10,89,325,3
n06-182,n06-182,551,data/raw/IAM/images/formsI-Z/n06-182.png,2479,3542,-63.0,4.6993627895315075,0.24213922945906893,0.4454421318815878,45.083333333333336,131.56944444444446,0.03733374671658756,38.75,0.26521493134082363,281,8,72,261,0
n06-186,n06-186,551,data/raw/IAM/images/formsI-Z/n06-186.png,2479,3542,-63.0,9.646984910588245,0.49326125655689745,0.5161598146624976,43.0,115.71764705882353,0.03583024580289466,43.5,0.28039643678839005,296,8,85,290,3
n06-194,n06-194,551,data/raw/IAM/images/formsI-Z/n06-194.png,2479,3542,-30.0,9.857995626800854,0.3821818594598507,0.46141656058448943,42.0919540229885,123.08045977011494,0.037430996811982184,43.75,0.2906465125803218,305,8,87,288,3
n06-201,n06-201,551,data/raw/IAM/images/formsI-Z/n06-201.png,2479,3542,-63.0,8.662729205291795,0.39534433548686787,0.4614819645200878,45.1,108.925,0.03736351331416459,36.0,0.26403130166919914,273,8,80,239,2
p01-147,p01-147,589,data/raw/IAM/images/formsI-Z/p01-147.png,2479,3542,127.0,10.735300819404493,0.24923774187710485,0.5801551395701098,57.78787878787879,154.3838383838384,0.03963501235735138,20.666666666666668,0.43942601762199424,220,12,99,220,1
p01-155,p01-155,590,data/raw/IAM/images/formsI-Z/p01-155.png,2479,3542,95.0,6.520231996792647,0.454257297112891,0.6504027144121355,65.52222222222223,154.64444444444445,0.046621281987925534,37.8,0.3627385908372281,293,10,90,286,2
p01-168,p01-168,591,data/raw/IAM/images/formsI-Z/p01-168.png,2479,3542,95.0,7.590934664064498,0.41982176401420024,0.4466553080954433,63.18181818181818,132.9090909090909,0.04817685857174465,31.75,0.2856797778926267,272,8,77,258,1
p01-174,p01-174,592,data/raw/IAM/images/formsI-Z/p01-174.png,2479,3542,30.0,18.680071792250516,0.5119677378813684,0.7546689208617184,64.91428571428571,219.18571428571428,0.04815212657860357,43.666666666666664,0.37267023801741517,108,9,70,103,6
p02-000,p02-000,593,data/raw/IAM/images/formsI-Z/p02-000.png,2479,3542,-95.0,11.72339044174579,0.42307627688381044,0.45286627959696973,63.36986301369863,117.36986301369863,0.07067995131626904,-8.714285714285714,0.24310293421260326,180,7,73,174,1
p02-008,p02-008,594,data/raw/IAM/images/formsI-Z/p02-008.png,2479,3542,-159.0,9.84250649053463,0.4201107435335624,0.6840691798596739,80.58571428571429,248.88571428571427,0.05322793963892588,43.0,0.4308089703936557,257,11,70,260,0
p02-017,p02-017,595,data/raw/IAM/images/formsI-Z/p02-017.png,2479,3542,-159.0,22.54422224331113,0.3404494693440674,0.8175908793806644,80.57971014492753,140.28985507246378,0.050563610087352065,28.0,0.28101507205984816,113,8,69,128,2
p02-022,p02-022,596,data/raw/IAM/images/formsI-Z/p02-022.png,2479,3542,-95.0,16.700130506671258,0.26820672797849127,0.6005680425631574,92.86585365853658,165.5,0.06940460049871423,-7.444444444444445,0.37396502159642975,199,9,82,194,2
p02-027,p02-027,597,data/raw/IAM/images/formsI-Z/p02-027.png,2479,3542,-127.0,17.87210495752256,0.3778638587568057,0.6277485237362139,57.02564102564103,90.61538461538461,0.07395290739226455,2.2,0.17687934949453443,110,5,78,106,1
p02-069,p02-069,598,data/raw/IAM/images/formsI-Z/p02-069.png,2479,3542,-190.0,10.025180819309844,0.4540338119949697,0.520739578527202,57.78409090909091,162.375,0.05774744063576919,44.4,0.34290342661530204,298,10,88,272,4
p02-076,p02-076,599,data/raw/IAM/images/formsI-Z/p02-076.png,2479,3542,-159.0,7.07134018531817,0.26281217193186407,0.42786462488549193,54.109756097560975,194.9512195121951,0.043858821169745536,-11.0,0.3861129136924075,213,11,82,214,1
p02-081,p02-081,599,data/raw/IAM/images/formsI-Z/p02-081.png,2479,3542,-159.0,8.269393155422348,0.28762600459253784,0.4106233760000076,56.45783132530121,189.02409638554218,0.04617528847400493,-10.6,0.36893302954302304,219,10,83,218,1
p02-090,p02-090,598,data/raw/IAM/images/formsI-Z/p02-090.png,2479,3542,-127.0,7.551305872078075,0.3411103903494038,0.582343981107566,60.25,208.390625,0.056556511431724514,44.111111111111114,0.3258993843030183,240,9,64,222,1
p02-101,p02-101,600,data/raw/IAM/images/formsI-Z/p02-101.png,2479,3542,-30.0,8.01121918953984,0.32549574914553203,0.7199194417244273,78.4927536231884,134.55072463768116,0.03783183742685491,26.25,0.30624325075979847,286,8,69,283,1
p02-105,p02-105,601,data/raw/IAM/images/formsI-Z/p02-105.png,2479,3542,0.0,6.42764733806409,0.3306802161703117,0.47068588492084446,78.38461538461539,149.1153846153846,0.05891667296215154,32.0,0.30150497379569413,308,8,78,280,0
p02-109,p02-109,602,data/raw/IAM/images/formsI-Z/p02-109.png,2479,3542,0.0,19.262142840922248,0.4677058435716846,0.6678253274792988,79.73333333333333,113.2,0.05183061103187103,8.11111111111111,0.34469863055197253,294,9,90,317,4
p02-115,p02-115,603,data/raw/IAM/images/formsI-Z/p02-115.png,2479,3542,-30.0,5.759966109088498,0.28097568239000775,0.4483415094933005,68.1025641025641,146.0,0.05984189142721698,27.666666666666668,0.3411388583354839,272,9,78,260,0
p02-121,p02-121,604,data/raw/IAM/images/formsI-Z/p02-121.png,2479,3542,-30.0,19.272185503854015,0.3796563274102919,0.6417227477703158,93.23809523809524,120.47619047619048,0.06660038566343991,5.0,0.21787384441505142,135,6,63,137,4
p02-127,p02-127,605,data/raw/IAM/images/formsI-Z/p02-127.png,2479,3542,-95.0,23.757793572949886,0.5356617560228163,0.6417848678596032,62.95348837209303,120.75581395348837,0.058953175820133374,35.285714285714285,0.25015004638625665,133,7,86,122,3
p02-131,p02-131,606,data/raw/IAM/images/formsI-Z/p02-131.png,2479,3542,-30.0,4.925862560632952,0.2715430930296756,0.4698668816781967,61.626666666666665,138.56,0.050575637043610545,-5.0,0.28746951524368786,253,8,75,245,0
p02-135,p02-135,607,data/raw/IAM/images/formsI-Z/p02-135.png,2479,3542,-30.0,13.728690286550398,0.2572288041857626,0.5774022413190169,77.17391304347827,170.42028985507247,0.05670001216502439,17.88888888888889,0.34170772490045687,116,9,69,107,0
p02-139,p02-139,608,data/raw/IAM/images/formsI-Z/p02-139.png,2479,3542,-63.0,7.350852452681981,0.39920648823793253,0.5163375386408521,66.45070422535211,92.21126760563381,0.04807696518262591,-8.0,0.20806098158466751,221,6,71,218,2
p02-144,p02-144,609,data/raw/IAM/images/formsI-Z/p02-144.png,2479,3542,0.0,8.473283545813791,0.3157376318506019,0.5686889575890319,98.81521739130434,165.84782608695653,0.06680856342739258,21.666666666666668,0.4957430103439188,407,12,92,338,2
p02-150,p02-150,610,data/raw/IAM/images/formsI-Z/p02-150.png,2479,3542,0.0,7.573241422900052,0.37510021471994026,0.3770449537920991,55.23300970873787,114.67961165048544,0.05294609023309094,9.222222222222221,0.346976146781468,448,9,103,326,6
p02-155,p02-155,611,data/raw/IAM/images/formsI-Z/p02-155.png,2479,3542,-63.0,15.309870379706965,0.18363046982040507,0.4486683503002588,100.53846153846153,114.46153846153847,0.05580673261861432,-10.0,0.06602211826092423,29,2,13,29,0
p03-004,p03-004,612,data/raw/IAM/images/formsI-Z/p03-004.png,2479,3542,127.0,6.87900247642346,0.20808944473619725,0.5205986808862781,68.3768115942029,248.2463768115942,0.02972013286298192,-5.0,0.49078572829383993,296,12,69,286,3
p03-009,p03-009,613,data/raw/IAM/images/formsI-Z/p03-009.png,2479,3542,127.0,11.068988153953047,0.3891333329761605,0.5645140558424426,55.267605633802816,128.90140845070422,0.0396165778197349,-16.714285714285715,0.2596145282712447,206,7,71,197,2
p03-012,p03-012,614,data/raw/IAM/images/formsI-Z/p03-012.png,2479,3542,63.0,14.342842282724982,0.3977154227570866,0.5383146299765961,76.16,174.44,0.043279262718600955,-25.4,0.3851100230074922,211,10,75,215,1
p03-023,p03-023,615,data/raw/IAM/images/formsI-Z/p03-023.png,2479,3542,255.0,11.41559049836979,0.36197148711274707,0.5489089754351035,46.29333333333334,88.13333333333334,0.05074330877350434,2.3333333333333335,0.2045594057274784,164,6,75,158,1
p03-027,p03-027,616,data/raw/IAM/images/formsI-Z/p03-027.png,2479,3542,127.0,14.26582604032714,0.35693107372913263,0.48826602368722316,90.93827160493827,120.74074074074075,0.07171969910355638,11.5,0.2975863430113917,257,8,81,202,3
p03-029,p03-029,617,data/raw/IAM/images/formsI-Z/p03-029.png,2479,3542,159.0,7.535447245167428,0.30927910913742895,0.47793327301873995,93.53424657534246,186.97260273972603,0.06158065026911215,-2.0,0.4063740160430621,247,10,73,240,2
p03-033,p03-033,618,data/raw/IAM/images/formsI-Z/p03-033.png,2479,3542,127.0,8.960148512792408,0.5289684898760277,0.4643139276651192,39.432432432432435,98.1891891891892,0.051244241592459015,25.333333333333332,0.21409199215818295,182,6,74,154,1
p03-040,p03-040,619,data/raw/IAM/images/formsI-Z/p03-040.png,2479,3542,223.0,12.516773923363083,0.4067946447430708,0.5435495894074116,78.59302325581395,104.19767441860465,0.03959251849294523,-2.111111111111111,0.32196184824348356,302,9,86,305,2
p03-047,p03-047,620,data/raw/IAM/images/formsI-Z/p03-047.png,2479,3542,95.0,16.358022334033407,0.3876875489717129,0.6824629082734492,68.52577319587628,154.1443298969072,0.05432082082621397,38.0,0.3910557320680617,250,10,97,237,1
p03-057,p03-057,567,data/raw/IAM/images/formsI-Z/p03-057.png,2479,3542,-95.0,21.471886059936843,0.471466202110064,0.4568905455747991,56.895833333333336,129.83333333333334,0.06516254796386882,-0.6,0.35509710136575806,275,10,96,261,2
p03-069,p03-069,621,data/raw/IAM/images/formsI-Z/p03-069.png,2479,3542,95.0,9.529989070410739,0.3323675256864718,0.6175583135647387,54.7037037037037,109.67901234567901,0.04875224204309225,-9.0,0.24280568862009486,205,7,81,178,0
p03-072,p03-072,622,data/raw/IAM/images/formsI-Z/p03-072.png,2479,3542,223.0,11.45956974361243,0.33638962523017363,0.5339423314383968,55.5,116.31395348837209,0.04675104740463456,-6.25,0.27357163242951693,267,8,86,257,1
p03-080,p03-080,623,data/raw/IAM/images/formsI-Z/p03-080.png,2479,3542,127.0,9.23013954872755,0.33567453661848484,0.5569424865235518,45.594202898550726,153.0,0.027947067729630296,41.857142857142854,0.28553844387718497,181,7,69,176,3
p03-087,p03-087,567,data/raw/IAM/images/formsI-Z/p03-087.png,2479,3542,-95.0,13.780823328191177,0.3363280132911919,0.40705443529122326,60.12765957446808,150.87234042553192,0.06665489849955869,1.0,0.38387673851658277,257,11,94,249,0
p03-096,p03-096,567,data/raw/IAM/images/formsI-Z/p03-096.png,2479,3542,-127.0,16.342487286070405,0.3263120099191054,0.5041732697814035,63.73863636363637,141.4659090909091,0.06599263824866874,0.0,0.3588140379185155,244,10,88,236,0
p03-103,p03-103,567,data/raw/IAM/images/formsI-Z/p03-103.png,2479,3542,-30.0,14.83213883399568,0.5870197372245758,0.4436783369813655,60.4,147.64,0.05984385247351506,-1.25,0.33480376893744834,255,8,75,240,2
p03-112,p03-112,567,data/raw/IAM/images/formsI-Z/p03-112.png,2479,3542,-63.0,15.143358972162456,0.42731373694871017,0.43242444857941453,59.357894736842105,139.69473684210527,0.06780355610519409,-0.8,0.360995091689446,265,10,95,256,1
p03-121,p03-121,624,data/raw/IAM/images/formsI-Z/p03-121.png,2479,3542,223.0,17.561551189025785,0.4152825789289492,0.5186032918429963,68.86585365853658,105.13414634146342,0.05143752271055454,2.142857142857143,0.2570046891915808,230,7,82,225,3
p03-135,p03-135,625,data/raw/IAM/images/formsI-Z/p03-135.png,2479,3542,191.0,8.981228927831873,0.44530630610956956,0.5349638124360467,60.5,102.15,0.05681121093703883,31.0,0.24116468795248808,264,7,80,252,0
p03-142,p03-142,626,data/raw/IAM/images/formsI-Z/p03-142.png,2479,3542,127.0,12.757089391178154,0.49732681059619716,0.5747642359993271,67.325,110.075,0.058284984633172714,5.571428571428571,0.25294552160223804,213,7,80,201,1
p03-151,p03-151,627,data/raw/IAM/images/formsI-Z/p03-151.png,2479,3542,255.0,13.894595653735658,0.434067713412432,0.5523980089515191,71.3943661971831,144.0,0.05299455607877909,15.0,0.28514052199970435,260,8,71,258,3
p03-158,p03-158,628,data/raw/IAM/images/formsI-Z/p03-158.png,2479,3542,95.0,11.641327460258184,0.4083092519198645,0.5231401428552107,55.31325301204819,94.48192771084338,0.043599601587954256,12.75,0.28002140623814864,286,8,83,281,1
p03-163,p03-163,629,data/raw/IAM/images/formsI-Z/p03-163.png,2479,3542,159.0,22.616338619980233,0.41216980773711687,0.6797551357626603,62.42666666666667,155.56,0.05386010816636948,-24.0,0.3093809570123652,127,8,75,121,6
p03-173,p03-173,630,data/raw/IAM/images/formsI-Z/p03-173.png,2479,3542,127.0,12.792270182027085,0.42557327708666487,0.5642246343842683,52.87619047619047,119.42857142857143,0.03697693038297605,-10.333333333333334,0.34821330343718404,345,9,105,341,4
p03-181,p03-181,631,data/raw/IAM/images/formsI-Z/p03-181.png,2479,3542,255.0,11.242026394489656,0.4777285571966738,0.5383627929738843,73.53932584269663,185.1123595505618,0.055329695662414885,34.4,0.42017053924905967,388,10,89,377,4
p03-185,p03-185,632,data/raw/IAM/images/formsI-Z/p03-185.png,2479,3542,159.0,6.685765277677651,0.28960474575001605,0.5259993339979369,56.839080459770116,128.16091954022988,0.04243764940694735,4.111111111111111,0.3186254088265769,307,9,87,295,1
p03-189,p03-189,633,data/raw/IAM/images/formsI-Z/p03-189.png,2479,3542,159.0,8.29049514601301,0.5276256376282543,0.6610034852286291,80.66666666666667,208.8,0.03741275948460988,36.2,0.2240133894903525,88,5,30,91,0
p06-030,p06-030,634,data/raw/IAM/images/formsI-Z/p06-030.png,2479,3542,-63.0,33.912824480441344,0.5157978158525913,0.7665608011858714,92.8169014084507,193.6056338028169,0.06197769978743172,31.666666666666668,0.37460871205193075,160,9,71,159,6
p06-042,p06-042,634,data/raw/IAM/images/formsI-Z/p06-042.png,2479,3542,-63.0,23.033684874974014,0.43424327069387636,0.6619402803179087,111.921875,289.921875,0.0647471863805887,37.0,0.4697774120227073,154,11,64,145,6
p06-047,p06-047,634,data/raw/IAM/images/formsI-Z/p06-047.png,2479,3542,-63.0,25.71486440854643,0.43055041158727475,0.6984498146361972,106.92537313432835,277.67164179104475,0.06336916135217165,34.63636363636363,0.45523492765543383,153,11,67,148,5
p06-052,p06-052,634,data/raw/IAM/images/formsI-Z/p06-052.png,2479,3542,-127.0,21.764808772802596,0.5693322001197175,0.7466426212527817,103.34426229508196,238.0655737704918,0.06081596922105877,31.0,0.37025343774208147,141,9,61,142,3
p06-058,p06-058,634,data/raw/IAM/images/formsI-Z/p06-058.png,2479,3542,-30.0,17.485496393709877,0.5040620145986835,0.6982629325370281,97.26027397260275,236.67123287671234,0.06178463986474727,34.45454545454545,0.45806570790347556,174,11,73,165,2
p06-069,p06-069,634,data/raw/IAM/images/formsI-Z/p06-069.png,2479,3542,-63.0,18.818353263315007,0.46144553500100666,0.6297650927208661,104.28571428571429,224.7792207792208,0.06566685476822184,33.54545454545455,0.44783556237157796,166,11,77,168,6
p06-088,p06-088,634,data/raw/IAM/images/formsI-Z/p06-088.png,2479,3542,-30.0,26.010618769466582,0.443120249529849,0.5849193448354709,90.20253164556962,205.55696202531647,0.06338935649554953,29.2,0.4235123313643755,147,10,79,142,4
p06-096,p06-096,634,data/raw/IAM/images/formsI-Z/p06-096.png,2479,3542,-30.0,25.238661983349868,0.5177132716154819,0.6594133283797808,102.62666666666667,236.13333333333333,0.06573597853403326,27.181818181818183,0.44981959128617144,160,11,75,149,6
p06-104,p06-104,634,data/raw/IAM/images/formsI-Z/p06-104.png,2479,3542,-30.0,21.67996525154329,0.5929180480103019,0.733625035748947,91.8961038961039,203.19480519480518,0.06256789080378054,26.2,0.415706844324625,163,10,77,158,4
p06-242,p06-242,635,data/raw/IAM/images/formsI-Z/p06-242.png,2479,3542,-127.0,12.39845127032397,0.40252250632294173,0.5960135029009122,61.61038961038961,113.07792207792208,0.04513557136252666,13.75,0.28082989147233145,141,8,77,137,0
p06-248,p06-248,635,data/raw/IAM/images/formsI-Z/p06-248.png,2479,3542,-127.0,13.659053167402913,0.38402385912112713,0.5901061896616475,64.33333333333333,111.09803921568627,0.047958410842412966,12.2,0.17142301373320193,83,5,51,86,0
r02-000,r02-000,636,data/raw/IAM/images/formsI-Z/r02-000.png,2479,3542,-95.0,5.8733013124080395,0.2689747324286498,0.40067702570118197,71.59677419354838,191.24193548387098,0.06678791271466608,15.0,0.2697688249278126,320,8,62,303,0
r02-003,r02-003,637,data/raw/IAM/images/formsI-Z/r02-003.png,2479,3542,-95.0,10.182825044763327,0.3243151344243695,0.5503301812541669,60.40983606557377,130.2295081967213,0.0514853735295716,24.333333333333332,0.2074640987684466,138,6,61,132,0
r02-006,r02-006,638,data/raw/IAM/images/formsI-Z/r02-006.png,2479,3542,-95.0,7.3150326929387735,0.2869454120444389,0.5327700260453775,67.43548387096774,203.79032258064515,0.042243246554204805,37.2,0.349548061423467,206,10,62,214,0
r02-010,r02-010,639,data/raw/IAM/images/formsI-Z/r02-010.png,2479,3542,-159.0,7.77147637859705,0.2581684089209179,0.5019085304019377,67.57142857142857,223.93650793650792,0.07146210219623757,45.0,0.2935545083500956,195,8,63,164,3
r02-013,r02-013,640,data/raw/IAM/images/formsI-Z/r02-013.png,2479,3542,-30.0,12.709680034870948,0.4816680125077219,0.5123452353071708,88.81927710843374,229.6867469879518,0.06589143586599057,45.0,0.4652559762877738,245,12,83,240,3
r02-038,r02-038,641,data/raw/IAM/images/formsI-Z/r02-038.png,2479,3542,-63.0,11.47340226698182,0.21449821266786828,0.668846201278514,68.77272727272727,120.9090909090909,0.04985635767756897,-6.142857142857143,0.2365079542237232,209,7,66,225,1
r02-054,r02-054,642,data/raw/IAM/images/formsI-Z/r02-054.png,2479,3542,-95.0,12.883386822973591,0.39757843270817605,0.5571075014348719,82.74666666666667,133.8,0.0648991806460412,1.0,0.2605347368488186,195,7,75,204,1
r02-060,r02-060,643,data/raw/IAM/images/formsI-Z/r02-060.png,2479,3542,-63.0,13.489282072124968,0.33465903057535373,0.6691130866959106,107.9047619047619,233.68253968253967,0.06762223468437863,-2.6363636363636362,0.4031157032454891,184,11,63,184,3
r02-065,r02-065,644,data/raw/IAM/images/formsI-Z/r02-065.png,2479,3542,-127.0,10.579863247166807,0.49592813074501596,0.48930448362701223,78.4320987654321,137.46913580246914,0.06511401977755607,35.25,0.2869759281180436,339,8,81,318,0
r02-070,r02-070,645,data/raw/IAM/images/formsI-Z/r02-070.png,2479,3542,-63.0,5.23672107655466,0.3828231052093524,0.42641614749665263,51.30555555555556,142.81944444444446,0.046301715069291115,27.0,0.25181667167390726,344,7,72,349,0
r02-078,r02-078,647,data/raw/IAM/images/formsI-Z/r02-078.png,2479,3542,-63.0,6.016763706785202,0.31847607538283557,0.5564664027099374,69.82758620689656,167.5344827586207,0.0442415707202978,36.5,0.2765682324410423,323,8,58,313,1
r02-081,r02-081,648,data/raw/IAM/images/formsI-Z/r02-081.png,2479,3542,-95.0,8.21052971691986,0.4559103647872509,0.5094786021106076,82.47368421052632,156.52631578947367,0.06985256739674531,30.75,0.3282145971957782,284,8,76,278,4
r02-089,r02-089,649,data/raw/IAM/images/formsI-Z/r02-089.png,2479,3542,-63.0,10.020635017731799,0.48138706468895054,0.5287843377363365,78.96296296296296,165.2962962962963,0.08260742502674666,38.63636363636363,0.44815410487052276,324,11,108,269,5
r02-109,r02-109,650,data/raw/IAM/images/formsI-Z/r02-109.png,2479,3542,-30.0,11.113668014550841,0.34646725630019093,0.529840891438415,63.13333333333333,148.1,0.04727458444420917,2.6,0.37864123003642797,299,10,90,287,1
r02-117,r02-117,651,data/raw/IAM/images/formsI-Z/r02-117.png,2479,3542,-30.0,18.15897777315572,0.6856932676435348,0.5365382428114043,68.33333333333333,98.60493827160494,0.052401689864926736,4.25,0.27114059625415887,287,8,81,280,1
r02-127,r02-127,652,data/raw/IAM/images/formsI-Z/r02-127.png,2479,3542,-63.0,8.067373849892812,0.2966560658464325,0.500068539664953,59.41379310344828,116.79310344827586,0.04797365721062239,-1.6666666666666667,0.20513089169805587,209,6,58,211,0
r02-131,r02-131,653,data/raw/IAM/images/formsI-Z/r02-131.png,2479,3542,-63.0,7.930159991572192,0.38827497710517594,0.5070600718945241,48.710144927536234,97.98550724637681,0.04028925350009168,22.333333333333332,0.21801506454329297,212,6,69,198,2
r02-137,r02-137,654,data/raw/IAM/images/formsI-Z/r02-137.png,2479,3542,-30.0,22.3109891201832,0.5126620030444196,0.6182224544746103,75.08974358974359,184.42307692307693,0.059932473598862286,39.44444444444444,0.3568419671599425,121,9,78,113,5
r02-146,r02-146,655,data/raw/IAM/images/formsI-Z/r02-146.png,2479,3542,-63.0,12.687558831759247,0.42460549483168003,0.6402026205541287,74.6470588235294,151.2941176470588,0.028849192064903037,39.666666666666664,0.4245881098574155,180,6,51,156,4
r03-002,r03-002,658,data/raw/IAM/images/formsI-Z/r03-002.png,2479,3542,191.0,9.033394741987298,0.29307864999338024,0.581686990450597,72.98666666666666,171.36,0.04783540580645783,14.4,0.37821848074930486,269,10,75,264,2
r03-007,r03-007,658,data/raw/IAM/images/formsI-Z/r03-007.png,2479,3542,127.0,8.179818597602678,0.3010349134979023,0.5132520688318993,70.74666666666667,146.69333333333333,0.04512173559840394,17.666666666666668,0.3574890742314493,234,9,75,225,0
r03-026,r03-026,659,data/raw/IAM/images/formsI-Z/r03-026.png,2479,3542,30.0,7.0857864749947765,0.47324388122182626,0.4966677096454601,76.11,156.86,0.0619840987832154,20.454545454545453,0.4288420245590914,363,11,100,328,3
r03-030,r03-030,660,data/raw/IAM/images/formsI-Z/r03-030.png,2479,3542,-95.0,8.417638507756438,0.3137051505301563,0.5139531567752389,79.3225806451613,147.93548387096774,0.06279156756903471,-2.7142857142857144,0.2685396403761102,178,7,62,167,1
r03-035,r03-035,661,data/raw/IAM/images/formsI-Z/r03-035.png,2479,3542,-127.0,17.759478231702445,0.5081282109523226,0.459179612702115,81.96470588235294,136.1764705882353,0.09903233591090857,21.0,0.3076963375470838,269,9,85,211,1
r03-050,r03-050,662,data/raw/IAM/images/formsI-Z/r03-050.png,2479,3542,-63.0,6.813925118332607,0.36561088617295656,0.5386640166771762,60.01428571428571,126.68571428571428,0.047758526487518084,26.714285714285715,0.23679062225460668,263,7,70,262,0
r03-053,r03-053,315,data/raw/IAM/images/formsI-Z/r03-053.png,2479,3542,0.0,7.372679525694417,0.4455202962709461,0.6808616266004219,86.21052631578948,173.0,0.05414350727609591,31.22222222222222,0.32922921826231366,301,9,76,306,3
r03-056,r03-056,663,data/raw/IAM/images/formsI-Z/r03-056.png,2479,3542,-63.0,13.75390493500916,0.4482659563474536,0.4628172435755487,63.80769230769231,116.08653846153847,0.10274941147007263,17.5,0.2842197439861294,289,8,104,227,2
r03-065,r03-065,664,data/raw/IAM/images/formsI-Z/r03-065.png,2479,3542,0.0,13.252328186582202,0.4860120261935407,0.5377631015997588,57.23456790123457,132.06172839506172,0.0662782200279435,17.5,0.29189619682805923,215,8,81,186,2
r03-084,r03-084,665,data/raw/IAM/images/formsI-Z/r03-084.png,2479,3542,-30.0,22.290434257719134,0.44292268894242454,0.7067850988413696,98.82,189.08,0.06593444990255158,43.0,0.42698167714390944,269,10,100,249,6
r03-090,r03-090,666,data/raw/IAM/images/formsI-Z/r03-090.png,2479,3542,-63.0,13.834085352911094,0.43965518004272447,0.5692779020267381,53.30864197530864,114.77777777777777,0.05187440671909796,18.714285714285715,0.2524296125853556,197,7,81,185,1
r03-096,r03-096,667,data/raw/IAM/images/formsI-Z/r03-096.png,2479,3542,-63.0,12.425818198694495,0.38674031202494635,0.4587899911751907,53.41891891891892,114.21621621621621,0.06323595430091393,-0.42857142857142855,0.2371991356417054,241,7,74,202,2
r03-110,r03-110,668,data/raw/IAM/images/formsI-Z/r03-110.png,2479,3542,-127.0,14.178868700796277,0.4682356004924236,0.6428933649510723,68.02777777777777,124.51851851851852,0.0507515963526934,21.2,0.37322634921596637,205,10,108,208,1
r03-115,r03-115,669,data/raw/IAM/images/formsI-Z/r03-115.png,2479,3542,-95.0,6.001774301106673,0.3401210111645311,0.4786891331926167,64.46666666666667,154.06666666666666,0.0731030322673581,-11.5,0.1264967910003601,90,4,30,72,0
r06-000,r06-000,635,data/raw/IAM/images/formsI-Z/r06-000.png,2479,3542,-63.0,12.668464263120313,0.37633085512721937,0.6008421410227531,64.60344827586206,119.39655172413794,0.05011565105628738,15.333333333333334,0.19635884399025216,103,6,58,99,1
r06-003,r06-003,635,data/raw/IAM/images/formsI-Z/r06-003.png,2479,3542,-95.0,12.99487260199106,0.4068926669351196,0.5456547471294446,61.37777777777778,114.31111111111112,0.050669095396735864,13.75,0.2923539094856421,155,8,90,148,2
r06-007,r06-007,635,data/raw/IAM/images/formsI-Z/r06-007.png,2479,3542,-127.0,13.611683606216351,0.38077041860639865,0.5084594840036608,55.63095238095238,111.44047619047619,0.04539252373791741,14.5,0.2878734731427788,143,8,84,139,1
r06-011,r06-011,635,data/raw/IAM/images/formsI-Z/r06-011.png,2479,3542,-63.0,16.100404679786205,0.4943926389421018,0.614382808571955,51.37662337662338,91.53246753246754,0.04786164914222468,14.0,0.20579417075199036,136,6,77,128,2
r06-018,r06-018,635,data/raw/IAM/images/formsI-Z/r06-018.png,2479,3542,-95.0,13.185186935112606,0.4044958310618325,0.6356750293348492,64.15384615384616,128.84615384615384,0.04862766260436809,15.571428571428571,0.24312092839023403,137,7,65,136,1
r06-022,r06-022,635,data/raw/IAM/images/formsI-Z/r06-022.png,2479,3542,-127.0,9.671322073137,0.31880924985874765,0.5999689274334057,53.6025641025641,119.37179487179488,0.04491766592584794,16.0,0.27369337784652514,151,8,78,150,0
r06-027,r06-027,635,data/raw/IAM/images/formsI-Z/r06-027.png,2479,3542,-127.0,12.655481358108478,0.3666800400603715,0.6099419946521792,61.48314606741573,104.75280898876404,0.04878050692253819,12.0,0.2905937828066316,144,8,89,136,0
r06-035,r06-035,670,data/raw/IAM/images/formsI-Z/r06-035.png,2479,3542,-63.0,8.146761452165503,0.4175349269773373,0.5463204039017269,75.546875,127.359375,0.0603709717367972,9.0,0.24829915160869087,161,7,64,151,1
r06-041,r06-041,670,data/raw/IAM/images/formsI-Z/r06-041.png,2479,3542,-30.0,9.67067006695854,0.2436368469662873,0.5728144925342131,87.74242424242425,160.22727272727272,0.06181956722225971,10.777777777777779,0.3240373285798335,181,9,66,178,2
r06-044,r06-044,670,data/raw/IAM/images/formsI-Z/r06-044.png,2479,3542,0.0,12.763132034618707,0.3341352961613751,0.5624819743396176,89.45977011494253,165.66666666666666,0.06452019918169147,12.454545454545455,0.4052744351251814,265,11,87,267,1
r06-049,r06-049,670,data/raw/IAM/images/formsI-Z/r06-049.png,2479,3542,-30.0,11.024098677348025,0.3021025412104314,0.5226332900552754,91.65,172.6375,0.05903981552816299,13.181818181818182,0.4257376872561817,232,11,80,221,0
r06-053,r06-053,670,data/raw/IAM/images/formsI-Z/r06-053.png,2479,3542,-63.0,9.536344415630943,0.32846043216811177,0.5165458434127074,84.6891891891892,156.40540540540542,0.056212165870767036,11.8,0.3678429012627585,202,10,74,194,1
r06-057,r06-057,670,data/raw/IAM/images/formsI-Z/r06-057.png,2479,3542,0.0,8.422756389798536,0.3408191396063286,0.5385992880122548,85.88732394366197,154.25352112676057,0.057025624023575576,11.444444444444445,0.3270209454505366,188,9,71,184,3
r06-062,r06-062,670,data/raw/IAM/images/formsI-Z/r06-062.png,2479,3542,-30.0,13.799526483832341,0.35302072684109964,0.6006804373132181,91.72602739726027,157.63013698630138,0.05377399817564071,17.0,0.3728072443192495,158,10,73,163,0
r06-066,r06-066,670,data/raw/IAM/images/formsI-Z/r06-066.png,2479,3542,-30.0,14.818342805969593,0.4397773581588914,0.5230495689272856,90.33333333333333,155.83333333333334,0.055975786344220554,14.4,0.3922283146812673,209,10,78,208,3
r06-070,r06-070,670,data/raw/IAM/images/formsI-Z/r06-070.png,2479,3542,-63.0,13.853116266255952,0.3326932828256521,0.5246076944810888,91.8840579710145,173.1304347826087,0.05738863860820153,13.6,0.3745467574150248,168,10,69,169,1
r06-076,r06-076,670,data/raw/IAM/images/formsI-Z/r06-076.png,2479,3542,-127.0,12.861538077201955,0.3788469263058136,0.5008618982467429,88.42647058823529,168.08823529411765,0.05908811957477856,12.555555555555555,0.33403799140333856,184,9,68,173,1
r06-090,r06-090,671,data/raw/IAM/images/formsI-Z/r06-090.png,2479,3542,-95.0,6.046308026611823,0.37995656928356153,0.5243643285963623,69.73170731707317,178.78048780487805,0.037524244134201995,-2.272727272727273,0.4173742668226769,199,11,82,202,0
r06-097,r06-097,671,data/raw/IAM/images/formsI-Z/r06-097.png,2479,3542,-127.0,7.29396100896959,0.29298796251351394,0.5337783506321849,69.8974358974359,195.51282051282053,0.03918914069661609,-1.9090909090909092,0.4189304215261386,207,11,78,210,1
r06-103,r06-103,671,data/raw/IAM/images/formsI-Z/r06-103.png,2479,3542,0.0,7.539375682795998,0.3328646590261308,0.5437025390511686,68.6896551724138,190.63793103448276,0.04068586317221296,-2.5,0.29722850942837964,142,8,58,142,2
r06-106,r06-106,671,data/raw/IAM/images/formsI-Z/r06-106.png,2479,3542,30.0,8.900646265660182,0.247709987729774,0.5459189813693979,64.30555555555556,176.22222222222223,0.03893861687710747,-1.4,0.362539174349687,149,10,72,152,0
r06-111,r06-111,671,data/raw/IAM/images/formsI-Z/r06-111.png,2479,3542,-30.0,10.193228066026734,0.2568851629446255,0.5721482369181965,68.94029850746269,186.98507462686567,0.042699611812412594,-0.5555555555555556,0.3340445968609499,145,9,67,149,2
r06-115,r06-115,671,data/raw/IAM/images/formsI-Z/r06-115.png,2479,3542,-63.0,8.892303050506582,0.2836081995661204,0.5358614919172359,72.86904761904762,184.88095238095238,0.04525217644412691,-3.727272727272727,0.41317547352589534,176,11,84,178,3
r06-121,r06-121,671,data/raw/IAM/images/formsI-Z/r06-121.png,2479,3542,127.0,10.41570631601339,0.2879941800716951,0.5459661945872056,71.57142857142857,189.13095238095238,0.046193800129088754,-1.9090909090909092,0.4037128138361104,180,11,84,186,0
r06-126,r06-126,671,data/raw/IAM/images/formsI-Z/r06-126.png,2479,3542,30.0,7.455908347868956,0.2818730054214491,0.5490047173885011,70.19753086419753,175.17283950617283,0.03983353975724548,-4.2727272727272725,0.40229229878808076,173,11,81,176,0
r06-130,r06-130,671,data/raw/IAM/images/formsI-Z/r06-130.png,2479,3542,95.0,16.166810229082586,0.3100910753975787,0.6325954406748168,66.26506024096386,173.7710843373494,0.04293754795151143,-2.0,0.3711014418347319,175,10,83,180,1
r06-137,r06-137,671,data/raw/IAM/images/formsI-Z/r06-137.png,2479,3542,63.0,10.813209690198175,0.3347958892094306,0.5606767641239603,64.375,155.05208333333334,0.0401668529838815,-0.09090909090909091,0.42818364265476533,190,11,96,188,0
r06-143,r06-143,635,data/raw/IAM/images/formsI-Z/r06-143.png,2479,3542,30.0,11.131725216105373,0.3665318210100672,0.553477067555908,67.69090909090909,99.4,0.04739068015458087,11.8,0.18174108018364996,102,5,55,99,0
