source_form,anomaly_type,label,euclidean_score,cosine_score,mahalanobis_score,knn_score
m04-222,thinning,1,0.5704914,0.0526644,2.7364681239174935,0.21442987024784088
b05-098,thickening,1,1.0450729,0.17045534,2.223751136844908,0.12476053088903427
g06-042d,thinning,1,0.6463135,0.076165855,1.863378971633603,0.12953434884548187
h07-054a,thinning,1,0.53342575,0.052968502,2.6670914103682803,0.18710315227508545
d01-024,thickening,1,1.226665,0.14299941,4.45726572929573,0.13531287014484406
p02-081,thinning,1,1.261734,0.14647567,5.328202756663539,0.16720972955226898
f07-028b,thickening,1,0.89208245,0.16525,3.083764480619593,0.1938077211380005
f07-084a,dropout,1,0.8048257,0.12526482,2.6466222911370236,0.24850338697433472
k02-023,blur,1,0.9775877,0.12934661,2.737099169469844,0.08520451933145523
m04-030,thinning,1,0.74627036,0.109904826,2.2896073199572364,0.10592782497406006
a02-116,thickening,1,0.38922927,0.019337356,2.326316007482462,0.16156208515167236
b01-027,blur,1,0.94112515,0.07697606,3.8322847185542286,0.36044391989707947
c03-000a,blur,1,0.82770586,0.10685754,2.1706629299421403,0.09685177356004715
p02-131,thinning,1,1.0193582,0.11113989,2.7780213570288144,0.11851303279399872
c03-000b,thinning,1,0.65600574,0.025562584,2.9918887622976458,0.24971245229244232
a03-066,blur,1,0.95920503,0.13156617,2.3100577954315225,0.14819644391536713
g06-026l,blur,1,0.9073952,0.10205549,2.5112510818429623,0.11399541795253754
c06-058,dropout,1,0.7286163,0.0686869,2.0089789126355857,0.1258641630411148
b06-023,blur,1,0.6724995,0.07659793,1.604443368190181,0.08155548572540283
r06-070,blur,1,0.6996786,0.059525132,2.668475823858277,0.167719766497612
d01-016,thickening,1,0.722874,0.097026885,2.140166400455454,0.11491568386554718
b01-136,dropout,1,0.2974059,0.016523719,1.6044164533050687,0.16085560619831085
l07-085,dropout,1,0.886674,0.094597995,1.814812809557754,0.09955336898565292
j06-014,thickening,1,0.89399236,0.16163725,2.4976214299719657,0.1383395940065384
k02-029,thickening,1,1.4916556,0.14072561,4.785551078505551,0.21404893696308136
g06-045m,blur,1,0.7451956,0.068020225,2.7734619786688994,0.23488973081111908
h07-030a,blur,1,0.81945366,0.108053505,3.331513195620107,0.3435437083244324
m04-216,thinning,1,1.0872495,0.1079281,2.9210983786079767,0.13012999296188354
c02-078,thickening,1,0.5261662,0.029817283,2.6382839823783377,0.23623521625995636
f04-057,blur,1,0.6356794,0.08021408,2.4509713972657536,0.18441416323184967
f01-085,thickening,1,0.85722494,0.04164207,3.717620151958131,0.38480865955352783
r02-137,thinning,1,0.9359834,0.07681239,3.8401140331050536,0.39485806226730347
n02-120,blur,1,0.71582675,0.07700479,3.1119914982876344,0.23979569971561432
j06-000,thinning,1,0.7888526,0.12700552,2.5598954490308437,0.17513279616832733
g06-026h,dropout,1,0.737414,0.089410484,2.441780982561295,0.10455438494682312
j01-066,thinning,1,0.910941,0.0663054,3.9210504893914324,0.37019777297973633
f07-036,thinning,1,0.93548197,0.16789174,2.434163147844464,0.18336932361125946
a01-020,thinning,1,0.65734553,0.08512735,2.7786944344947453,0.27184197306632996
a01-132u,thinning,1,1.0428213,0.15822017,2.7752963593983,0.11839902400970459
n04-009,thinning,1,0.5435694,0.05792898,1.8931308421424276,0.12072243541479111
d06-003,thinning,1,0.4271205,0.03516656,1.7244669835464583,0.11912574619054794
a06-152,dropout,1,0.8428332,0.07726395,3.372711990356051,0.2864324748516083
g07-044,thickening,1,0.8167796,0.09764874,3.36720295332031,0.36419257521629333
r02-078,thinning,1,0.5081483,0.00892514,2.5677680556608347,0.2869005799293518
c03-096c,dropout,1,0.53804374,0.052389324,2.7561591203722426,0.19432614743709564
c03-087a,thickening,1,1.1460859,0.15973878,2.7990486030051835,0.10090173035860062
k04-054,thickening,1,0.7954962,0.11875945,2.532743000736138,0.22062963247299194
d04-101,dropout,1,1.2135117,0.11662465,3.441550265652351,0.15437032282352448
c06-080,dropout,1,0.88124675,0.16115975,2.7934249801845397,0.20573237538337708
a01-003x,blur,1,0.5268347,0.0075328946,2.8956724817990525,0.25260278582572937
g06-042f,thinning,1,0.8607444,0.09713209,2.424939310769316,0.10709396749734879
e07-007,thickening,1,0.6881511,0.07402772,2.546494758142243,0.17294813692569733
f02-040,dropout,1,0.87956953,0.15879893,3.0958099360862157,0.22346726059913635
h07-037a,thickening,1,0.6559434,0.08519995,2.242311742124303,0.19067393243312836
a05-094,thickening,1,1.0370901,0.14502138,2.7818470596055964,0.09994487464427948
d04-086,thinning,1,1.1216325,0.120369434,3.517285454004148,0.10406910628080368
m02-095,blur,1,0.77321285,0.11019957,3.029422156811435,0.284972220659256
e01-025,thinning,1,0.9142649,0.11093086,3.5902633594991133,0.312211811542511
g06-026a,dropout,1,0.56173795,0.062288344,2.003891889085057,0.13349847495555878
f03-182,thickening,1,0.66108495,0.07521528,2.6903759532073157,0.19455265998840332
k02-053,thinning,1,1.2315248,0.11758405,2.9161386284506063,0.1297922432422638
a04-089,blur,1,0.60586023,0.072448075,2.456290305961137,0.21208293735980988
c02-022,blur,1,0.493627,0.04132563,1.904627600982752,0.1544916182756424
m01-131,thickening,1,0.4646131,0.034024894,1.7784225253599122,0.1659856140613556
k04-093,thinning,1,1.3143163,0.1454913,5.44313015125062,0.15955477952957153
b03-109,thinning,1,0.47152203,0.016428173,2.574308650592159,0.16639472544193268
e04-079,thinning,1,0.28285453,0.007297516,2.0694450309629335,0.16213610768318176
h07-057a,thickening,1,0.4914427,0.042486966,2.254786048226978,0.14330105483531952
g06-042g,blur,1,0.6153798,0.075234234,2.0899442147756186,0.15732385218143463
b04-195,dropout,1,0.3757261,0.026372135,1.5335549181759227,0.14537100493907928
k04-061,thickening,1,0.7974888,0.102451086,2.614042615253399,0.16922558844089508
a05-044,blur,1,1.1546683,0.1405378,3.5097154907416166,0.09707969427108765
l04-034,thinning,1,0.76455045,0.07169515,2.837493371039254,0.2431274801492691
f01-139,blur,1,0.5672858,0.032584608,2.6002732479911392,0.21472160518169403
c06-031,blur,1,0.76080316,0.06741613,3.3250876755859435,0.29018542170524597
k04-156,thinning,1,0.6632236,0.0770278,2.59303876584516,0.2033492773771286
c02-089,thinning,1,0.9021703,0.10391581,2.3334960527970594,0.17683658003807068
g06-031r,blur,1,0.8809021,0.10834324,2.807718168491103,0.1319839358329773
c02-035,dropout,1,0.5255383,0.04820317,2.2376706863730584,0.13802944123744965
d01-060,blur,1,1.0992929,0.1712963,2.5607788514125547,0.1569080501794815
f01-066,thinning,1,0.661762,0.0644114,2.3831151212991926,0.18897508084774017
n02-120,blur,1,0.71535254,0.07734507,3.0236552239451706,0.23661458492279053
a04-096,dropout,1,0.5721557,0.04532385,2.6486248719553185,0.26931095123291016
n04-171,thickening,1,0.7487832,0.10155213,2.253058194060493,0.10020510107278824
c03-081c,dropout,1,0.8478594,0.1373294,2.4897229192769297,0.16470587253570557
f07-088b,dropout,1,0.72960484,0.10232353,2.1687740941344815,0.154629647731781
m01-060,thinning,1,0.5170254,0.03548026,3.1751533628884427,0.19717584550380707
a02-102,thinning,1,0.6306121,0.07919586,2.174856790069925,0.1091977134346962
g06-045f,blur,1,0.8589385,0.097860575,2.4421315317463757,0.11018803715705872
n03-064,blur,1,0.77373236,0.09377688,1.897426566617879,0.08554615825414658
n03-106,blur,1,0.8623934,0.07366222,3.4133090526848964,0.287421315908432
k04-093,dropout,1,1.3070174,0.14409643,5.315877225496322,0.15095911920070648
n04-139,blur,1,0.69166005,0.093952,2.0369414932930137,0.13194163143634796
g06-031e,blur,1,0.6317065,0.07064164,1.676856140330661,0.09983024001121521
e04-124,blur,1,0.74963874,0.09016794,1.7770963219903129,0.07661628723144531
g07-030,dropout,1,0.8336149,0.11837065,3.3902016454553654,0.320862740278244
r03-056,blur,1,0.5659776,0.062107444,1.8205426449846536,0.10006983578205109
j01-045,blur,1,0.91998994,0.095148325,2.184909955227778,0.11420888453722
a06-114,blur,1,0.6441042,0.082728505,2.1568478891535343,0.15122517943382263
d01-118,thickening,1,0.33313316,0.018228173,1.8406822687881002,0.1344197690486908
h01-027,dropout,1,0.8669963,0.12403613,3.6577038224074565,0.36019301414489746
g06-037e,dropout,1,0.752779,0.09208524,2.3103764425149915,0.157202810049057
g06-026i,thickening,1,1.0589032,0.12075913,3.4581504938202223,0.13983368873596191
c06-138,dropout,1,1.0671804,0.20931709,2.558434233768389,0.1349019557237625
a03-023,dropout,1,0.71807253,0.10146588,2.1441558152252598,0.17201045155525208
b05-042,blur,1,0.8574324,0.15168303,2.5978187114819513,0.16884541511535645
g06-047l,dropout,1,0.7614439,0.09070951,2.3786393526391074,0.08995115756988525
k04-022,dropout,1,0.81684977,0.109714866,2.0154933957189187,0.0643724575638771
d07-102,dropout,1,0.7590081,0.11574435,2.209938457102284,0.14951857924461365
m04-007,thickening,1,0.66126406,0.01739651,2.9725216146996214,0.26697877049446106
e04-114,blur,1,0.64009243,0.058242977,2.3415471426960908,0.15434372425079346
k02-097,thinning,1,0.64274955,0.07647437,1.9382931362578373,0.14362500607967377
p01-174,thickening,1,0.8266517,0.044214547,3.513637025119309,0.3373710811138153
g06-031h,dropout,1,0.59972584,0.07071793,2.5121129121301493,0.13453835248947144
a04-031,dropout,1,0.70949703,0.098092794,2.989182812603308,0.20002058148384094
l04-066,dropout,1,0.9020161,0.10353428,2.578580929130698,0.09462591260671616
h02-008,dropout,1,0.4849503,0.013125837,2.4670846320682056,0.2387010157108307
g06-037o,thinning,1,0.9935307,0.12468034,3.7987779755917708,0.3455705940723419
d01-016,thickening,1,0.71413225,0.096024275,2.143532605042542,0.1042744591832161
f07-028a,dropout,1,1.4473444,0.14824808,4.887474988357901,0.3115808069705963
b04-154,dropout,1,0.8876178,0.16393685,2.101860390299276,0.09735327959060669
l04-159,thickening,1,0.5818261,0.06251627,1.9553591332542826,0.16663777828216553
g06-042r,thinning,1,1.1520132,0.124103665,3.8115511200344483,0.11476156860589981
e01-018,dropout,1,0.7350616,0.09310514,2.2685749484392788,0.19015993177890778
f04-079,blur,1,0.87926143,0.15701145,2.4228248278520006,0.17692501842975616
r06-137,dropout,1,0.4040436,0.03170836,1.6497362674091745,0.1371258795261383
a01-063x,thinning,1,0.93829656,0.06563473,3.973635109573442,0.386559396982193
n02-000,thinning,1,0.79809165,0.0877437,2.245926273774563,0.10120271146297455
a01-072u,thinning,1,1.1459793,0.1587404,2.982653890390951,0.06532394886016846
n04-015,dropout,1,0.5905454,0.06480342,2.0341952212978534,0.16257327795028687
p02-105,thinning,1,0.54321855,0.032341063,2.6121079163711953,0.25614750385284424
c03-000c,thickening,1,0.83652437,0.123869896,2.472097648457975,0.1662358045578003
l01-173,thinning,1,0.6564907,0.08523691,1.9724029901057378,0.09233444929122925
l04-159,thickening,1,0.59518784,0.0643177,1.9506820505142908,0.155614972114563
e07-094,thickening,1,0.92624205,0.11963123,2.6589484142741227,0.1666208952665329
a02-078,blur,1,0.7028073,0.047941506,3.003613981440073,0.25115489959716797
a04-092,thickening,1,0.5319515,0.033301055,2.450514499295809,0.23224665224552155
h05-012,dropout,1,0.94273496,0.11198801,2.293458211292742,0.09926559031009674
p03-029,blur,1,0.99741673,0.17659944,2.5217788369937324,0.14836645126342773
m02-069,dropout,1,0.788271,0.043245018,3.1939242676886264,0.2995677888393402
g06-045o,thinning,1,0.9361206,0.104026735,3.5353847646094367,0.3044264614582062
e04-038,dropout,1,0.5436847,0.043971658,2.5394785972387237,0.14532391726970673
f07-028a,thinning,1,1.4312811,0.14718562,4.914393421971651,0.3045881390571594
c06-052,blur,1,0.28367424,0.015496254,1.8935178952380107,0.15820077061653137
e04-043,thinning,1,0.46175316,0.03560692,1.6560687656012867,0.1765463501214981
d05-030,thinning,1,0.50684756,0.037056684,2.363351855696955,0.22979359328746796
m06-091,thickening,1,0.67926234,0.087302506,2.6885473744048545,0.1417200118303299
e06-049,blur,1,0.8925057,0.09236556,3.723613996702301,0.3343902826309204
n03-066,blur,1,1.046025,0.12755775,3.7925321308194975,0.1466454565525055
g06-042k,blur,1,0.7926518,0.09812075,2.496476730487661,0.109764963388443
p02-139,blur,1,0.83626467,0.08509469,2.1819365513594775,0.10532432794570923
d04-047,blur,1,1.332175,0.14369744,5.545681579651135,0.19646014273166656
b04-040,thinning,1,0.62738913,0.07827884,1.9948003830691408,0.10822694003582001
r03-110,blur,1,0.76226944,0.06149751,3.3083153266442493,0.2982975244522095
b01-023,blur,1,0.4167704,0.017469943,2.118515713140278,0.18905629217624664
c03-081e,thinning,1,0.8715503,0.12094045,3.548610978598134,0.3545491695404053
a02-116,thinning,1,0.39687657,0.020358443,2.3563409688604806,0.16285669803619385
b01-049,dropout,1,0.9189765,0.11057335,2.457507958100287,0.18112416565418243
h02-022,thickening,1,1.4997349,0.15376496,6.711123401459853,0.29954248666763306
h02-017,dropout,1,0.56004405,0.06173587,2.2528992001545873,0.14091035723686218
h06-082,thinning,1,0.81428176,0.11350614,2.689873205771014,0.19639979302883148
k07-085,thickening,1,1.2540947,0.11298996,3.2343759024598624,0.19089144468307495
g06-037i,thinning,1,1.2512071,0.13934022,4.995762038557046,0.15616348385810852
g06-050k,dropout,1,0.37344003,0.024418294,1.7735099904786977,0.1517908126115799
f01-066,thickening,1,0.66089666,0.06482673,2.370373320307858,0.1912325769662857
m03-118,thinning,1,1.6704795,0.14193684,6.797810959603842,0.3867221474647522
c03-016d,dropout,1,0.5018844,0.02085489,2.903216003699046,0.19772768020629883
g06-050k,thinning,1,0.39771605,0.029601932,1.7593240638603749,0.13516145944595337
p03-027,thickening,1,0.38121766,0.01584649,2.0642661505329833,0.11094875633716583
d04-071,thinning,1,0.6265658,0.078140974,1.9563689914953113,0.10099850594997406
b03-104,blur,1,0.6442765,0.037118316,3.0888609149534996,0.26781490445137024
b06-019,blur,1,1.0845002,0.19003999,2.7272080234649763,0.13461479544639587
l07-065,thickening,1,1.2830083,0.1327973,3.8408664959554017,0.13629792630672455
n06-156,blur,1,0.6707874,0.08466852,2.56450758776724,0.12923897802829742
h07-030,thickening,1,0.8610304,0.07647371,3.7783135776511454,0.3768882751464844
r03-035,thickening,1,0.7155203,0.045931697,2.7914163169802384,0.2571102976799011
d04-021,blur,1,0.95302486,0.11476487,3.0420763101346933,0.11188183724880219
l01-179,dropout,1,0.8306326,0.11696404,2.4183013268659774,0.16341151297092438
j04-012,thinning,1,1.2296478,0.14506912,4.20769048186557,0.13923190534114838
m04-138,blur,1,1.0002048,0.10849053,3.972049277577781,0.39946627616882324
g06-031j,thinning,1,0.55998886,0.0052824616,2.7102836537744857,0.26481735706329346
g06-031r,dropout,1,0.8573125,0.10810453,2.841132356110237,0.1499597281217575
k04-050,blur,1,0.6755332,0.07818836,1.7254765353221582,0.07780756056308746
d06-086,thickening,1,0.9647672,0.07807034,4.0202710489835525,0.3928210139274597
k03-138,thinning,1,0.86868393,0.12010914,2.3241800084004884,0.06062151491641998
m03-020,thickening,1,0.5966089,0.06935096,2.0666343613301668,0.11766822636127472
e01-107,dropout,1,0.876772,0.12637818,2.368544320514414,0.14039665460586548
p02-090,thinning,1,0.5775925,0.010509014,2.6503220243548413,0.26158905029296875
f02-017,thickening,1,0.8621364,0.041144192,3.8038479959982205,0.3866882920265198
b03-087,dropout,1,1.2317924,0.11439544,3.342677886994173,0.12948919832706451
p03-181,dropout,1,0.90084475,0.05329007,3.840272014178848,0.3601967394351959
h04-000,thinning,1,0.74512285,0.036331892,3.1101556694615224,0.26771050691604614
c03-096d,thinning,1,0.586535,0.05076593,2.8770071058819338,0.2501407563686371
e04-015,blur,1,0.7673505,0.07815111,1.9456005987707354,0.14290089905261993
a01-007,dropout,1,0.74922675,0.03105098,3.197056920934131,0.2929172217845917
b06-071,blur,1,1.2013644,0.21981251,3.563011640163142,0.15921208262443542
f07-013,dropout,1,0.87598634,0.12508655,3.541901736229027,0.36848184466362
g06-101,thinning,1,1.1222795,0.124423265,3.757076876982892,0.1159679964184761
d04-071,thickening,1,0.6480424,0.083682,1.9950206491654379,0.10034184902906418
r06-053,dropout,1,0.4564679,0.008458793,2.3236866175136575,0.22437866032123566
n03-066,thickening,1,1.042022,0.12722021,3.768101714328982,0.14781229197978973
h07-037,dropout,1,0.7168112,0.09518695,2.7649132505667473,0.27568334341049194
b01-018,thinning,1,0.8818509,0.08016062,3.326443401443753,0.3060411214828491
n02-037,blur,1,0.5954183,0.06584102,2.305782345618892,0.11474119871854782
f07-039a,thickening,1,0.5694001,0.0632844,2.7168498330280713,0.15638019144535065
n04-084,dropout,1,0.76428246,0.10863638,2.373393651536372,0.10293824225664139
k02-112,thinning,1,1.2092018,0.115564644,3.394936571817425,0.16227726638317108
d04-008,thickening,1,1.1258538,0.12782878,3.978743711932251,0.13726601004600525
c03-003b,thickening,1,0.73860806,0.0592736,3.142980696075675,0.27372148633003235
a03-066,dropout,1,0.95219696,0.13073683,2.3059666550512614,0.1519865095615387
b06-049,thinning,1,0.96634895,0.16040528,2.3698722187553605,0.15388455986976624
c03-021b,thinning,1,0.6611826,0.042903066,2.8435948547980185,0.21894235908985138
l04-052,blur,1,0.6609084,0.049574018,2.8040259760878428,0.21659699082374573
g07-007b,dropout,1,0.53638095,0.04097736,2.3625640659473266,0.1527329981327057
e04-132,blur,1,0.64401156,0.03924811,2.4971314687775554,0.16636288166046143
l04-106,blur,1,0.9736487,0.10113317,2.547805230237068,0.10525153577327728
g06-115,dropout,1,1.0716959,0.11217278,2.9603888030694994,0.1232675164937973
h04-007,blur,1,0.8711439,0.10222471,2.5794581723332177,0.11174722015857697
l01-143,thickening,1,0.98472315,0.09543854,2.881683628133233,0.239955335855484
g06-026a,thickening,1,0.56434065,0.06287652,2.013500871199686,0.1336294561624527
r06-057,thinning,1,0.30071446,0.0050843954,1.9122555349464074,0.16240689158439636
c06-138,thinning,1,1.0713592,0.21129334,2.5976907674788055,0.1331600546836853
m04-019,dropout,1,0.7128945,0.08196288,2.992659966327123,0.23884648084640503
a02-008,thickening,1,0.6797079,0.0874483,2.5789051569067794,0.1262042075395584
f04-079,thinning,1,0.8773378,0.15669745,2.4427588952784838,0.17919914424419403
j06-030,blur,1,0.8841866,0.1461016,3.27742472224904,0.2910537123680115
h02-043,blur,1,0.5500874,0.021099389,2.6181207839786094,0.2518393099308014
b03-104,thinning,1,0.6437092,0.03662938,3.0907979437018422,0.2657732367515564
k04-119,thickening,1,0.561892,0.05310315,1.7773905944883048,0.15803669393062592
k02-023,blur,1,0.96271205,0.12845397,2.6667929081078316,0.07885860651731491
l04-071,thickening,1,0.99186766,0.12075454,3.2516907497003196,0.12939919531345367
d04-071,blur,1,0.64727044,0.08345193,1.9866513836125324,0.10078255832195282
m01-115,dropout,1,0.62449956,0.0724231,2.428994507180811,0.1715199202299118
p02-121,thickening,1,0.688555,0.09418774,2.3607973695489872,0.12685617804527283
a02-111,thickening,1,0.9144408,0.14486599,2.3601211212998607,0.16551397740840912
d04-081,dropout,1,0.6916014,0.083633006,2.44232385427441,0.16784536838531494
g06-089,dropout,1,1.0169102,0.12559181,3.4261185952938127,0.11982354521751404
l04-102,dropout,1,0.5760883,0.06496894,2.175757150704247,0.1390073299407959
n02-040,dropout,1,0.62468034,0.076099455,1.8859956101241158,0.08740667253732681
e04-043,thinning,1,0.45044982,0.03471309,1.647877547425137,0.18379071354866028
g06-047p,thickening,1,1.0015951,0.095033824,2.6048113767694634,0.10308089852333069
g04-022,thickening,1,0.64857954,0.04027021,2.70592975719325,0.20980486273765564
e04-015,thickening,1,0.76576066,0.078449726,1.9464866037600888,0.13581471145153046
c06-052,thickening,1,0.28288126,0.015078604,1.9387967210231483,0.16194726526737213
f07-019b,thinning,1,0.88330734,0.11486322,3.601255559785318,0.3449892997741699
k04-093,thinning,1,1.2948989,0.1445325,5.30981172561151,0.15600202977657318
b06-064,blur,1,0.9796658,0.14056867,2.3548625985245444,0.14535050094127655
b06-042,thinning,1,0.8688272,0.14653146,2.3890689262695153,0.24862967431545258
n02-146,thickening,1,0.8202727,0.109779835,2.1744878812356956,0.08088462054729462
d04-121,thinning,1,1.2195762,0.13009727,4.357114609892531,0.1400093287229538
a03-040,thickening,1,0.57100904,0.06384641,1.9987530678238075,0.10874734818935394
a04-043,thickening,1,0.72391534,0.10214609,3.0441517022486257,0.24571633338928223
h07-040b,blur,1,0.8643199,0.11871433,3.4518810538695432,0.3556941747665405
g07-003a,dropout,1,0.9226718,0.13951874,2.6140244479899097,0.1432587206363678
g06-026m,dropout,1,0.7062437,0.09793347,2.149304029223386,0.0812542587518692
p03-103,blur,1,0.54404366,0.05718243,1.804708948050861,0.11793900281190872
m01-095,blur,1,0.50083476,0.020774603,2.270840321287436,0.20129097998142242
m03-095,blur,1,0.83963,0.11121398,3.4201214378138256,0.3365684449672699
g06-011e,dropout,1,0.5325024,0.050998867,2.0924760004049934,0.10128311812877655
h07-057a,thickening,1,0.4997618,0.044047654,2.261925006667874,0.14761120080947876
n01-057,thinning,1,0.9293322,0.084976435,3.9345298918453446,0.35573092103004456
f07-039b,thickening,1,1.064382,0.18068779,2.5650151680013864,0.13931016623973846
g06-042n,blur,1,0.6517898,0.014295578,2.8544745674580914,0.28482604026794434
b06-097,thickening,1,0.85951346,0.10731572,2.4653779305235712,0.15619030594825745
a06-110,thinning,1,0.88652205,0.07626492,3.464213423271566,0.2987678349018097
l04-098,thickening,1,0.49166986,0.041834176,2.31860852733024,0.18870949745178223
g01-037,thickening,1,1.1560646,0.13466412,4.204962384946582,0.10861005634069443
l07-176,thinning,1,1.3254921,0.12065816,4.019685550641771,0.1809602677822113
n02-054,blur,1,0.7731791,0.10218066,2.400016375423897,0.12791186571121216
k04-110,thinning,1,0.6429115,0.08245176,2.3438301811575597,0.18664176762104034
k07-059a,thickening,1,1.0450308,0.10859227,2.7023535983071265,0.1148035079240799
n02-098,thickening,1,1.2350686,0.111955404,3.359277303469091,0.20313097536563873
e02-100,blur,1,0.70077896,0.0871827,2.06150034846153,0.14395345747470856
g01-019,dropout,1,0.8410669,0.11470783,3.3874447539226376,0.3147778809070587
a04-096,thickening,1,0.5741317,0.045853794,2.6710543972375667,0.2696554660797119
j06-026,dropout,1,0.9088697,0.1440643,3.479396056228006,0.343658447265625
f07-046b,blur,1,0.8923605,0.0925585,3.8436122407528215,0.39188289642333984
k07-185,thinning,1,0.7811706,0.11354244,3.062767035309083,0.2979890704154968
n04-075,dropout,1,0.69594806,0.07419121,2.8174436095190094,0.21025407314300537
h04-049,blur,1,0.7772817,0.10335344,2.4918025222105076,0.17153623700141907
c06-095,blur,1,0.9502317,0.08478242,2.2816311124512936,0.19744914770126343
g06-045c,dropout,1,0.9372997,0.09778613,2.465558796391901,0.11270011216402054
j04-115,thinning,1,1.0946429,0.13282114,3.8023274964666607,0.12948687374591827
l07-138,blur,1,0.9313827,0.10698348,2.6597752361292244,0.17196008563041687
c06-043,blur,1,1.0381937,0.17091155,2.4840156658327066,0.12803146243095398
f04-087,dropout,1,1.5597451,0.13062274,5.501874179088134,0.3199186623096466
c03-021c,thinning,1,0.8087928,0.1293624,2.376268787121654,0.1758451908826828
a05-009,dropout,1,1.3308679,0.12492931,4.191030171514881,0.19003631174564362
a01-063u,dropout,1,0.9224404,0.14428711,2.6913788599068904,0.17280933260917664
l01-119,blur,1,0.9706037,0.10525733,2.52594369546434,0.14104565978050232
b03-104,thinning,1,0.64078146,0.036726892,3.0781519768281496,0.26563435792922974
n06-169,thickening,1,0.77633464,0.098983824,2.609773455676003,0.13501599431037903
g06-045o,thickening,1,0.9382131,0.10470557,3.544604290813996,0.305465430021286
f02-003,thinning,1,1.3222833,0.13461357,4.973709699498883,0.17666871845722198
h07-071a,thinning,1,0.950622,0.18631291,2.589384306726863,0.14744314551353455
g01-022,thinning,1,1.3111478,0.14897734,5.33338580681514,0.19993478059768677
b06-053,thinning,1,1.0665771,0.19157803,2.8277372038074775,0.14950037002563477
c03-021f,dropout,1,0.9929662,0.15331072,2.5566405750049563,0.13810274004936218
n04-195,blur,1,0.6849797,0.09098339,2.5919683391397146,0.1819516122341156
m04-012,thickening,1,0.83878756,0.053498566,3.3657031229506384,0.3028554320335388
g06-047k,thickening,1,0.69160426,0.08265269,2.3558247417909364,0.086679607629776
h07-063b,dropout,1,0.87795943,0.14902204,3.0204129905683246,0.26751509308815
a02-046,thickening,1,0.74872917,0.08717388,2.231255818142137,0.10568318516016006
a06-064,dropout,1,0.5649864,0.016946137,2.8149616213058692,0.30757972598075867
g07-022b,dropout,1,0.7154603,0.0255754,2.9980942106072255,0.2807844281196594
l01-082,dropout,1,0.674966,0.09122133,2.439257928492017,0.12922435998916626
h07-033,thickening,1,0.7913167,0.06853944,3.5006047017247064,0.36920270323753357
p03-142,thickening,1,0.63728964,0.069821596,2.5276500195186165,0.20060384273529053
p03-033,thinning,1,0.5574278,0.057112634,2.2103125943845363,0.14612172544002533
g04-068,blur,1,0.8041795,0.10329878,2.3444495489684707,0.1439819186925888
n04-163,thickening,1,0.79948074,0.09056491,2.724259306587318,0.18847927451133728
a06-124,blur,1,1.0230466,0.11956376,3.3173143200536654,0.12670689821243286
d06-086,thinning,1,0.96948445,0.07971555,4.035247748236375,0.39645668864250183
a05-099,blur,1,1.3313482,0.14526868,4.562542645301694,0.18351422250270844
f02-003,thickening,1,1.3557763,0.13624114,5.19873926804772,0.18354398012161255
k04-142,thinning,1,0.6426872,0.08164865,1.9583892450610767,0.10290311276912689
m06-098,blur,1,1.17137,0.13620538,4.614483885171739,0.16774703562259674
a01-063,thinning,1,0.9860346,0.14392024,3.5734437967320076,0.3060208559036255
h04-052,thinning,1,1.4098358,0.14739388,5.828937075682362,0.23656167089939117
e07-000,thickening,1,1.2562302,0.10848987,3.186686646163641,0.12201700359582901
f07-028b,dropout,1,0.8949341,0.1665237,3.0710074234304576,0.18527349829673767
c01-009,thinning,1,0.9473777,0.18892151,2.7455608848658732,0.18897368013858795
a02-098,dropout,1,0.3483173,0.018039703,1.7516676258077948,0.12526752054691315
m01-121,thinning,1,0.7018279,0.06545228,2.379819609491393,0.15429086983203888
f01-147,blur,1,0.481631,0.04177314,1.9845043867355505,0.12510137259960175
n04-156,blur,1,0.7546336,0.10739994,2.1341559321481633,0.1583918035030365
g06-011g,thinning,1,0.63759214,0.0526523,2.754849776078735,0.2284134030342102
m01-032,thickening,1,0.47064915,0.028445601,2.2627394315760134,0.18706700205802917
h02-037,thickening,1,0.87403834,0.10912794,3.6654586130491507,0.3463013172149658
a05-121,dropout,1,0.9664946,0.14273512,2.7365785933919926,0.12780646979808807
h07-080a,thickening,1,0.8750593,0.15114057,3.2682433832831728,0.2760702073574066
g06-050l,thickening,1,0.6204404,0.07572973,1.919843181892481,0.13838933408260345
h07-037,thickening,1,0.7207896,0.095813155,2.7875426306608246,0.2769681513309479
d01-104,blur,1,1.0130262,0.1093632,2.8263956561392107,0.12470179051160812
b06-053,dropout,1,1.0941687,0.19644874,2.9321619096299654,0.16206076741218567
p02-022,dropout,1,0.5181902,0.02609545,2.3944496372890742,0.1469564139842987
m02-066,blur,1,0.7335026,0.08291,3.0992851507698744,0.25345534086227417
c06-095,dropout,1,0.9440162,0.08077508,2.3105559680821255,0.21770215034484863
b02-045,thickening,1,0.5544691,0.06022221,2.166894921527309,0.11866319179534912
d04-125,dropout,1,0.8575067,0.09967047,2.336574788628309,0.0796341747045517
a04-035,thickening,1,0.58464307,0.06548846,2.7694863936463783,0.18160921335220337
j01-045,blur,1,0.9067926,0.0948596,2.159616735163831,0.11085553467273712
g06-045b,thinning,1,0.7059622,0.09943825,2.200716840198409,0.2046717256307602
c03-094c,thickening,1,0.8304307,0.077468455,3.411215367203863,0.272036075592041
k03-157,thickening,1,0.61079496,0.07316244,2.2586875264320208,0.13058464229106903
g07-074a,blur,1,0.81035227,0.124039054,2.413578015972421,0.20667141675949097
d06-100,blur,1,0.6003531,0.0708496,2.3491128934587633,0.1811579018831253
d05-025,blur,1,0.6910675,0.06281698,2.9677165200928135,0.32182174921035767
b05-042,blur,1,0.86128134,0.152852,2.5877697231404615,0.159325510263443
m06-042,dropout,1,1.1513711,0.13063186,4.226801510109606,0.14558720588684082
m04-081,thickening,1,0.88584954,0.050293088,3.868008295042942,0.3870915174484253
g07-000b,thickening,1,0.89311224,0.088713944,3.4003806526764744,0.29187220335006714
a02-082,dropout,1,1.3685312,0.14168215,5.533009316965124,0.19204770028591156
k03-144,thinning,1,0.6876813,0.06727564,2.9563592889480512,0.2177032232284546
g01-083,blur,1,0.7839261,0.10109776,3.20855939879917,0.33872511982917786
b04-107,dropout,1,0.90796477,0.12266177,2.943218631854382,0.15310387313365936
g06-011p,dropout,1,0.5261572,0.05357921,2.012832031896272,0.11547305434942245
g04-022,thickening,1,0.64887744,0.040868342,2.699551996116313,0.20712058246135712
g06-042i,thinning,1,1.0035025,0.11548579,3.0407788074819107,0.118460513651371
f04-035,blur,1,1.3014686,0.13882405,5.178196770937405,0.182939812541008
f01-075,thinning,1,0.79576623,0.11754185,2.4551937520031024,0.19396474957466125
g01-022,dropout,1,1.2706923,0.14763302,5.070935698060341,0.17435751855373383
e04-004,thickening,1,0.70729697,0.06676853,1.9711675182257238,0.136273592710495
m04-190,thinning,1,0.8463334,0.11332524,2.9681650274192317,0.2229919284582138
b06-023,thickening,1,0.67622733,0.07676059,1.6069116237997711,0.07596544176340103
a04-072,blur,1,0.8795709,0.13812989,2.5322278283621125,0.18814526498317719
g06-011i,thinning,1,0.7609466,0.09003484,2.345354426249435,0.11732369661331177
g04-052,thinning,1,1.1025239,0.102509856,2.806140381950772,0.12634913623332977
g06-026f,thinning,1,0.8044484,0.09430426,2.371800740102871,0.0789068415760994
a01-107,dropout,1,0.71266985,0.09214091,1.9340690833980914,0.0982368215918541
k07-067a,dropout,1,1.286302,0.113206565,3.5801904801822415,0.183449387550354
c06-087,thinning,1,0.4494178,0.024846435,2.4149128762647747,0.18055084347724915
b05-058,dropout,1,0.63398993,0.076034665,2.426572042695114,0.13286936283111572
a06-036,thickening,1,0.84672296,0.041228533,3.749680013631153,0.38682326674461365
k03-117,thinning,1,0.77099955,0.02282232,3.4395206950893242,0.3439086079597473
h07-066b,thinning,1,0.8198771,0.13171381,2.0354932202661726,0.13816417753696442
h06-096,blur,1,0.68381065,0.07960355,2.2666473273648506,0.122561976313591
g07-047,thickening,1,0.82952404,0.10826045,3.1966643532343517,0.30567002296447754
f01-147,dropout,1,0.4866146,0.043463945,1.9893273770565367,0.11711981147527695
g06-031l,blur,1,0.8398823,0.09901434,1.85620062307304,0.08645717054605484
m06-031,blur,1,0.70588833,0.09655154,2.958518766787069,0.17719870805740356
b04-162,thinning,1,0.35466877,0.02016598,1.73273946037519,0.158935546875
g06-045i,thickening,1,1.1939294,0.123679936,3.878170256193293,0.11774681508541107
b06-100,blur,1,0.7197083,0.10392445,2.4100141903012657,0.18800394237041473
p03-057,blur,1,0.5650795,0.048573434,2.1746848930263765,0.16846811771392822
a05-080,blur,1,1.1585046,0.14751142,3.387318666587322,0.09830732643604279
b04-121,thickening,1,1.0270175,0.12701601,3.780603005321426,0.16709913313388824
m04-246,thinning,1,0.7069015,0.09458077,1.8866219695461461,0.10161930322647095
n02-109,blur,1,0.6839334,0.080851555,2.863065785104517,0.21892118453979492
k07-125,thickening,1,1.3000188,0.11041945,3.2077762792354663,0.22267034649848938
m04-251,dropout,1,0.9840625,0.10136187,2.2420068542108162,0.11235862970352173
m02-083,blur,1,0.6650023,0.081062615,2.4899427453429865,0.23506349325180054
m06-019,dropout,1,0.6157364,0.075146616,2.613959313740536,0.1525345742702484
e07-061,thinning,1,0.88352114,0.1625107,2.9403730296176427,0.1945095956325531
g06-037h,blur,1,0.63880765,0.07749659,2.3154051912623275,0.14803606271743774
m01-079,blur,1,0.37892616,0.007782936,2.591711161668851,0.1972520649433136
g06-026g,thickening,1,0.6817319,0.08803153,1.9374051231035234,0.12889625132083893
d05-040,dropout,1,0.92961276,0.10687965,2.2290501605433217,0.10228271037340164
d06-046,blur,1,0.7558733,0.064587474,3.2819139736676264,0.3472450077533722
g06-011k,blur,1,0.614101,0.07486427,2.599331020140974,0.18192116916179657
l01-199,dropout,1,0.99131376,0.08604014,4.131239686541973,0.4300385117530823
j01-042,dropout,1,0.5712665,0.06147659,2.001922948352261,0.14444085955619812
a01-087u,dropout,1,1.2199217,0.15766913,3.180061842257471,0.12900012731552124
d05-025,thickening,1,0.69897544,0.06263667,3.002966979263918,0.3282088041305542
e04-068,blur,1,1.2915924,0.13459694,4.759016563097591,0.17244172096252441
k02-029,dropout,1,1.6276144,0.14481962,5.490179530004921,0.2689189314842224
b05-045,dropout,1,0.7020843,0.057571173,2.386038854731322,0.16765546798706055
g04-011,thinning,1,0.73582536,0.036736608,3.0586687973481115,0.2852973937988281
k04-079,dropout,1,0.8307581,0.13541478,2.8411606374200424,0.23855583369731903
k04-050,thickening,1,0.6628995,0.077013135,1.725574180549707,0.09081192314624786
a06-152,blur,1,0.83430105,0.07643592,3.3359392660999507,0.27840477228164673
b06-036,dropout,1,0.4573128,0.03980136,1.9305427172156153,0.1420753300189972
h07-030,thinning,1,0.8657586,0.07308829,3.8073903843613777,0.3678947985172272
h01-014,thinning,1,0.56594354,0.060949087,1.9982720413149908,0.15799137949943542
m01-160,blur,1,0.56742823,0.04895526,2.144593611088896,0.13032947480678558
l04-174,dropout,1,0.96841896,0.099372625,2.0438441456242438,0.1002434641122818
p03-047,blur,1,0.97348136,0.084465146,4.002065753015598,0.40305301547050476
f07-006,blur,1,0.92208797,0.08312559,3.655629683962747,0.3215653896331787
r02-013,dropout,1,0.91362303,0.08608854,3.6924622412128856,0.3261134922504425
e01-086,thickening,1,0.6972495,0.093221426,1.8539509625611201,0.08717457205057144
h02-035,dropout,1,1.1602165,0.15752846,3.0084799052013205,0.08096905052661896
b06-064,thickening,1,0.98063177,0.13978952,2.3569421201062504,0.14286954700946808
p02-115,dropout,1,0.55529624,0.057001173,2.4726877942066343,0.1834203153848648
f02-040,thinning,1,0.8967127,0.16750318,3.057090811802242,0.1965389996767044
h07-033a,thinning,1,0.86441964,0.14021868,3.3253141391685563,0.2730882465839386
k07-059a,dropout,1,1.1391448,0.112809956,3.0795366387080847,0.10933050513267517
f02-040,blur,1,0.91593295,0.17560136,3.0007251526880476,0.18694691359996796
k04-005,dropout,1,0.72535765,0.08717054,2.3121017978788783,0.10755042731761932
c04-000,blur,1,1.1334559,0.111938536,3.0003099235622055,0.13354860246181488
d01-118,thinning,1,0.3381659,0.018650234,1.8553557906982738,0.13066618144512177
f04-004,blur,1,0.4053194,0.012122095,2.126949703236084,0.17406074702739716
e04-132,dropout,1,0.61782885,0.037950814,2.3936412506663514,0.17653238773345947
g06-018p,blur,1,0.91877574,0.096907616,2.361878471382744,0.12635256350040436
a02-086,blur,1,0.91078454,0.082416,2.2362561019887677,0.1420237272977829
g06-047k,thinning,1,0.6873854,0.08228648,2.351904861833252,0.0864313542842865
k02-067,thinning,1,0.78468466,0.116937816,2.1993708644060783,0.10187434405088425
m02-066,thinning,1,0.7330181,0.0823462,3.116673175150177,0.2543334364891052
n04-015,thinning,1,0.55824745,0.05894953,1.992221319121653,0.14104820787906647
b01-023,thickening,1,0.40894538,0.022409558,2.0675225588263766,0.1725272387266159
b05-074,dropout,1,1.0349574,0.13033539,3.336256089604427,0.14804154634475708
n02-016,blur,1,0.5833189,0.06545186,2.051095328046965,0.12680666148662567
f04-035,thickening,1,1.287324,0.13867831,5.119447793770685,0.17982977628707886
l01-129,thinning,1,1.3201836,0.12956643,4.169585451971742,0.21781432628631592
c03-021d,dropout,1,0.77664566,0.12202358,2.7917698402100224,0.1946512758731842
c03-094a,blur,1,0.9147535,0.16025925,2.375013581686453,0.1717086136341095
l01-000,blur,1,1.0274109,0.093095124,4.368862532913388,0.45527371764183044
g06-093,thinning,1,0.87526417,0.10908443,2.8255517531757097,0.14267590641975403
e02-094,blur,1,0.6398793,0.07892656,3.0108753518457254,0.22634345293045044
c02-089,thinning,1,0.910341,0.10437912,2.3524621324825707,0.1785285621881485
r03-065,thinning,1,0.725674,0.100114346,2.016619556444744,0.09871777147054672
m01-125,dropout,1,0.84644365,0.116075575,2.5636274097071072,0.1449626088142395
j01-045,thickening,1,0.9107227,0.09480387,2.1662693271537363,0.11593794822692871
b06-004,thickening,1,1.0360938,0.13897783,2.523960771997782,0.13870769739151
g06-011j,blur,1,0.8940204,0.06510204,3.613106607860829,0.3341549336910248
e07-098,thickening,1,0.97829604,0.13008404,2.8575789457226177,0.16022206842899323
n02-028,thickening,1,0.90733224,0.17098635,2.0859254342805325,0.13295724987983704
b04-026,dropout,1,0.70853645,0.068840206,2.794988105488855,0.21631258726119995
n06-123,thickening,1,0.5605631,0.06061268,1.8301936927042772,0.12248732894659042
e06-070,thinning,1,0.8686126,0.15176195,2.4673330479595115,0.20872165262699127
h02-019,blur,1,0.3357223,0.020798028,2.022833921189881,0.15542756021022797
g06-037h,thinning,1,0.6452871,0.07879895,2.3244848873738624,0.1513434648513794
n04-190,dropout,1,0.6228924,0.06359297,2.6419541328908744,0.1845618188381195
j06-005,thickening,1,0.6580309,0.052925706,2.689655374240881,0.22282257676124573
k04-017,thinning,1,0.7561152,0.03808856,3.3830769514592514,0.32333049178123474
f04-087,thinning,1,1.515134,0.12987828,5.276974972730903,0.2803359925746918
a06-075,dropout,1,0.93869203,0.077766,3.8555273113639967,0.39245283603668213
b05-017,thickening,1,0.6642455,0.085298955,1.9161551949903495,0.10004200786352158
g07-022a,dropout,1,0.8714283,0.12559682,2.730221045601665,0.19297997653484344
d06-107,thickening,1,0.99704355,0.087115645,4.299951172331855,0.42723703384399414
g06-042g,thickening,1,0.6155399,0.07527721,2.090985807136136,0.15761037170886993
h01-000,thinning,1,0.83432144,0.10499817,3.5042670191875294,0.36255013942718506
m04-251,dropout,1,0.9901481,0.10160911,2.262921488891871,0.11937525123357773
g04-108,thinning,1,1.0858324,0.10156804,2.6912082690955823,0.1460086554288864
b04-026,thinning,1,0.7125947,0.06732905,2.838368921584307,0.23176297545433044
a01-007x,dropout,1,0.6293003,0.023798704,2.8837293845387557,0.2598976492881775
n04-068,thinning,1,0.75972337,0.049784005,3.1185356863765756,0.29391664266586304
g07-014,thinning,1,1.1700023,0.13324559,3.287520025493443,0.11975706368684769
a01-132x,thickening,1,0.6326617,0.079656065,2.479513536219217,0.21249394118785858
c04-165,thickening,1,0.7313697,0.022687316,3.186037764541273,0.33578169345855713
l07-118,dropout,1,0.8756086,0.06577736,2.410290170889286,0.15614749491214752
g06-047d,thickening,1,0.6564553,0.084898114,2.797211750473955,0.19125689566135406
h07-040b,blur,1,0.8644213,0.120110035,3.4488064254279993,0.35523486137390137
l01-195,thinning,1,0.7643045,0.019349456,3.3962922588793174,0.3948822617530823
b06-027,dropout,1,1.0608594,0.22672486,2.7066749677999145,0.12023209780454636
e07-086,thinning,1,0.8467794,0.04986143,3.6492462711816027,0.3384879529476166
k04-106,dropout,1,0.4136258,0.03254044,1.856985479758591,0.15539765357971191
j04-080,dropout,1,0.6299984,0.07902193,2.4559803776499662,0.19999480247497559
b06-075,dropout,1,1.223128,0.19793767,3.105964518148777,0.12777748703956604
d05-025,dropout,1,0.7013854,0.06353909,3.0098663019561114,0.32461676001548767
a03-089,thinning,1,1.0321177,0.09745759,2.5531514037423033,0.12516270577907562
d06-003,thickening,1,0.43130308,0.03578478,1.7095730018323878,0.1215003952383995
g04-052,thickening,1,1.1019595,0.10290098,2.808106747675714,0.1309628188610077
g04-104,thickening,1,0.5642374,0.05924964,2.0602667862139947,0.13742615282535553
c03-094e,thinning,1,0.865634,0.115748286,3.544918119627538,0.3445412218570709
c06-014,thinning,1,1.0627449,0.22991633,2.490319025685895,0.10653317719697952
r06-018,thinning,1,0.7903886,0.11382145,2.3250614283943505,0.09015612304210663
g06-026c,blur,1,0.79209113,0.08775866,2.289674297160109,0.0741819366812706
g06-011c,blur,1,0.48725972,0.042373836,1.9765095221295579,0.12681487202644348
e01-029,dropout,1,0.32692382,0.012036264,1.9611157331572053,0.1652662307024002
b01-004,thinning,1,0.8138416,0.09831548,2.424999283001774,0.13802789151668549
f02-036,thinning,1,0.9039917,0.06417686,3.747897857037176,0.3684386610984802
a01-053x,dropout,1,0.9371605,0.110143244,3.439725430608698,0.3053191006183624
e06-070,thinning,1,0.85800517,0.14900589,2.468235832605886,0.20082686841487885
l01-023,blur,1,1.2805634,0.13753736,4.783800651994376,0.14464667439460754
d07-093,dropout,1,0.727901,0.10498035,2.4966640078844975,0.166978120803833
c03-003f,dropout,1,0.8952519,0.12767166,2.2458458427133206,0.14336511492729187
c03-087b,thickening,1,0.70302814,0.025726676,3.2633855607074342,0.2665913999080658
a03-014,thinning,1,0.9382092,0.13232845,3.224423341486455,0.25027501583099365
p03-029,dropout,1,1.0123273,0.1814223,2.5983251716497486,0.14962723851203918
g04-072,dropout,1,0.81210256,0.105041444,2.3852503156314615,0.1440138816833496
n02-114,dropout,1,0.7624195,0.032416224,3.271337628016772,0.2977617681026459
a01-038x,blur,1,0.8694353,0.093304634,3.181852512736056,0.2557336688041687
a01-058u,thinning,1,0.9145001,0.14674187,2.6648799810503334,0.17705978453159332
a06-147,thinning,1,1.2931137,0.1349138,4.894327911729124,0.18211986124515533
g01-039,thickening,1,0.9272164,0.08431119,3.8772278856398525,0.350551575422287
g06-031e,thinning,1,0.6410592,0.07179856,1.6813613938719332,0.09082472324371338
n06-082,thickening,1,0.6776592,0.09081793,2.082759524561991,0.07499528676271439
g05-098,thickening,1,0.6736539,0.08986735,2.143391909739893,0.11740478873252869
a01-026x,dropout,1,0.9391173,0.07406068,3.8662258824456996,0.3656954765319824
m06-076,thickening,1,0.91628677,0.10772991,2.7323790281242917,0.1170225739479065
c06-043,dropout,1,1.0485467,0.1724332,2.5091073026913113,0.1329297572374344
e02-082,thickening,1,0.87843287,0.14885396,2.428371647858212,0.12755924463272095
f02-076,thinning,1,0.60174465,0.053608775,2.6867008115645814,0.2821858525276184
a05-058,thinning,1,1.2126054,0.13831681,3.973968498395341,0.11858910322189331
n04-130,thinning,1,0.8136853,0.117188096,1.9955561629748173,0.07149551808834076
h07-030a,dropout,1,0.82111555,0.10704535,3.3466057834745735,0.35266533493995667
d04-058,dropout,1,1.1721056,0.12314564,3.7974318274935746,0.12804383039474487
f04-074,dropout,1,0.8791636,0.10370296,3.3303691105904476,0.2696302831172943
h06-000,dropout,1,1.1721629,0.12211996,3.7174757548070057,0.08951105177402496
g06-045g,dropout,1,0.5879938,0.053599596,2.4163559167424205,0.16770294308662415
a06-008,thinning,1,0.53552645,0.054370046,2.0583725404747053,0.11580134183168411
a05-108,thinning,1,1.2422284,0.14270842,4.053416394760443,0.1336323767900467
f03-191,thickening,1,0.46106124,0.039353788,1.929936959731634,0.142216295003891
g06-047p,thickening,1,1.0066594,0.094878316,2.619265896103944,0.10432184487581253
a06-025,dropout,1,0.48843694,0.046041846,2.079805636558339,0.13998031616210938
b01-053,thickening,1,0.9033894,0.089138806,2.4571745328315484,0.2101241797208786
l07-118,thickening,1,0.9241936,0.07049322,2.4753019801008835,0.1831776201725006
g06-037d,thinning,1,0.4686295,0.03136927,2.197298928953528,0.20810823142528534
n06-111,blur,1,0.69937253,0.090987206,1.8330169410781365,0.0911622941493988
e07-090,thickening,1,0.8220408,0.06278926,3.4148807149631164,0.2787582576274872
g06-045m,dropout,1,0.768392,0.06483877,2.926947091334107,0.24928241968154907
a05-058,dropout,1,1.2044779,0.13810086,3.917593584678671,0.11338703334331512
l04-179,thickening,1,0.83266455,0.08624101,2.2372016127669285,0.10655586421489716
f01-053,dropout,1,0.5551879,0.06079924,2.3210796291227727,0.12495961785316467
f04-100,thinning,1,0.8597324,0.14160335,3.2639929890398247,0.27988341450691223
f04-032,dropout,1,1.3176913,0.14710075,5.458621313448856,0.18431341648101807
f02-044,blur,1,0.7861068,0.11650008,1.9212008335661779,0.15897879004478455
r03-050,thinning,1,0.7748687,0.0959658,1.9311241930042913,0.10686595737934113
g04-098,blur,1,0.5954694,0.068341315,1.7485737867590159,0.11478649824857712
b03-092,thinning,1,0.93986076,0.10786855,2.7204656901371767,0.12459268420934677
r02-065,dropout,1,0.6342183,0.049666345,2.791914501521771,0.21150466799736023
e06-026,dropout,1,0.9006579,0.12759036,3.664864867549051,0.3539276123046875
b05-098,thinning,1,1.0403911,0.16975743,2.2181963815721053,0.1296430379152298
g04-104,dropout,1,0.5695378,0.06074971,2.1050606875631406,0.1448659598827362
l04-034,dropout,1,0.75843006,0.069473505,2.8341001702849145,0.2402166873216629
k03-152,thickening,1,0.6534793,0.0260517,2.953663162222102,0.28703516721725464
d06-050,thinning,1,0.4005418,0.025158167,1.9573714684757886,0.15717996656894684
k07-122,blur,1,0.7455289,0.024437666,3.4436382976571713,0.3429683446884155
g06-045d,blur,1,0.68158954,0.087313175,2.4901920856861826,0.18840593099594116
d01-056,thinning,1,0.93031144,0.11983365,2.587632840860231,0.16552263498306274
g04-081,thinning,1,0.9994061,0.11164701,2.8741973349730685,0.12913969159126282
a01-096u,dropout,1,0.939631,0.14461875,2.6864508000919223,0.15076348185539246
a06-008,blur,1,0.5358516,0.054979503,2.0321666486044063,0.12294652312994003
f02-030,dropout,1,0.717275,0.07836884,1.8182824055904048,0.07955687493085861
g01-000,dropout,1,0.59662354,0.025142789,2.6212933530704943,0.2515731453895569
f04-020,thickening,1,1.2086443,0.09274441,3.268874839284322,0.22872433066368103
f07-081a,thinning,1,0.89811367,0.1391409,2.6017417006984895,0.16588571667671204
k04-064,dropout,1,1.2540696,0.11161864,3.401185350148291,0.25002628564834595
g07-022a,thinning,1,0.8676462,0.12526631,2.7264759802412577,0.19254419207572937
m04-238,thickening,1,0.7005125,0.09508252,2.0986441790581454,0.09558190405368805
m02-052,dropout,1,0.31465456,0.010363758,2.321788291403182,0.16954323649406433
g06-018d,thinning,1,0.52627754,0.05437684,1.9328009536811663,0.12049210071563721
r06-137,thinning,1,0.40327626,0.031574667,1.6209454591700942,0.13003265857696533
f04-071,blur,1,1.1922485,0.1428017,4.779183436070949,0.14580275118350983
n04-031,blur,1,0.4724832,0.04320252,1.7940611222850102,0.16036681830883026
l07-103,thickening,1,0.830137,0.09963089,2.010084162387633,0.10258644819259644
g01-025,blur,1,0.96058494,0.1297608,2.881276465408407,0.16613398492336273
m02-055,blur,1,0.77994734,0.10539287,2.481498627633841,0.18592128157615662
b04-020,thinning,1,0.9802649,0.1280986,2.7572995934033977,0.13477692008018494
p01-168,dropout,1,0.50416064,0.047038257,2.217995152892731,0.16649329662322998
l07-085,dropout,1,0.81990284,0.09002483,1.65738044058809,0.07916142046451569
c03-087f,thinning,1,1.1098373,0.17369974,2.6433943056009372,0.16991834342479706
h04-082,blur,1,0.54156035,0.050822496,2.591120346853485,0.19100764393806458
g06-050l,thickening,1,0.6148248,0.07464212,1.9374754659449918,0.14352728426456451
b05-067,dropout,1,0.7617904,0.09763986,1.870680446054667,0.10537108778953552
g06-031k,dropout,1,0.55264765,0.059898376,1.9483490028054398,0.11829311400651932
c03-003d,thinning,1,0.6300685,0.035619378,3.0275002267396376,0.2268691062927246
a02-000,blur,1,0.45327133,0.012364149,2.5193137630772204,0.2071300745010376
c03-003f,thickening,1,0.9042505,0.13013208,2.2487372528277114,0.14495708048343658
b03-092,blur,1,0.92783415,0.10713625,2.6954093675569664,0.12625756859779358
k03-117,dropout,1,0.7588677,0.02117461,3.4037092766946975,0.3405383825302124
k04-005,thinning,1,0.723359,0.08663893,2.2910512505865235,0.10438335686922073
a02-000,thickening,1,0.45076418,0.012155294,2.516587097717311,0.20637275278568268
b04-010,thinning,1,0.6456302,0.08097285,2.349052522467201,0.1796552538871765
p03-080,thinning,1,0.5423958,0.026669443,2.7339635023106292,0.25959107279777527
c04-170,blur,1,0.6763433,0.06753731,1.8002944504012355,0.08512923866510391
l07-103,blur,1,0.8233505,0.0989058,1.9990972497026291,0.10358737409114838
e06-006,thickening,1,0.915872,0.13688588,2.8107293589718494,0.1520506888628006
r06-115,thinning,1,0.68929505,0.091941416,2.209643810851664,0.17595499753952026
d06-063,thinning,1,0.82022583,0.11275315,3.222932807603875,0.326813668012619
h04-082,dropout,1,0.5586975,0.05828172,2.5970276380893558,0.16974957287311554
g04-092,dropout,1,1.1153438,0.14046657,3.990012785920876,0.1438036859035492
j01-045,dropout,1,0.9086091,0.09490538,2.162649146943396,0.1108667403459549
h04-071,thickening,1,0.65016824,0.08323878,2.1437184664577744,0.0892421305179596
g07-003a,thickening,1,0.9192664,0.13869727,2.617008697072188,0.13312940299510956
g06-026e,dropout,1,0.8707094,0.1029731,2.5722700843334243,0.12454058974981308
e02-000,blur,1,0.44825363,0.032051086,2.0214818348333674,0.14757037162780762
k04-014,dropout,1,0.7056105,0.0782426,1.667286827156308,0.06860833615064621
f07-081b,thickening,1,0.38462904,0.018645346,2.02449237918648,0.19311213493347168
m04-000,thinning,1,0.51736665,0.052430212,1.93054879819666,0.12183421105146408
g06-109,thinning,1,0.9844364,0.113467276,2.985688341097625,0.12982356548309326
c02-030,blur,1,0.8309847,0.03888488,3.5585601164637763,0.3582901060581207
a05-108,thickening,1,1.2351896,0.14244545,4.025317689496735,0.12971752882003784
m03-118,dropout,1,1.8010136,0.14650553,7.724116313470067,0.5044831037521362
n02-045,thickening,1,0.5348901,0.042857528,2.305715369536028,0.14901182055473328
h02-008,thinning,1,0.48255223,0.012659073,2.466621651018863,0.24296240508556366
a01-026x,thickening,1,0.9348726,0.06868625,3.902717296245423,0.3695122301578522
p01-174,thinning,1,0.8250877,0.04425186,3.5006771621310735,0.3353385925292969
a06-051,blur,1,0.6976651,0.03682077,2.9865084423068877,0.22136908769607544
e07-076,thinning,1,0.81428033,0.053627253,3.4404248609591295,0.2789999544620514
j06-026,thinning,1,0.90427285,0.1541723,3.375662761352924,0.31032970547676086
g01-022,dropout,1,1.3302312,0.14946687,5.4327410118588935,0.2123878449201584
m02-069,thickening,1,0.8120102,0.043419003,3.3255502391564957,0.3171824812889099
b06-000,dropout,1,0.7570623,0.0860011,2.043499177961422,0.09580959379673004
g01-022,thinning,1,1.2934723,0.14834487,5.210578617083063,0.1878410428762436
m06-076,blur,1,0.91626424,0.10765028,2.729158045232914,0.11732804030179977
n06-182,thinning,1,0.9231122,0.10759193,2.709604890469749,0.12122257798910141
r06-090,thinning,1,0.61150044,0.065831184,2.621368798687313,0.25730597972869873
g06-011o,thickening,1,0.9807875,0.091425836,3.9999624518832064,0.4024808406829834
a01-038x,dropout,1,0.8641258,0.07882112,3.3389647473915627,0.2805401384830475
l01-007,thinning,1,1.6571034,0.13840723,6.472816538741539,0.3643832504749298
a05-017,thickening,1,1.2700318,0.14661223,4.223985965948518,0.13293088972568512
c06-095,blur,1,0.9408861,0.08522534,2.2461641816664746,0.19352322816848755
m04-030,dropout,1,0.785893,0.11547977,2.2630246971143997,0.10708372294902802
p02-131,thinning,1,0.9975642,0.11004341,2.7026415390374536,0.12567612528800964
a05-121,thinning,1,0.9670219,0.14270955,2.738689477590893,0.12799027562141418
k02-023,thickening,1,0.9627379,0.12850964,2.6859145844872536,0.07929416745901108
p02-090,thickening,1,0.57686657,0.010326624,2.647433366448245,0.26250162720680237
a06-014,thickening,1,0.7091625,0.05165851,3.104031653952017,0.2906123697757721
n03-103,thickening,1,1.0964183,0.21101075,3.0600015185048197,0.15308015048503876
p03-033,thinning,1,0.55836695,0.057535827,2.2056506918623557,0.14599184691905975
f07-096,thinning,1,0.67323184,0.040124893,2.6347105878046624,0.2264021337032318
b04-140,thickening,1,0.9090228,0.14756244,2.76263107184421,0.2210279256105423
g06-045b,blur,1,0.71139765,0.101188004,2.213752187782999,0.19912177324295044
p03-103,blur,1,0.5535735,0.060232103,1.7454604399258926,0.11387129873037338
a03-063,thinning,1,0.6114057,0.0216735,2.8342964113238502,0.30371832847595215
c02-017,thickening,1,0.8401827,0.11777276,2.596766093661113,0.15878233313560486
r06-011,thickening,1,0.8475761,0.11703569,2.4520551598016773,0.10992129892110825
a02-120,thinning,1,0.8495665,0.057282984,3.3942130528400463,0.3154762387275696
a02-024,thinning,1,0.5398124,0.039607525,2.3198211207268606,0.19152948260307312
d06-050,blur,1,0.40161675,0.02452451,1.979944255350963,0.16263732314109802
a05-069,thickening,1,1.1499541,0.14276838,3.695819101703538,0.11295326054096222
d01-085,dropout,1,1.2474555,0.12125629,3.9154234147785547,0.11805282533168793
a04-092,blur,1,0.537578,0.033961117,2.464586415348088,0.23732341825962067
f04-083,thickening,1,1.3116217,0.14796585,5.679859422845291,0.18153661489486694
c04-098,thinning,1,0.6585747,0.079868555,2.35360429978008,0.11555586010217667
g04-032,thinning,1,0.94093585,0.12104386,2.520004860216323,0.0860506221652031
a01-014x,blur,1,0.9631386,0.07709551,4.03226957143092,0.38869428634643555
m04-152,thickening,1,0.6807944,0.07679647,2.734827450280027,0.2165413200855255
g04-098,thickening,1,0.5913182,0.068392694,1.7568146176903514,0.12967506051063538
j06-022,thickening,1,0.91663253,0.113395035,3.6135359924495227,0.3138326406478882
p03-096,thinning,1,0.5202817,0.05294162,1.6775417203942458,0.10761117190122604
p02-121,thickening,1,0.68769926,0.093777895,2.3765961004801253,0.13053064048290253
b05-042,thickening,1,0.85180026,0.149863,2.6236650756735127,0.1749044507741928
k07-185,thinning,1,0.77549267,0.109787464,3.0767910074695592,0.3008153736591339
e01-025,blur,1,0.91515285,0.109684825,3.622653070738086,0.31780287623405457
f04-011,thickening,1,0.8333667,0.09978914,3.228466619668711,0.2679833769798279
b05-062,thickening,1,0.6904284,0.090060115,1.9736053570201608,0.09977506846189499
g06-050i,thickening,1,0.9826183,0.120016634,3.314503039473906,0.1300898790359497
g02-059,dropout,1,0.38663706,0.028680265,1.6013985308006875,0.10020790994167328
e01-081,blur,1,0.69392794,0.081345856,1.6154548025558024,0.106076180934906
p03-004,thinning,1,0.76692945,0.11909342,2.629554645017483,0.25347957015037537
b06-068,blur,1,1.0212356,0.16514224,2.3428345827178845,0.14136749505996704
g06-026b,blur,1,0.4696308,0.033205688,2.1194076316732113,0.20137067139148712
c03-016e,thinning,1,0.9368288,0.09949833,4.081128080221277,0.39758652448654175
g07-022a,thickening,1,0.8707073,0.12556386,2.727422782488169,0.1899038404226303
a04-027,thinning,1,0.5564616,0.053875268,2.760406871446957,0.1796485334634781
g06-026k,blur,1,0.9641434,0.10842836,2.6858934524744744,0.10774896293878555
a05-039,dropout,1,0.96322995,0.12866378,3.2030565970775724,0.16669794917106628
b04-169,thickening,1,0.55977285,0.061371207,1.5576273672122236,0.12091025710105896
g07-014b,dropout,1,0.7517725,0.09835321,2.025237377660996,0.08997438848018646
r02-006,dropout,1,0.44152033,0.032833815,2.2046686085529554,0.15992692112922668
n06-074,thinning,1,0.6150779,0.06143415,2.4090297737660995,0.18132083117961884
e04-008,thickening,1,0.9257561,0.09586978,2.224090482033175,0.10794901847839355
m02-095,dropout,1,0.77524436,0.110910594,3.027644081311309,0.28829196095466614
g06-031r,thickening,1,0.849579,0.10793024,2.8485694846941008,0.15587300062179565
e04-043,thinning,1,0.46425357,0.036010742,1.6553935889584885,0.17587634921073914
m04-072,dropout,1,0.8296881,0.04687977,3.404506359143871,0.3446260094642639
p03-121,dropout,1,0.5097167,0.037605107,2.1780797316456044,0.13628876209259033
f07-084a,dropout,1,0.8134585,0.12674683,2.6444812650396097,0.23406197130680084
e02-025,thinning,1,0.8050894,0.12996042,2.851553740528565,0.2140703797340393
e04-062,blur,1,1.2192415,0.13968289,3.9699216978367096,0.1197637990117073
l04-066,thinning,1,0.90409696,0.10346848,2.5760253847250367,0.09488127380609512
e01-102,thinning,1,1.292744,0.14302301,3.3538478140214707,0.13734234869480133
g01-043,blur,1,0.86178875,0.039831936,3.803467891705716,0.3933684825897217
r03-096,thickening,1,1.0353295,0.106048286,2.6335818666706263,0.16204571723937988
p02-115,thinning,1,0.55543095,0.05601585,2.5086638958016554,0.17456553876399994
h06-085,dropout,1,0.81192666,0.13522834,2.4903450037106936,0.17486858367919922
a02-046,thinning,1,0.7238471,0.08532733,2.240066597002863,0.11720200628042221
j04-111,thinning,1,0.86719656,0.12395722,2.703941138974335,0.17901350557804108
f07-046a,thickening,1,0.6220797,0.02847141,2.8463286944510573,0.19987624883651733
b06-064,thickening,1,0.976308,0.13986868,2.3520925014128164,0.14815585315227509
g04-003,thickening,1,0.29650876,0.007333398,2.476763992648612,0.19902478158473969
e07-098,dropout,1,0.9798657,0.1304782,2.869862817396574,0.1598406434059143
m04-222,thinning,1,0.5748933,0.053481817,2.7764108225448916,0.22192443907260895
d01-085,dropout,1,1.2536389,0.121579885,3.9494211837720625,0.1187196895480156
f01-081,thinning,1,0.8043579,0.044825196,3.489883800031547,0.3587661683559418
r02-081,dropout,1,0.5824412,0.017686903,2.7995446970343854,0.26649025082588196
k07-185,blur,1,0.78369176,0.11601055,3.041656697458673,0.2924920618534088
m01-131,thickening,1,0.47394004,0.035416782,1.7770949494616615,0.15222708880901337
b06-008,thinning,1,0.99158347,0.20304441,2.5458516285976627,0.10772088915109634
f04-024,blur,1,0.88833386,0.09813827,2.31403784614941,0.09449683874845505
g06-050c,thinning,1,0.71996576,0.088878155,2.4116381620407905,0.1299317628145218
g01-016,thickening,1,0.89971876,0.06350744,3.893807897195102,0.3542950451374054
g06-011o,thinning,1,0.98160523,0.091854215,4.002128830060792,0.4022478759288788
h06-089,dropout,1,0.8589378,0.15206659,2.8018635232759657,0.1575782150030136
b01-033,thinning,1,0.73761624,0.06497419,3.097160352466414,0.26637789607048035
g06-050m,blur,1,0.79475904,0.053786695,3.2535302668338737,0.3068465292453766
a01-072u,thickening,1,1.145009,0.15891892,2.980698264269879,0.06489919126033783
c03-007c,thickening,1,0.8499821,0.14841247,2.6608572762325946,0.18179503083229065
l04-179,dropout,1,0.8278037,0.08532512,2.2272690325255238,0.10028063505887985
n02-028,thinning,1,0.8997793,0.16832727,2.0380574689780433,0.13028307259082794
b01-033,dropout,1,0.7429871,0.06254637,3.1753568661284777,0.28289178013801575
p02-069,blur,1,0.66696817,0.027608156,2.982073955373758,0.2971539795398712
n02-127,thickening,1,0.7168231,0.10142857,2.5963242569876024,0.1823807656764984
g06-018l,thinning,1,0.8009204,0.094065905,2.175178555418151,0.09002106636762619
g03-004,blur,1,0.6789688,0.08422929,1.9913664603195624,0.1111140251159668
n02-154,thinning,1,1.0419579,0.11537385,2.6197691612356633,0.13122472167015076
a01-102u,thickening,1,1.012138,0.14514798,2.742252805480986,0.1132749691605568
b03-109,dropout,1,0.47651944,0.016431928,2.5955862936607037,0.16429492831230164
h04-078,dropout,1,1.4553169,0.14892292,6.23386152832507,0.2453874796628952
c03-087d,thinning,1,0.77973837,0.11572814,3.0541796406049078,0.25074055790901184
a02-106,blur,1,0.813169,0.13544005,2.4738673298620597,0.16585098206996918
d03-117,thinning,1,0.7533632,0.03041488,3.224955475941722,0.2950443625450134
a06-008,dropout,1,0.53806233,0.054906964,2.0578615004658416,0.11997438222169876
l04-130,dropout,1,0.617195,0.02006644,2.8916318089044557,0.2830565571784973
j04-061,thinning,1,1.050787,0.109669864,2.8462221517683193,0.11606895178556442
e07-076,thinning,1,0.8113817,0.05308211,3.4678560741713422,0.27875539660453796
g06-050h,thinning,1,0.6140104,0.06923878,1.8771541719261904,0.14605604112148285
a02-090,thinning,1,0.42605114,0.029822648,2.0472785147738075,0.16903777420520782
l07-065,thickening,1,1.3060915,0.13351518,3.9367365729369594,0.1340324878692627
k04-110,blur,1,0.6439958,0.082746744,2.340200969105594,0.18921001255512238
j04-019,dropout,1,0.8580733,0.12015563,2.476996378668904,0.13975277543067932
b02-105,thickening,1,0.7821773,0.10640794,2.3320677944722474,0.11944815516471863
k07-085,blur,1,1.244509,0.11271727,3.197474931990587,0.18397898972034454
g06-031o,dropout,1,0.97518325,0.10976559,3.762490546080707,0.3699019253253937
a02-042,thinning,1,0.74981785,0.05433005,2.1753949008514972,0.1650780290365219
a02-053,thickening,1,1.057258,0.11724371,3.2083573351660863,0.11882264912128448
h01-027,blur,1,0.864891,0.12278348,3.65298444424221,0.3585014045238495
e07-105,thickening,1,0.73749423,0.088585734,2.1058419093316063,0.17933833599090576
b05-050,blur,1,0.7929609,0.10480714,2.1436941493883923,0.12134997546672821
e02-018,thickening,1,0.6692568,0.07258499,2.1696851326927926,0.17861275374889374
g06-047j,dropout,1,0.7231037,0.016736925,3.1514687847225233,0.3430030643939972
j01-059,thinning,1,0.5143888,0.031380475,2.4580567106132625,0.19152843952178955
f02-020,thinning,1,0.564002,0.062041104,2.2094964387664415,0.12217135727405548
c03-016d,thickening,1,0.5192391,0.022882104,2.933904279702397,0.20654253661632538
a02-004,thinning,1,0.71503514,0.069212615,3.145523590607807,0.31833529472351074
g04-032,thickening,1,0.9257746,0.11995512,2.474574255002964,0.09379451721906662
a01-128u,dropout,1,0.8671026,0.13606977,2.651941295880331,0.19179335236549377
c03-081a,blur,1,1.0823858,0.16855782,2.4741462221513832,0.12758703529834747
f07-084b,thickening,1,0.73288983,0.10634178,2.596773702331964,0.22850824892520905
a01-113u,thinning,1,0.9155478,0.14451742,2.613406526516212,0.15653666853904724
n01-000,blur,1,0.45078486,0.019329488,2.2048503475968384,0.19556814432144165
n02-000,thickening,1,0.8021485,0.08801371,2.246447799612055,0.09694958478212357
b05-017,thickening,1,0.663197,0.084836066,1.9007981464928783,0.10305816680192947
d06-086,blur,1,0.9684742,0.0792343,4.0290021589495915,0.39428073167800903
g06-042g,dropout,1,0.5956277,0.07022166,2.1494647690614066,0.15088966488838196
d06-086,dropout,1,0.96923196,0.07868987,4.043333749528034,0.39678844809532166
l04-071,blur,1,0.99885654,0.12128228,3.291698400064424,0.1310083121061325
k07-063a,blur,1,0.96472657,0.09005779,2.2829095001833704,0.17666053771972656
e07-072,blur,1,0.898432,0.16856837,3.0125020011215957,0.19799570739269257
e04-019,blur,1,0.58302146,0.06517184,1.9506641002726806,0.13906002044677734
n02-049,thinning,1,0.65817964,0.08640617,1.941519208778388,0.0888533815741539
j01-066,dropout,1,0.9015618,0.06559241,3.877679150639283,0.3640885055065155
n02-127,thickening,1,0.7182694,0.1022799,2.5745208519363803,0.17604756355285645
h07-020,dropout,1,0.8854258,0.070108116,3.898877350117386,0.37747952342033386
g06-018c,thinning,1,0.7392653,0.08446813,2.0966196048705585,0.10206418484449387
r02-054,dropout,1,0.92805535,0.11608803,2.360381882681247,0.08460545539855957
n04-044,thinning,1,0.7744347,0.11229277,2.2539907145699347,0.2054833024740219
e06-046,blur,1,0.5362416,0.05654013,1.7057837271231606,0.1071469709277153
r02-013,blur,1,0.92416745,0.0878008,3.717014499872333,0.33368435502052307
n02-037,thinning,1,0.5941311,0.06482917,2.328276982073603,0.12186610698699951
g06-042a,blur,1,0.5500386,0.05959159,1.831990029416155,0.1256588101387024
g07-026b,thickening,1,0.80324376,0.10385126,3.112475766880004,0.26570215821266174
c04-023,blur,1,1.0311898,0.101836324,2.613171564786383,0.10597281157970428
g06-037c,thinning,1,0.612051,0.069618404,3.011715214593369,0.22596898674964905
f07-076a,thinning,1,0.9060205,0.15118957,2.4382205392935385,0.2013978213071823
p03-163,dropout,1,0.7707453,0.024787247,3.412916626715268,0.37104421854019165
f07-016,thickening,1,0.8732592,0.12258929,3.331955490963956,0.31465864181518555
g06-050n,thinning,1,0.9021492,0.116764545,3.1379808726529412,0.2633908689022064
a06-039,dropout,1,0.8696889,0.07535428,3.7813039044502545,0.35637229681015015
g06-026r,thickening,1,1.3711807,0.13676375,5.297405368814227,0.20888474583625793
j07-009,thickening,1,0.85408366,0.11219162,2.5361625300162327,0.1335592418909073
j06-030,thinning,1,0.88411933,0.1457867,3.287495673890342,0.2935701310634613
p01-168,thickening,1,0.51247543,0.049468458,2.224965007683662,0.15587855875492096
h07-040,thickening,1,0.7120333,0.03199935,3.220898078357776,0.33764103055000305
e06-021,blur,1,0.8891726,0.11914027,3.62469087059898,0.347394198179245
g06-045k,blur,1,0.74441546,0.08597416,2.2765850637707024,0.1220448687672615
h05-012,thinning,1,0.9741894,0.11411214,2.3971869942193536,0.07633727043867111
a01-063x,thinning,1,0.93601614,0.0665316,3.94306641825724,0.3822755813598633
l04-130,blur,1,0.6065042,0.021157444,2.840458921383016,0.2785746455192566
p03-087,dropout,1,0.77189803,0.093634486,2.3339129165319585,0.14995145797729492
m04-238,thickening,1,0.6632222,0.08780104,2.1547170462734666,0.11017583310604095
a03-011,thickening,1,1.1378305,0.11506754,3.0625947446002155,0.1262529343366623
b03-114,thickening,1,0.9124792,0.071205735,3.746815702022043,0.3753666579723358
d06-091,thinning,1,0.8438637,0.12525636,2.8515575466556657,0.22154274582862854
e07-090,blur,1,0.8227093,0.062426507,3.4254920237859032,0.27895328402519226
m03-020,dropout,1,0.59557223,0.06913066,2.017006111546555,0.12062167376279831
b01-073,thickening,1,1.1287628,0.1415469,4.341262928174898,0.14974991977214813
b03-092,thinning,1,0.9500213,0.108879685,2.759104521426187,0.12662789225578308
e01-050,dropout,1,0.6850329,0.07319635,2.0351760625339943,0.1690947413444519
e06-070,dropout,1,0.8801949,0.15442526,2.429437786175044,0.21061797440052032
c06-005,thickening,1,0.8841787,0.14051229,2.5321106578479013,0.1766739934682846
n04-044,dropout,1,0.8109696,0.119487345,2.2682006601783695,0.17688383162021637
b06-075,thickening,1,1.2361372,0.19915628,3.1614176191441223,0.11834453791379929
r02-000,dropout,1,0.8471458,0.078451455,2.047413869921973,0.15706242620944977
e07-003,thickening,1,1.1551402,0.14867443,2.914089869670426,0.12026418745517731
a02-057,dropout,1,0.8185537,0.113741755,2.357872949582176,0.15504364669322968
r03-110,thickening,1,0.76138055,0.061917365,3.2946071747472225,0.2986271381378174
n03-064,blur,1,0.76564944,0.09343803,1.896172949528986,0.08595501631498337
g06-047b,blur,1,0.8637332,0.09579563,2.3363169507971246,0.1025540754199028
f07-076a,dropout,1,0.9260296,0.15544075,2.4356598067794937,0.19155475497245789
g06-109,dropout,1,1.0934724,0.11898422,3.373065184288376,0.12217080593109131
g06-042c,thickening,1,0.8943567,0.106979966,2.7070807436885174,0.10463406890630722
b01-057,dropout,1,0.8260275,0.049232125,3.608247998803943,0.37772926688194275
c03-084c,thickening,1,0.69271916,0.07140565,3.064339757482707,0.28011661767959595
r02-065,dropout,1,0.64328974,0.048905373,2.7999541430466275,0.20837152004241943
b03-025,thickening,1,0.8725563,0.08165437,2.1287028949573594,0.17545922100543976
n02-040,thinning,1,0.60114735,0.07146108,1.9141103688528212,0.09466847777366638
j04-015,thickening,1,0.6387909,0.07559985,2.0477332320994814,0.18333576619625092
n02-154,dropout,1,1.0058225,0.1118505,2.4338900586846144,0.11399433016777039
b06-071,thickening,1,1.1911604,0.21888554,3.5286970190812545,0.16445691883563995
c02-012,dropout,1,1.2381244,0.1380052,4.721443965065812,0.12466724961996078
c03-000f,blur,1,1.1148858,0.18973511,2.83008910558794,0.1348283588886261
d05-025,thinning,1,0.7003236,0.06430793,2.99786299208386,0.3279649615287781
g06-026p,dropout,1,0.84644496,0.089909434,2.366319588589298,0.10427471250295639
l01-111,dropout,1,0.5981425,0.070610166,2.4689175709746416,0.21291732788085938
f03-182,thickening,1,0.6604017,0.07520479,2.6867832745600055,0.19389405846595764
g06-037b,thickening,1,0.6541876,0.08551121,2.552567570880412,0.21277813613414764
m01-026,thinning,1,0.35143444,0.021623313,1.7507760021036323,0.18131980299949646
f07-046b,thinning,1,0.8972595,0.08937067,3.8915043310298194,0.3925737738609314
f07-009,dropout,1,0.8687606,0.13161665,3.1698565084899393,0.29576534032821655
p03-181,thickening,1,0.89751095,0.05118978,3.845468659935635,0.3618268668651581
n02-109,blur,1,0.6813315,0.08248389,2.8203229456668213,0.20901501178741455
m04-113,blur,1,1.0265441,0.10403305,4.237473862374273,0.43187904357910156
p02-131,dropout,1,1.0462345,0.11234295,2.8787901265746663,0.11745329946279526
b06-004,thickening,1,1.009062,0.13541669,2.475584427502563,0.1474529206752777
m01-125,dropout,1,0.89027685,0.12241292,2.5304135505142256,0.10958833247423172
c06-095,blur,1,0.9489453,0.08463848,2.276558631106805,0.198586568236351
b01-118,thickening,1,0.9024859,0.07097995,3.746371852904825,0.3619902431964874
g07-000a,thinning,1,0.87130123,0.13321906,2.5262406796042365,0.16385962069034576
a01-011,dropout,1,0.7541565,0.07726967,2.6208720490486646,0.18836557865142822
h07-066b,thinning,1,0.83726716,0.13641554,2.064395911289753,0.12819267809391022
b01-057,blur,1,0.8245331,0.050713897,3.614742393814599,0.37824103236198425
h07-044a,thinning,1,0.32985827,0.01486522,2.0561875526487796,0.1389574557542801
g06-026e,thinning,1,0.82608724,0.10137522,2.5834001842947267,0.13338516652584076
g06-037b,blur,1,0.6664689,0.08884168,2.5154191060897064,0.20783352851867676
p03-096,thinning,1,0.51708287,0.052408814,1.6885064678084138,0.10449168086051941
m03-095,thinning,1,0.84001297,0.11046654,3.4193412307856383,0.33540600538253784
h07-040b,thickening,1,0.86379147,0.118229985,3.453352375933335,0.3561737537384033
k07-077,dropout,1,0.8755082,0.09201783,2.231457808951801,0.11947807669639587
n04-075,thickening,1,0.6938912,0.080859065,2.65357404930397,0.1937139481306076
b01-094,thickening,1,0.850933,0.13070518,3.363452866562672,0.2984941601753235
a03-071,blur,1,1.2078305,0.13807005,3.871550339891878,0.12268641591072083
n06-074,blur,1,0.6154418,0.061499953,2.4106484263824983,0.1814042329788208
c04-139,blur,1,0.5838711,0.04997152,2.5199476003409473,0.15772446990013123
g06-050o,thinning,1,0.9866386,0.116413236,3.781029485732475,0.3649058938026428
d04-117,thickening,1,1.1645881,0.13294452,4.404935978788818,0.1570197492837906
g06-018a,thickening,1,0.64551455,0.07766074,1.8386212741596042,0.12337208539247513
r06-044,dropout,1,0.8868648,0.13895297,2.9554891781180226,0.24037906527519226
d01-123,thinning,1,0.598919,0.07059401,1.952596649764949,0.08743725717067719
e06-049,thinning,1,0.8911925,0.09204203,3.718411983551551,0.3339163661003113
r03-050,thickening,1,0.7806396,0.09639436,1.9365861010093015,0.09947028756141663
e04-038,thinning,1,0.5439581,0.04511106,2.535144460345253,0.13635097444057465
a01-014,thickening,1,0.9408543,0.17506438,2.560144937724574,0.13488039374351501
f04-046,blur,1,0.88204646,0.1033023,2.552542031107727,0.11469563841819763
h06-000,thickening,1,1.1702559,0.124629974,3.8590818885741354,0.11071214824914932
f04-007,thickening,1,0.4893941,0.042910278,1.8914349461248239,0.15777817368507385
c02-035,dropout,1,0.5281329,0.05143577,2.1438271000798057,0.12243129312992096
a06-095,blur,1,1.0193245,0.088959455,4.378432345163902,0.44025081396102905
f07-006,dropout,1,0.9198432,0.08260268,3.643748294314642,0.31995394825935364
k07-063a,blur,1,0.9561488,0.090025246,2.261603786507601,0.1748744249343872
g06-050a,thinning,1,0.5745935,0.020247519,2.704680049357274,0.2605067789554596
n04-213,thickening,1,0.95015395,0.116208315,2.6126790783977216,0.15570537745952606
d07-085,thickening,1,0.3049484,0.006844759,2.047368829013989,0.15555454790592194
g04-088,dropout,1,1.105842,0.13523847,3.706283518705892,0.12441950291395187
h04-055,blur,1,1.159824,0.13677406,4.1893442094783575,0.11951851099729538
h07-084,thickening,1,0.894934,0.16686219,3.086763078871656,0.16425921022891998
a04-059,dropout,1,0.82182306,0.10087448,2.939125106879123,0.22519665956497192
b01-057,thickening,1,0.8285515,0.05520338,3.6180236958486103,0.3755241930484772
n06-123,blur,1,0.5600433,0.060620666,1.840151871244463,0.11790704727172852
a02-046,thinning,1,0.73120934,0.08590883,2.235491774139162,0.1158016249537468
k04-126,blur,1,0.73337364,0.10833752,2.556198673378567,0.1276833415031433
g06-031h,dropout,1,0.5899679,0.068387866,2.4556587492000324,0.12386193871498108
f03-182,thickening,1,0.6584583,0.07598317,2.6398606937306632,0.19359077513217926
p06-069,thickening,1,1.0398664,0.1393497,4.029754241581143,0.41697847843170166
a05-013,blur,1,1.277245,0.14703172,4.14445790427694,0.14309006929397583
n06-119,blur,1,0.88066196,0.092639804,1.9947277592487132,0.11292626708745956
g06-047b,dropout,1,0.8915449,0.09710902,2.3703286908293526,0.11017085611820221
c02-007,dropout,1,0.69780016,0.09659654,2.9465474635018936,0.2408929318189621
k04-000,blur,1,1.3847687,0.11584753,3.595212379466471,0.19142957031726837
n04-139,thinning,1,0.6908699,0.09244901,2.0690115747586106,0.14420221745967865
a02-082,dropout,1,1.3150989,0.13963789,5.203730554317982,0.19739052653312683
k02-036,thinning,1,0.9863786,0.12210196,2.6855817014454755,0.10009188950061798
c06-047,thinning,1,0.80415386,0.04842329,3.583954937532932,0.3522897958755493
c03-087b,thinning,1,0.6982834,0.025407434,3.2482531260767216,0.26248645782470703
c03-084c,thickening,1,0.69111633,0.06888759,3.0742969464323795,0.2917371392250061
g07-014b,blur,1,0.7669655,0.099767685,2.024177408361657,0.07981697469949722
n04-044,thinning,1,0.77401996,0.11152446,2.2315309669257064,0.20303748548030853
f07-002,thickening,1,0.9681473,0.1417042,3.384053265495659,0.28652799129486084
m02-095,dropout,1,0.77152574,0.10790652,3.054040363977654,0.2979152202606201
g06-050k,thinning,1,0.395387,0.029031157,1.7643894687290216,0.1389886885881424
f03-182,blur,1,0.66094655,0.07575005,2.68177356508664,0.19467373192310333
d06-030,blur,1,0.77262586,0.10854286,2.246333893717233,0.09955155849456787
g02-073,dropout,1,0.5591055,0.03325641,2.549129941394557,0.2217818945646286
g07-022b,dropout,1,0.71189934,0.025160372,2.9834101768055064,0.28039589524269104
k04-061,thickening,1,0.7928619,0.10143477,2.585199398718039,0.1671673208475113
b06-000,thickening,1,0.7348391,0.08433539,2.016125515770457,0.12027102708816528
a05-044,thickening,1,1.1542103,0.14053881,3.525891188679815,0.09171218425035477
l03-004,thinning,1,0.7011656,0.09891081,2.277301297640802,0.16441373527050018
k04-061,dropout,1,0.8018813,0.102529466,2.6092368730521174,0.16771526634693146
n02-033,thinning,1,0.53809524,0.05672902,2.326168417776735,0.1635221540927887
b05-045,thickening,1,0.7072823,0.054941714,2.465151217855961,0.1776258498430252
g03-058,thinning,1,0.31919184,0.019640088,2.1731883411906363,0.17652541399002075
g06-050b,thinning,1,0.7891556,0.08828014,2.070890815475581,0.16543516516685486
g02-062,thinning,1,0.78183174,0.090081275,2.117787688793522,0.16294579207897186
e01-062,thinning,1,1.24214,0.11374122,3.4922756617923882,0.13251054286956787
g06-018b,thickening,1,0.3565534,0.01728785,1.8068295533613452,0.17784549295902252
f04-057,blur,1,0.63199776,0.079383135,2.4446928807506785,0.1824294626712799
r06-022,thinning,1,0.5889119,0.0686785,1.9454423460032761,0.13889919221401215
n02-028,thickening,1,0.9040892,0.1698705,2.063585633080435,0.1325318068265915
d06-082,dropout,1,0.82712495,0.0793075,2.0335133701343473,0.1243792250752449
g01-031,thickening,1,1.1545887,0.13463545,4.150994202623538,0.10478301346302032
b05-088,thickening,1,0.8851766,0.13072312,2.794395650086167,0.19646258652210236
m06-048,thinning,1,1.1872418,0.121952236,3.7140704452807722,0.1213749498128891
g03-040,dropout,1,0.9176892,0.07585031,3.709094736065971,0.3707400858402252
f07-000b,dropout,1,0.79916644,0.093479514,3.173955462897691,0.2812787890434265
c06-039,thickening,1,0.6451744,0.07439017,2.035938085764888,0.12390752881765366
a02-093,thinning,1,0.73730665,0.0848372,2.0729449441452026,0.16014036536216736
m04-043,thinning,1,1.0308875,0.13702595,3.1548307732358047,0.11340457946062088
c03-003b,dropout,1,0.7541924,0.058161855,3.2069205832696435,0.284666508436203
l07-138,thickening,1,0.9426195,0.10788196,2.6997603537549075,0.16187246143817902
g06-050h,thinning,1,0.6175047,0.069616735,1.8790400907832263,0.14388103783130646
g06-031o,thinning,1,0.9717011,0.113891065,3.695529440593772,0.35519474744796753
c03-003e,thickening,1,0.847689,0.081624866,3.682186272123517,0.3457754850387573
g05-087,thickening,1,0.7101562,0.07209855,2.0436482342494755,0.11410868167877197
j04-061,thinning,1,1.0462143,0.10928118,2.8304403524357675,0.11650688201189041
c03-081a,thickening,1,1.1178505,0.17206472,2.5738190815521023,0.1280459612607956
h07-040,thinning,1,0.7148366,0.031994224,3.230844414293089,0.33868202567100525
n04-156,dropout,1,0.7490424,0.10537094,2.129777211120577,0.16029776632785797
g04-048,dropout,1,1.2659277,0.14475894,5.1434274974578855,0.1680326759815216
d04-028,blur,1,0.9325879,0.11355215,2.317412393089656,0.11707057058811188
l04-124,thickening,1,0.9799105,0.12934232,2.6961853950759473,0.12164013832807541
b05-045,thickening,1,0.7118893,0.05709386,2.459578229157789,0.1741074025630951
l07-131,thinning,1,0.99040043,0.14942664,2.2964634558264336,0.15026964247226715
p03-057,thickening,1,0.5650434,0.051446855,2.123527636036907,0.1627548784017563
a01-020,blur,1,0.65666014,0.08485073,2.7804181418148657,0.27421465516090393
g06-031k,dropout,1,0.57281595,0.06342268,1.9287462919827838,0.12116441130638123
n02-000,dropout,1,0.81657696,0.08948028,2.2813064544710575,0.0996348187327385
k07-141,dropout,1,0.4949817,0.03386408,2.0318984103573174,0.14309866726398468
c04-139,dropout,1,0.59677446,0.04140109,2.6656574294336854,0.23451244831085205
c03-081d,dropout,1,0.8441946,0.14707428,2.9645234056647785,0.17513994872570038
d06-100,dropout,1,0.6013815,0.07116586,2.333030662230593,0.18349289894104004
r03-053,thinning,1,0.72250634,0.050563216,2.641109233942663,0.2096981406211853
p02-105,dropout,1,0.5360063,0.032013893,2.5785692216737752,0.24583037197589874
f07-039a,thickening,1,0.5650017,0.062203348,2.749737557131891,0.15291272103786469
g06-018d,thinning,1,0.52888894,0.055000663,1.938239863667856,0.11983422189950943
l07-176,blur,1,1.3201901,0.12021685,3.9823008904320534,0.18576811254024506
d01-056,thickening,1,0.92263526,0.11934781,2.571254180956648,0.16640935838222504
g06-011l,blur,1,0.58706534,0.06769335,2.1473772460037273,0.12001512199640274
p03-096,dropout,1,0.5319479,0.05447036,1.6291427899962838,0.10597287863492966
g06-047e,blur,1,1.1239427,0.10711217,2.777788476790496,0.11740632355213165
c04-023,thinning,1,1.0095075,0.1014238,2.5649598548655606,0.09577235579490662
n04-075,thickening,1,0.69337314,0.08146483,2.6785044094721,0.19872882962226868
a06-020,blur,1,1.1877848,0.11213046,3.2052582596495096,0.1482516974210739
n04-015,thinning,1,0.56254876,0.059692264,1.9945238614356138,0.14229023456573486
r03-084,blur,1,0.9825803,0.11426735,3.8027797361667672,0.37473607063293457
r02-054,blur,1,0.9167945,0.11555755,2.3216599577166925,0.09182794392108917
f07-101a,thinning,1,1.19769,0.13666093,3.539661688208326,0.10086556524038315
g06-031a,dropout,1,0.56981117,0.06375265,2.1303511640997916,0.12342579662799835
h07-060a,blur,1,0.74616504,0.07792854,2.3765016921012916,0.16393254697322845
f07-042b,blur,1,1.1765785,0.17097884,2.7083830412700634,0.1054035946726799
k02-053,blur,1,1.2133965,0.11680442,2.8477756949878263,0.12770789861679077
p01-174,dropout,1,0.8256285,0.046401024,3.461590650775425,0.3266074061393738
d06-008,dropout,1,0.8269245,0.14025426,2.5078851773531206,0.22348234057426453
l04-098,blur,1,0.49379176,0.04230404,2.3277242920473986,0.18696606159210205
a04-081,thinning,1,0.82077694,0.12080145,2.1428022980418104,0.16320137679576874
g06-037b,thickening,1,0.6626147,0.08781195,2.5141588414268434,0.20786485075950623
e01-055,dropout,1,0.90104264,0.1696685,2.824298870114,0.1525324136018753
n04-068,thinning,1,0.75558615,0.049492,3.099088384336826,0.2890326678752899
f02-040,blur,1,0.8885456,0.16318613,3.0894472449763426,0.2106979787349701
c03-084f,thinning,1,1.0987053,0.18008792,2.6628485411054035,0.1475200355052948
e01-086,thinning,1,0.7005122,0.09372473,1.8618870950677324,0.0869346410036087
c02-003,dropout,1,0.66561013,0.085927725,2.5505537881480955,0.1839769333600998
m02-052,thickening,1,0.34216875,0.01824969,2.220899290137195,0.15511693060398102
g04-055,blur,1,0.617071,0.07553691,2.363759929304516,0.1947292536497116
h06-003,blur,1,1.2012151,0.14158338,4.978188699797695,0.171436607837677
g06-026e,thinning,1,0.82167464,0.100343525,2.5544971645812464,0.12673670053482056
j04-098,thickening,1,0.71842474,0.1028021,2.449456573836968,0.2082003951072693
f07-101a,dropout,1,1.2036399,0.13660496,3.6592261802056143,0.13176436722278595
clean,clean,0,1.0977256,0.13653213,2.8242007688261013,0.12936142086982727
clean,clean,0,1.2726558,0.13957274,3.505123786106172,0.1256365180015564
clean,clean,0,0.8460786,0.1458568,1.950908277852411,0.12297806888818741
clean,clean,0,1.3364608,0.19944054,3.443012969723021,0.10997611284255981
clean,clean,0,0.657179,0.06860465,1.9084644530143962,0.10455072671175003
clean,clean,0,0.8755794,0.14284617,2.2398666780810768,0.12324162572622299
clean,clean,0,1.1993581,0.17369068,3.0316208767591117,0.10431929677724838
clean,clean,0,0.73224634,0.107705355,1.7878386830219497,0.1074884757399559
clean,clean,0,0.8711382,0.14437985,2.0381597740561763,0.11902114748954773
clean,clean,0,1.1871357,0.1869582,2.8198148519234048,0.12587575614452362
clean,clean,0,0.45397407,0.039654136,1.9275196689876273,0.18863068521022797
clean,clean,0,1.2234801,0.19927979,2.924224024137424,0.14255671203136444
clean,clean,0,1.1183455,0.15531605,2.759810911860546,0.0810263454914093
clean,clean,0,1.026917,0.22664458,2.576806889515791,0.11744929105043411
clean,clean,0,0.4841259,0.04512644,1.9666050418473566,0.08804535120725632
clean,clean,0,1.2253628,0.17854893,3.008311489350898,0.12187189608812332
clean,clean,0,0.52161366,0.050209463,1.7976758934822803,0.13414576649665833
clean,clean,0,0.31375805,0.017730474,1.6590752763130368,0.14629730582237244
clean,clean,0,1.2514708,0.19406801,3.104533877852345,0.10997611284255981
clean,clean,0,1.0102389,0.20741743,2.8842535413615433,0.16499511897563934
clean,clean,0,0.5572577,0.05286008,1.8322536622491359,0.14589828252792358
clean,clean,0,1.0859826,0.18307316,2.6550616059925116,0.1617731899023056
clean,clean,0,0.45279264,0.03997898,1.8261174728327074,0.14362549781799316
clean,clean,0,1.3927686,0.23055804,4.0068329087004,0.24278458952903748
clean,clean,0,1.0249177,0.20202225,2.5559506439613937,0.10568426549434662
clean,clean,0,1.0682971,0.24133366,2.5541381259149865,0.10212953388690948
clean,clean,0,1.1969079,0.16991913,2.9970894401479624,0.09290695190429688
clean,clean,0,0.43300048,0.032153547,1.7288019304651903,0.15117163956165314
clean,clean,0,1.1020056,0.24908078,2.5096543833399956,0.12260127067565918
clean,clean,0,1.258592,0.19249159,3.1379910806145506,0.10633448511362076
clean,clean,0,0.81163204,0.13184077,2.2470410085395134,0.24119225144386292
clean,clean,0,2.0961895,0.2945931,9.124869383252275,0.6886075139045715
clean,clean,0,0.9960874,0.16234386,2.502454152915341,0.1506689339876175
clean,clean,0,1.0749452,0.24701297,2.4165612194676043,0.13990998268127441
clean,clean,0,2.113362,0.32529473,9.125745969936881,0.7435858249664307
clean,clean,0,1.1641294,0.17134166,2.8021825558420046,0.13596849143505096
clean,clean,0,1.2994215,0.32066095,4.447398160174266,0.13666114211082458
clean,clean,0,2.3030143,0.3158716,10.590419960190268,0.8456516265869141
clean,clean,0,1.0904782,0.16055334,2.743519357864659,0.10130981355905533
clean,clean,0,1.1358225,0.2775851,2.824205819646988,0.08169223368167877
clean,clean,0,1.0789082,0.1660567,2.5284643752539107,0.1617731899023056
clean,clean,0,1.1361814,0.15594256,2.8510558586769768,0.10480841249227524
clean,clean,0,0.884315,0.11574066,2.0739549110577515,0.0915985032916069
clean,clean,0,1.046396,0.19723779,2.700115830059355,0.1452426165342331
clean,clean,0,1.1609644,0.1615634,2.8941606192665663,0.08928142488002777
clean,clean,0,1.126073,0.165366,2.8514515912004823,0.08928142488002777
clean,clean,0,0.99782085,0.113871455,2.633436670619991,0.19801245629787445
clean,clean,0,1.2974104,0.16387016,3.299080788359777,0.14205396175384521
clean,clean,0,0.9708878,0.19770885,2.4972603793506547,0.11689513921737671
clean,clean,0,1.2334753,0.16791648,3.0729940168775944,0.10623544454574585
clean,clean,0,1.2295582,0.16920137,3.0843983990520947,0.11586405336856842
clean,clean,0,1.0699357,0.22353399,2.6126451989756445,0.12758007645606995
clean,clean,0,1.0873538,0.14836246,2.781704766541406,0.051276691257953644
clean,clean,0,1.0921592,0.12397736,2.721790985794605,0.14421086013317108
clean,clean,0,0.99588895,0.12442142,2.7106731792086105,0.13483457267284393
clean,clean,0,0.28736362,0.014778733,2.3091015426660664,0.18915905058383942
clean,clean,0,1.0154301,0.16001564,2.603872088310832,0.15942201018333435
clean,clean,0,0.95828277,0.18845469,2.1548489210987642,0.15838226675987244
clean,clean,0,1.1107955,0.16330898,2.808946887643015,0.09611665457487106
clean,clean,0,0.78149563,0.12123686,2.077483771498119,0.1376405507326126
clean,clean,0,1.1451799,0.15735716,2.977059870499727,0.06448492407798767
clean,clean,0,0.91110903,0.1494171,2.7199664399838976,0.18379926681518555
clean,clean,0,1.011017,0.16137534,2.6266734255158775,0.17030832171440125
clean,clean,0,1.2244791,0.1955542,2.9494011088163585,0.10170190036296844
clean,clean,0,1.0801612,0.16318375,2.785082825389957,0.09284893423318863
clean,clean,0,0.5307668,0.054574728,2.1314119282398356,0.16946935653686523
clean,clean,0,0.5345054,0.033953667,1.9650382922395933,0.1694401502609253
clean,clean,0,0.7834543,0.1012004,2.650298651415257,0.23317551612854004
clean,clean,0,0.59654,0.06996387,2.5002315120481877,0.16599056124687195
clean,clean,0,0.989907,0.20234483,2.2097621913249452,0.10911330580711365
clean,clean,0,0.61441284,0.06696975,1.77929914823517,0.11885149776935577
clean,clean,0,1.2689391,0.13281703,3.4321790380595427,0.08326040208339691
clean,clean,0,0.524402,0.019283414,3.500711873043232,0.18771713972091675
clean,clean,0,0.74122655,0.096255004,2.104082607349218,0.12657415866851807
clean,clean,0,1.1840578,0.11484367,2.9701193697888133,0.1262824833393097
clean,clean,0,0.66869944,0.07982904,2.1741024695619564,0.18429405987262726
clean,clean,0,0.4197104,0.017783344,2.081147501306341,0.1917322427034378
clean,clean,0,0.71878046,0.070163906,2.0688769510972116,0.09432140737771988
clean,clean,0,0.7804457,0.054626167,2.3588390772874517,0.16469192504882812
clean,clean,0,1.1011565,0.105983555,2.9023196239670064,0.09494425356388092
clean,clean,0,1.2402725,0.23984784,3.568608037281626,0.20191389322280884
clean,clean,0,0.98294383,0.13675433,2.884769151758288,0.19333818554878235
clean,clean,0,0.49557447,0.04679811,2.0007046530175483,0.11239960789680481
clean,clean,0,0.80565536,0.07352126,2.2724103841481553,0.1101372092962265
clean,clean,0,0.39647824,0.020033598,1.8925688726482954,0.17381912469863892
clean,clean,0,1.3975755,0.115330815,4.1811309561045595,0.19368195533752441
clean,clean,0,1.0270764,0.086535394,2.329046746610027,0.13828177750110626
clean,clean,0,0.15516528,0.0045592785,1.897881277680388,0.12272785604000092
clean,clean,0,0.417817,0.023846805,2.1152784009102046,0.18140149116516113
clean,clean,0,0.3208832,0.018506885,1.8132673296692965,0.17027509212493896
clean,clean,0,0.8490219,0.12280625,2.1718654777605355,0.15181362628936768
clean,clean,0,0.91594243,0.16552365,2.3461756477313562,0.13021762669086456
clean,clean,0,0.9982443,0.16371393,2.37637002225533,0.11497700214385986
clean,clean,0,0.5113777,0.03360659,1.7322101748648873,0.14290401339530945
clean,clean,0,1.0570304,0.24121654,2.817512965970624,0.1271258443593979
clean,clean,0,0.6644407,0.07682401,2.061837922117248,0.13516198098659515
clean,clean,0,0.7374333,0.08907646,2.1273492570373853,0.13699518144130707
clean,clean,0,0.9081886,0.17260194,2.150261203185153,0.13243547081947327
clean,clean,0,0.8581599,0.08194679,2.0461350095129296,0.1359958052635193
clean,clean,0,1.160077,0.2640273,2.6509135707853524,0.13002215325832367
clean,clean,0,0.58843553,0.060892463,1.6904456602177056,0.14805349707603455
clean,clean,0,1.2705344,0.2480092,3.6613745854608597,0.16131246089935303
clean,clean,0,0.7430829,0.09870517,2.2283521530088892,0.18289850652217865
clean,clean,0,0.9020774,0.12152034,2.5075203687326044,0.19694948196411133
clean,clean,0,1.2397819,0.14782816,3.3536599940821925,0.12369202077388763
clean,clean,0,0.67775786,0.04383242,2.5879791040964943,0.16286230087280273
clean,clean,0,1.1580217,0.123532355,3.544873642863684,0.08893918246030807
clean,clean,0,0.9564358,0.1132552,2.1036849888382205,0.08194166421890259
clean,clean,0,0.3591073,0.019239306,2.8386962506133933,0.21240758895874023
clean,clean,0,0.8690765,0.14139938,1.9868972011789476,0.12551848590373993
clean,clean,0,1.2491959,0.13233596,3.626416124627434,0.15155573189258575
clean,clean,0,1.252995,0.21992034,3.3028130826099455,0.12799018621444702
clean,clean,0,1.5087054,0.23588431,4.597097360574394,0.22582796216011047
clean,clean,0,0.43845618,0.0137678385,2.0161465819145583,0.1689150333404541
clean,clean,0,1.0029393,0.12562686,2.3671080045482866,0.12358751147985458
clean,clean,0,1.0986598,0.13502753,2.962873080821467,0.10134650021791458
clean,clean,0,1.1531364,0.15632123,2.970115886653038,0.07496043294668198
clean,clean,0,1.2763802,0.1560185,3.3351949366569746,0.12409339845180511
clean,clean,0,0.9417723,0.072313905,2.4849003181046774,0.15254560112953186
clean,clean,0,0.26332986,0.012416065,2.442734538903867,0.16853025555610657
clean,clean,0,0.53667665,0.0491392,2.184836029593935,0.11393912881612778
clean,clean,0,0.91809994,0.16940033,2.2223108393084607,0.11597205698490143
clean,clean,0,0.8727241,0.14776152,2.070412691083797,0.13839119672775269
clean,clean,0,0.51473236,0.049093127,1.9418146094703919,0.09260272979736328
clean,clean,0,0.4118245,0.032929182,1.5695284658849535,0.12535785138607025
clean,clean,0,0.54908395,0.058626533,1.6573949496035727,0.10620399564504623
clean,clean,0,0.6153755,0.06110525,1.5143210269661638,0.08507027477025986
clean,clean,0,0.5016591,0.02589053,2.525283798075932,0.22472941875457764
clean,clean,0,0.47843838,0.017481565,2.4309108193767717,0.22844341397285461
clean,clean,0,0.44416624,0.033990562,2.091192802168261,0.15123647451400757
clean,clean,0,0.5644601,0.0588001,2.720094311263146,0.1932709664106369
clean,clean,0,0.77916706,0.12360215,1.8562471110292929,0.09600763767957687
clean,clean,0,1.0230086,0.20766175,2.55533646462872,0.12473355978727341
clean,clean,0,0.9029789,0.1320731,2.177326955328773,0.09814157336950302
clean,clean,0,0.91721845,0.17302537,2.2226983352484595,0.08516595512628555
clean,clean,0,1.0411041,0.23368645,2.449477620306839,0.12182145565748215
clean,clean,0,0.8614718,0.15069163,1.9736131245490862,0.08397577702999115
clean,clean,0,0.8033127,0.12741786,1.8899709695527769,0.12828510999679565
clean,clean,0,0.8524784,0.12427354,1.9628303125773343,0.16460779309272766
clean,clean,0,0.5896916,0.06887996,1.9945334456639332,0.10821042954921722
clean,clean,0,0.4586246,0.03803855,1.9996729787748753,0.1642746478319168
clean,clean,0,0.45411006,0.024364293,2.1668116226489733,0.14254924654960632
clean,clean,0,0.34207153,0.017487288,1.8085495282151416,0.17650768160820007
clean,clean,0,0.5223755,0.02447015,2.2077807192962777,0.1536785215139389
clean,clean,0,0.6572659,0.062304854,2.4861317699398224,0.159645676612854
clean,clean,0,1.1671757,0.12361461,3.4237932639393107,0.10476643592119217
clean,clean,0,0.50000465,0.043620944,1.660449988564406,0.12007921189069748
clean,clean,0,1.0981773,0.10151148,2.741576923372579,0.17692165076732635
clean,clean,0,1.0716424,0.14711666,2.7520635523452204,0.04574527218937874
clean,clean,0,1.1868812,0.14814967,3.375172761530054,0.09561797231435776
clean,clean,0,1.1330969,0.13831514,3.274736065843361,0.10311546921730042
clean,clean,0,1.112056,0.15271604,2.8713968294501755,0.04852050542831421
clean,clean,0,1.2766505,0.14707989,3.990646555080421,0.13262932002544403
clean,clean,0,0.94145083,0.13789189,2.7571428164529537,0.12482386082410812
clean,clean,0,1.0631967,0.14198893,2.95612363885041,0.10998556017875671
clean,clean,0,1.0270475,0.14100087,2.918280464644545,0.13483457267284393
clean,clean,0,1.1825522,0.15510184,3.0849304317352253,0.12450384348630905
clean,clean,0,1.1740265,0.13699359,3.658908717433214,0.11622505635023117
clean,clean,0,0.8972365,0.11846328,2.663489858243667,0.1631627231836319
clean,clean,0,0.9325901,0.13758379,2.7196677321336935,0.13491283357143402
clean,clean,0,0.9943687,0.13637131,2.7314174952668173,0.11142465472221375
clean,clean,0,1.0669833,0.15507942,2.786970007764268,0.10599252581596375
clean,clean,0,1.0771496,0.15049714,2.8288177019006393,0.06454149633646011
clean,clean,0,0.8067792,0.1277749,2.7734666865784092,0.27817314863204956
clean,clean,0,0.94964224,0.14533436,2.6193569844755125,0.16257894039154053
clean,clean,0,1.2281679,0.14226669,3.4375502587731996,0.10967697203159332
clean,clean,0,0.98414236,0.13670528,2.8519128311110356,0.1286727488040924
clean,clean,0,1.105183,0.13499868,2.9469617187670294,0.09396419674158096
clean,clean,0,1.1492852,0.151196,2.971542830415126,0.10162268579006195
clean,clean,0,0.9731462,0.14170694,2.741076549237537,0.13315121829509735
clean,clean,0,1.0743815,0.14841855,2.8152053749696124,0.06433195620775223
clean,clean,0,1.445153,0.16846752,3.759107659728703,0.24953806400299072
clean,clean,0,0.7659175,0.107964754,1.9171578653894292,0.1399325281381607
clean,clean,0,0.36554447,0.021551073,2.193047572478686,0.17038309574127197
clean,clean,0,0.5903346,0.06616938,1.6835730868461154,0.10414017736911774
clean,clean,0,0.7402908,0.11096847,2.1780249462867003,0.1688586175441742
clean,clean,0,0.97695476,0.09919214,2.456796793447804,0.10332013666629791
clean,clean,0,0.31566578,0.019160092,1.6084540616725913,0.16581998765468597
clean,clean,0,1.005388,0.21190411,2.17741135129482,0.1451464742422104
clean,clean,0,0.7545423,0.11340958,2.28969369982886,0.14715911448001862
clean,clean,0,0.35040507,0.019910693,1.840817629773905,0.1926116645336151
clean,clean,0,0.87777245,0.15637285,2.053708596680079,0.17445425689220428
clean,clean,0,0.9595667,0.10295999,2.6150389948576307,0.0868302658200264
clean,clean,0,0.3067516,0.008280814,1.968928900726996,0.16299578547477722
clean,clean,0,0.42715484,0.031598568,1.8521778792639925,0.138186976313591
clean,clean,0,1.0958104,0.248757,2.7088250650082317,0.08512505143880844
clean,clean,0,0.26738384,0.013756812,2.118764848247144,0.1593974530696869
clean,clean,0,1.0055641,0.21301395,2.387756791627481,0.09974890202283859
clean,clean,0,0.91695565,0.13868082,2.294987237954657,0.10296020656824112
clean,clean,0,1.4523759,0.2956416,4.963902413332696,0.23976461589336395
clean,clean,0,0.69960237,0.08557975,2.1192332391173014,0.1565433144569397
clean,clean,0,0.70922893,0.083841085,2.0011771931341027,0.1348493993282318
clean,clean,0,1.132949,0.1102885,2.9827936499130376,0.1433439403772354
clean,clean,0,0.85778236,0.1521849,2.355510758442657,0.1688586175441742
clean,clean,0,0.89740163,0.10533047,2.65054381387601,0.09348747879266739
clean,clean,0,1.1039162,0.11147356,2.9813113831306866,0.16029180586338043
clean,clean,0,1.191991,0.12104893,3.7019048485999733,0.12488753348588943
clean,clean,0,0.9172139,0.17455083,2.310530047697296,0.15533190965652466
clean,clean,0,1.5778036,0.12186211,4.684374282328554,0.28979501128196716
clean,clean,0,0.74232996,0.06437975,2.0514517397777743,0.1328025758266449
clean,clean,0,0.8225633,0.06703079,2.348454154289297,0.13123972713947296
clean,clean,0,0.70898813,0.058284223,2.091461364975418,0.14612682163715363
clean,clean,0,0.4811859,0.041398346,2.709235772513283,0.18663910031318665
clean,clean,0,0.9776591,0.18949407,2.2870166120059543,0.12693320214748383
clean,clean,0,0.30298242,0.017652929,1.586748673233808,0.15519271790981293
clean,clean,0,1.0271556,0.22756416,2.4365477475140445,0.11523158848285675
clean,clean,0,0.99439925,0.15117913,2.6654586873919883,0.11100960522890091
clean,clean,0,1.1188838,0.27325565,2.8384278392526543,0.09436754882335663
clean,clean,0,0.501785,0.03157103,1.9200138567964693,0.15169408917427063
clean,clean,0,0.6099922,0.049279213,1.992728909616765,0.1377672553062439
clean,clean,0,0.7710219,0.045166552,2.593515198342811,0.22444579005241394
clean,clean,0,1.1570449,0.1934362,2.8172913743440104,0.18013277649879456
clean,clean,0,1.1396443,0.18647468,2.4860746982815596,0.10186591744422913
clean,clean,0,1.1576725,0.13638097,3.4942348613598293,0.10774736851453781
clean,clean,0,1.1733997,0.14028335,3.4635010523666123,0.1199137344956398
clean,clean,0,0.8257689,0.08118373,2.6274246080617445,0.18895962834358215
clean,clean,0,1.0274327,0.17363703,2.3051001664559294,0.10294315963983536
clean,clean,0,1.0102295,0.1896416,2.4578680787993035,0.10888851433992386
clean,clean,0,1.0987158,0.23751467,2.9102707773039063,0.11690744012594223
clean,clean,0,1.2250302,0.2764647,3.6363263232335603,0.13509313762187958
clean,clean,0,1.3738433,0.28151256,4.974808108214749,0.23466050624847412
clean,clean,0,1.1502466,0.15872061,2.822826893384603,0.16867871582508087
clean,clean,0,0.8468277,0.08359432,3.4348062878501238,0.21767635643482208
clean,clean,0,0.36583686,0.009440184,2.804883780034807,0.18611352145671844
clean,clean,0,0.5925418,0.068784535,2.1467039386815774,0.1255638599395752
clean,clean,0,0.6295639,0.0773797,2.2379155033365445,0.19522637128829956
clean,clean,0,0.44834653,0.038188994,1.579902503748494,0.12147960066795349
clean,clean,0,0.9566233,0.10546923,2.6649647841830775,0.103882797062397
clean,clean,0,0.4884509,0.03719324,2.384792728844423,0.1701870560646057
clean,clean,0,0.7918783,0.112660825,2.150841600589251,0.07361365109682083
clean,clean,0,0.820465,0.06824762,2.1003529682580995,0.1679917871952057
clean,clean,0,1.2626888,0.11223489,3.3349407647483806,0.17133109271526337
clean,clean,0,1.3613032,0.10759437,3.5133506720837886,0.15620264410972595
clean,clean,0,0.5828852,0.03767115,1.957753705101752,0.13250544667243958
clean,clean,0,0.5634077,0.039081454,2.187925030567243,0.16733266413211823
clean,clean,0,0.51200676,0.045996904,2.2535664085495095,0.19565734267234802
clean,clean,0,1.0740656,0.23637271,2.562280777381946,0.07010943442583084
clean,clean,0,0.76702714,0.06765139,2.0976537363956447,0.12445764988660812
clean,clean,0,0.81498367,0.109332144,2.3588358189919236,0.15425275266170502
clean,clean,0,0.5368344,0.056013227,2.0157159988722326,0.12787757813930511
clean,clean,0,0.66667527,0.07338309,2.1118621442963925,0.17865802347660065
clean,clean,0,0.74388117,0.10990703,2.190143908490123,0.09606219083070755
clean,clean,0,0.8070779,0.110118866,1.9993282090068842,0.06502144038677216
clean,clean,0,0.829939,0.1100989,1.9821748200966127,0.05493258684873581
clean,clean,0,0.9268385,0.1095044,1.9987960640859017,0.09637784212827682
clean,clean,0,0.6112525,0.061165333,1.9568554322641807,0.10054653137922287
clean,clean,0,0.7430152,0.055127144,2.175744494346012,0.14770297706127167
clean,clean,0,0.55290115,0.06011629,1.8714198448201176,0.13987958431243896
clean,clean,0,0.9056596,0.082859635,2.165372194427738,0.1420351266860962
clean,clean,0,0.86195326,0.12430757,2.08118167123226,0.07508822530508041
clean,clean,0,0.7946827,0.12684518,1.8244767348569095,0.1260819137096405
clean,clean,0,0.8783645,0.1519571,2.02895909913799,0.10557440668344498
clean,clean,0,0.5580491,0.06105596,1.849409339360298,0.10675279796123505
clean,clean,0,0.84914196,0.11408287,2.5624030764214134,0.15749883651733398
clean,clean,0,0.8660929,0.106423676,2.4199880776007077,0.13781794905662537
clean,clean,0,0.826703,0.097001195,2.4367946255638033,0.10957442224025726
clean,clean,0,0.86302954,0.10534489,2.673737830674562,0.13824878633022308
clean,clean,0,0.7536105,0.11342937,1.7741950813563714,0.14671094715595245
clean,clean,0,0.64308757,0.080758035,2.0195440800518676,0.19838201999664307
clean,clean,0,1.0545067,0.16753131,3.008745194832191,0.1822827011346817
clean,clean,0,1.2028462,0.1862793,3.905580249880331,0.1822827011346817
clean,clean,0,0.22238965,0.0094178915,1.941733496030547,0.1311994194984436
clean,clean,0,0.93074656,0.10664469,2.3371757896906686,0.12334142625331879
clean,clean,0,0.4370614,0.035733342,2.464046143842412,0.2087714970111847
clean,clean,0,0.7275625,0.053088963,2.880712174772242,0.2210211306810379
clean,clean,0,0.54179215,0.054633677,1.7053214684040081,0.12319675832986832
clean,clean,0,0.46412012,0.013472855,3.148108731866335,0.19532908499240875
clean,clean,0,0.5343669,0.055428505,1.6085224689676587,0.12067777663469315
clean,clean,0,1.0119731,0.059654832,3.597903179918469,0.2620925307273865
clean,clean,0,1.2584128,0.13101661,3.4562276048098814,0.083014115691185
clean,clean,0,0.86938643,0.15064478,2.2216522094674693,0.11876961588859558
clean,clean,0,0.42396867,0.03466499,2.1644316910532653,0.11361057311296463
clean,clean,0,1.6816869,0.23349977,5.205942366318398,0.1678851842880249
clean,clean,0,1.0622827,0.20185465,2.714241932974676,0.19721512496471405
clean,clean,0,1.1610978,0.1564135,2.7129712671807926,0.14299729466438293
clean,clean,0,1.2253925,0.13218838,3.4808749145457423,0.07214497029781342
clean,clean,0,1.1119312,0.13456112,3.176417811375297,0.12345263361930847
clean,clean,0,0.9469719,0.12189406,2.456141588704197,0.08193552494049072
clean,clean,0,0.69864595,0.09560162,2.0549234795099665,0.08098965883255005
clean,clean,0,0.8481305,0.096745074,2.0236552252132816,0.10499616712331772
clean,clean,0,0.85537547,0.11779249,2.569139556145841,0.13315121829509735
clean,clean,0,1.1015661,0.20065498,2.713701121480305,0.1404758244752884
clean,clean,0,0.9831164,0.16067415,2.6425333377637776,0.1809125393629074
clean,clean,0,1.5239239,0.25108707,5.923005728313346,0.4030083417892456
clean,clean,0,1.397598,0.18574744,3.6243269688765434,0.24705220758914948
clean,clean,0,0.48721722,0.04553902,1.981875792862763,0.14297541975975037
clean,clean,0,0.976524,0.12055653,2.3699691578586077,0.16084504127502441
clean,clean,0,1.152775,0.21090728,3.1827285222822015,0.16881205141544342
clean,clean,0,0.5849881,0.013388097,3.970320529702129,0.28811246156692505
clean,clean,0,1.4629918,0.22728956,4.46245790208481,0.15347731113433838
clean,clean,0,1.5654894,0.20353132,4.376963541718451,0.21709604561328888
clean,clean,0,0.7198535,0.08127266,1.5627088190608758,0.0739596039056778
clean,clean,0,1.7559147,0.2464354,6.433634624859809,0.5454339385032654
clean,clean,0,1.125909,0.23834616,3.0152400485149164,0.10342042148113251
clean,clean,0,0.75839716,0.09742969,2.001784995500371,0.15334124863147736
clean,clean,0,1.0866867,0.17892593,2.4370041656242667,0.11792165040969849
clean,clean,0,1.3407354,0.29284877,4.429232073496051,0.20191389322280884
clean,clean,0,1.2570788,0.20046288,3.2114017967545156,0.13212256133556366
clean,clean,0,1.401924,0.22050506,4.157703895819744,0.13482682406902313
clean,clean,0,1.3759753,0.30025166,4.0113544124444,0.15709100663661957
clean,clean,0,1.0242897,0.2190237,2.3405025143487195,0.08801509439945221
clean,clean,0,0.9632416,0.14330298,2.1248046839541685,0.15503816306591034
clean,clean,0,1.159155,0.19379282,2.8084572918476294,0.11135724931955338
clean,clean,0,1.7196788,0.23491216,5.5211885582881575,0.18323291838169098
clean,clean,0,1.3996787,0.20803219,3.7672141053156185,0.11567361652851105
clean,clean,0,0.95281404,0.19194233,2.119685498251057,0.11979003250598907
clean,clean,0,1.2829015,0.29466015,3.6746226695142106,0.13238029181957245
clean,clean,0,0.22169995,0.0094347,1.7722041362114418,0.1600252389907837
clean,clean,0,0.609251,0.06849748,1.6919015972791518,0.09391383081674576
clean,clean,0,1.2315677,0.23792857,3.3402021627326843,0.1507360339164734
clean,clean,0,0.5774403,0.05304271,1.8456165928944277,0.14625705778598785
clean,clean,0,0.9462303,0.14879948,2.0209489908341802,0.10541348159313202
clean,clean,0,0.42816803,0.023936033,2.9777847428491704,0.23994095623493195
clean,clean,0,1.4912373,0.24217826,4.768666511135564,0.34240537881851196
clean,clean,0,1.3164086,0.25200284,3.9710700799946927,0.2022111415863037
clean,clean,0,1.0211846,0.14369875,2.068310322732063,0.16729940474033356
clean,clean,0,0.56956273,0.05516249,1.6387006196665355,0.14632947742938995
clean,clean,0,0.8013313,0.08878374,2.2188642956404894,0.13512636721134186
clean,clean,0,0.671432,0.069797575,2.0820242110670355,0.10140522569417953
clean,clean,0,0.94846463,0.108515084,2.5557716078867223,0.11619383096694946
clean,clean,0,0.9411738,0.11186308,2.4942153142790326,0.1549450308084488
clean,clean,0,0.3124529,0.010245144,2.330978610219892,0.17790618538856506
clean,clean,0,0.79327404,0.10370326,1.9799953028983055,0.09356627613306046
clean,clean,0,0.78872347,0.12686592,1.8445365833141374,0.09364411979913712
clean,clean,0,1.2465639,0.12935078,3.3410955799096733,0.0635160505771637
clean,clean,0,1.1064212,0.19794202,2.6996124981877863,0.130323126912117
clean,clean,0,0.72030795,0.10115963,2.1777446368306617,0.14023566246032715
clean,clean,0,1.2323804,0.124919355,3.5500984926812533,0.16887959837913513
clean,clean,0,0.42044213,0.026619792,1.9379462485621584,0.161624938249588
clean,clean,0,1.1126759,0.17581528,2.423112039454724,0.1270715594291687
clean,clean,0,0.71235454,0.068195045,2.3404231083350133,0.16912029683589935
clean,clean,0,1.0808109,0.12107611,2.873969137647978,0.1647496521472931
clean,clean,0,1.0923587,0.2143904,2.8814133895195417,0.14199981093406677
clean,clean,0,1.0200224,0.14286381,2.5403075137446036,0.17209559679031372
clean,clean,0,0.63040316,0.06579447,2.9019219657464688,0.23756137490272522
clean,clean,0,1.052324,0.21216989,2.6195729576737024,0.11380581557750702
clean,clean,0,1.4063365,0.2081585,3.7188756907796923,0.10011149197816849
clean,clean,0,1.120355,0.13207477,2.920421715540692,0.1943272203207016
clean,clean,0,1.0400935,0.20326495,2.661020656157116,0.1166222095489502
clean,clean,0,0.8756352,0.14794129,2.2420966824900233,0.17404234409332275
clean,clean,0,0.8579922,0.14982682,2.0899644074558905,0.1207505390048027
clean,clean,0,0.9862188,0.20380306,2.3977395092161777,0.10212953388690948
clean,clean,0,1.4125781,0.19091958,3.4365615377804613,0.14627979695796967
clean,clean,0,1.3908824,0.17556185,3.343562213051663,0.19485925137996674
clean,clean,0,1.2008781,0.10545844,3.642953211026067,0.2839662730693817
clean,clean,0,0.665771,0.084852815,1.771520739115307,0.15946169197559357
clean,clean,0,1.1287347,0.16873705,2.480161447265792,0.10700256377458572
clean,clean,0,0.85289794,0.1262871,2.107250183464569,0.15371274948120117
clean,clean,0,1.0133169,0.20734888,2.532108987493096,0.11182717233896255
clean,clean,0,1.2119638,0.17545593,2.7023904916585773,0.11435830593109131
clean,clean,0,1.0701741,0.13580185,2.3803729078578555,0.12643972039222717
clean,clean,0,1.158173,0.27903825,2.806377058491719,0.11941159516572952
clean,clean,0,1.2636782,0.1836006,2.993520978928378,0.15894725918769836
clean,clean,0,0.7152769,0.09433955,1.86513685469303,0.11018286645412445
clean,clean,0,1.0325596,0.22894317,2.6429936485680905,0.11420933902263641
clean,clean,0,1.1349727,0.15641636,2.475625457170087,0.11839208006858826
clean,clean,0,0.94898075,0.17678797,2.34678513590009,0.1166222095489502
clean,clean,0,0.98357326,0.15780455,2.1774122988170763,0.12077482044696808
clean,clean,0,0.6088482,0.07248753,2.1781488712282138,0.2098579704761505
clean,clean,0,1.0260885,0.21662974,2.6014133504220225,0.12673340737819672
clean,clean,0,1.4519618,0.19212663,3.6439233497689667,0.17782863974571228
clean,clean,0,1.1829176,0.16204578,2.6199839685785666,0.11366849392652512
clean,clean,0,1.0119069,0.21981806,2.363228377432191,0.13119041919708252
clean,clean,0,1.1005131,0.1791889,2.489149493841064,0.11421141773462296
clean,clean,0,1.0158187,0.19898438,2.4926039481573983,0.0891508236527443
clean,clean,0,1.0210268,0.20082992,2.5793043198736396,0.1018557995557785
clean,clean,0,1.5448837,0.21313512,4.377135891807625,0.19110877811908722
clean,clean,0,1.0774573,0.118596435,2.845500576035867,0.16763296723365784
clean,clean,0,1.0145786,0.21390635,2.814214064108192,0.1365509331226349
clean,clean,0,0.7393911,0.1103577,2.0932849315729376,0.1793169230222702
clean,clean,0,0.81861687,0.1364932,1.9865175835538196,0.13987529277801514
clean,clean,0,1.0568649,0.22614616,2.4460572068860476,0.12758007645606995
clean,clean,0,1.4634391,0.20003432,3.7186251253758043,0.12615272402763367
clean,clean,0,1.3710257,0.15818095,3.402437178221821,0.19644977152347565
clean,clean,0,0.96544766,0.19717777,2.293131571365748,0.13158029317855835
clean,clean,0,1.0673964,0.16839099,2.3321606372919326,0.12844587862491608
clean,clean,0,0.9596483,0.1858182,2.507773858338335,0.13055109977722168
clean,clean,0,0.903774,0.16924608,2.29773466766488,0.14006659388542175
clean,clean,0,1.4197991,0.1875484,3.4409843646451304,0.1702233850955963
clean,clean,0,1.1623455,0.18205881,2.5525878614221167,0.10065960884094238
clean,clean,0,1.1523582,0.26917756,2.8147032221133186,0.1243373230099678
clean,clean,0,1.1099812,0.21496844,2.989021132290812,0.21303759515285492
clean,clean,0,1.0411389,0.22395372,2.5449510622233733,0.09420572966337204
clean,clean,0,1.0508751,0.22449535,2.6549853580166354,0.1075233593583107
clean,clean,0,1.5328968,0.20873028,4.164356531612162,0.18824510276317596
clean,clean,0,0.9348595,0.106755674,2.7072339545130464,0.22839371860027313
clean,clean,0,1.0668783,0.23065203,2.5585657867464193,0.08445681631565094
clean,clean,0,0.70382804,0.093310714,2.4998739526960927,0.21372012794017792
clean,clean,0,0.621228,0.07167989,1.9339666892387324,0.18845690786838531
clean,clean,0,0.9806766,0.19657773,2.257804077380325,0.13154883682727814
clean,clean,0,1.1948861,0.1848309,2.6460286641885737,0.11417583376169205
clean,clean,0,0.83710283,0.099309206,2.428728476259624,0.11505509912967682
clean,clean,0,0.7013429,0.08483243,2.3147500612534078,0.11757607012987137
clean,clean,0,0.6054529,0.06738961,1.877939037101469,0.1372697800397873
clean,clean,0,1.0075444,0.105556965,2.6935703956330177,0.11609914898872375
clean,clean,0,0.82509375,0.10958952,1.9126493920764307,0.0732608214020729
clean,clean,0,1.0940028,0.09447867,2.6651115499589038,0.12542469799518585
clean,clean,0,0.70375144,0.09643072,1.8414926298209588,0.07868798077106476
clean,clean,0,0.36670902,0.025608659,1.9635413870787546,0.16423483192920685
clean,clean,0,1.1606985,0.2629493,3.1723842554847956,0.09495994448661804
clean,clean,0,1.3700341,0.2710449,4.892984862203501,0.243438258767128
clean,clean,0,0.5633145,0.06255239,2.239405534878533,0.21976366639137268
clean,clean,0,0.64454275,0.08216393,2.342971853606328,0.1906021237373352
clean,clean,0,0.7848035,0.09174281,2.411849780031147,0.09274470061063766
clean,clean,0,0.553637,0.056297958,2.0744317171294253,0.08731488138437271
clean,clean,0,0.5553057,0.06078458,2.094523007606386,0.13444986939430237
clean,clean,0,0.35884956,0.02058965,2.058986269106464,0.16503505408763885
clean,clean,0,0.8062359,0.09195751,1.7494743310692296,0.08731555193662643
clean,clean,0,0.7626229,0.090445995,1.9014400462942391,0.08221622556447983
clean,clean,0,0.55735666,0.048353553,1.924333984266491,0.12419181317090988
clean,clean,0,1.5722643,0.12397015,4.674798020468635,0.32308799028396606
clean,clean,0,1.3500082,0.117622495,3.8627467090930443,0.18301725387573242
clean,clean,0,0.7233394,0.10312259,2.0801469644970227,0.09781649708747864
clean,clean,0,0.8341787,0.12095851,2.028167590353761,0.10206764191389084
clean,clean,0,0.7390581,0.10253519,2.0763180957288085,0.1195506900548935
clean,clean,0,0.6645026,0.086551785,1.9596379882038706,0.10872795432806015
clean,clean,0,0.74768406,0.10237193,2.0616301407801383,0.10980156064033508
clean,clean,0,0.67665917,0.07622707,2.383078389440843,0.16297146677970886
clean,clean,0,1.2603933,0.22089416,4.235015514522029,0.22112415730953217
clean,clean,0,1.0974859,0.23385823,2.7823590297558503,0.09457932412624359
clean,clean,0,0.67756283,0.058240473,2.393686217024421,0.18036462366580963
clean,clean,0,0.95155936,0.09730482,2.0445343689646194,0.09897255897521973
clean,clean,0,0.83361846,0.1293723,2.102588019693597,0.10502833127975464
clean,clean,0,1.177125,0.23157376,3.1664925811207696,0.2057420015335083
clean,clean,0,0.74543136,0.09777063,2.2779247196572245,0.18289850652217865
clean,clean,0,1.5669733,0.23114562,5.557050374907524,0.4579850137233734
clean,clean,0,1.2256056,0.18052685,4.07777526694865,0.20974098145961761
clean,clean,0,0.73879033,0.06799835,2.820331034139638,0.1892675757408142
clean,clean,0,0.87458456,0.1567719,2.1026575383854085,0.08186866343021393
clean,clean,0,0.5629955,0.060068727,1.6387815925299272,0.12840765714645386
clean,clean,0,1.1775964,0.1777665,2.6910984176536044,0.11342202126979828
clean,clean,0,1.1837298,0.25448108,3.2934590427338692,0.12198279798030853
clean,clean,0,0.17310041,0.0055368543,2.114474657004228,0.15315599739551544
clean,clean,0,0.46271518,0.031333566,1.7307541299888267,0.19494958221912384
clean,clean,0,1.5869569,0.22252303,4.581040312651291,0.1453714370727539
clean,clean,0,1.020695,0.17997658,2.208183112873401,0.1259075254201889
clean,clean,0,0.5613471,0.061725736,2.0467566957143792,0.12315796315670013
clean,clean,0,0.38706467,0.00957948,2.6687988029734515,0.17836247384548187
clean,clean,0,1.0268849,0.18894434,2.688077364705815,0.13608556985855103
clean,clean,0,0.49071997,0.0333817,1.7726058127836792,0.14321082830429077
clean,clean,0,0.7548278,0.08042735,1.6367649958529535,0.0907888188958168
clean,clean,0,1.635354,0.22469658,5.416499746260834,0.4418385326862335
clean,clean,0,1.3776501,0.21622753,3.9216992204222865,0.13751089572906494
clean,clean,0,1.0116416,0.120435655,2.6572695250549225,0.12478062510490417
clean,clean,0,1.0212537,0.16521913,2.275242378059697,0.151748925447464
clean,clean,0,1.3342917,0.19883114,3.2968767627507263,0.16159214079380035
clean,clean,0,1.8090451,0.23864895,6.46529828743759,0.5251795649528503
clean,clean,0,1.5696809,0.13836187,4.726640695162473,0.25168752670288086
clean,clean,0,0.92299885,0.119247675,2.1984320579471848,0.10256302356719971
clean,clean,0,1.5656568,0.153144,4.404009728710298,0.32523736357688904
clean,clean,0,0.64202404,0.06455481,2.097622300282295,0.1582614928483963
clean,clean,0,0.7721549,0.08729339,2.3664621177606784,0.159645676612854
clean,clean,0,0.8803171,0.10270679,2.4792746568763944,0.15644237399101257
clean,clean,0,1.1080112,0.14604354,2.6134454344015476,0.14005304872989655
clean,clean,0,0.6833762,0.06895906,2.1605111624771545,0.16330137848854065
clean,clean,0,1.0311942,0.070206165,2.891821030266614,0.2654353082180023
clean,clean,0,0.9155649,0.07019377,2.4775602665106535,0.2028830200433731
clean,clean,0,0.88928854,0.08652842,2.3028983116525645,0.11154703795909882
clean,clean,0,0.5042394,0.044984937,2.0506372029004774,0.19344618916511536
clean,clean,0,0.8158948,0.10384625,2.031268809861599,0.10689005255699158
clean,clean,0,0.40443107,0.02229309,1.915793715151234,0.15668165683746338
clean,clean,0,0.8184924,0.13685125,1.8638110166410198,0.10344140231609344
clean,clean,0,0.75304306,0.05601394,2.1657431429522256,0.16016405820846558
clean,clean,0,1.0803145,0.10733813,2.8580925605000704,0.08492354303598404
clean,clean,0,0.5396674,0.05715102,1.753603094884327,0.09570302069187164
clean,clean,0,0.33929121,0.022200584,1.8971746747355784,0.13140720129013062
clean,clean,0,0.9105476,0.109265625,2.8147601268619376,0.11349818855524063
clean,clean,0,0.9529991,0.11624539,2.34406279022663,0.08536316454410553
clean,clean,0,0.5963363,0.044004917,2.04263844180434,0.14391198754310608
clean,clean,0,1.1608088,0.13594913,3.033347680105871,0.1390398144721985
clean,clean,0,1.3218528,0.13334334,4.777147888030862,0.17060840129852295
clean,clean,0,0.9199961,0.09666103,2.391973577392302,0.07401657849550247
clean,clean,0,1.0366122,0.11915475,2.925126055968409,0.1299111247062683
clean,clean,0,1.2651054,0.11400354,3.484156427387928,0.2604345977306366
clean,clean,0,1.2745334,0.11265975,3.388244292966123,0.14804744720458984
clean,clean,0,0.3100823,0.016214669,2.0817084235480374,0.1754819005727768
clean,clean,0,1.2201254,0.12894809,3.1419959853444768,0.15869615972042084
clean,clean,0,0.8128336,0.124984086,1.948754589116825,0.11922797560691833
clean,clean,0,0.8711551,0.14227396,2.1523724536602677,0.08350607752799988
clean,clean,0,1.3588334,0.11915916,4.1622577604387585,0.20039969682693481
clean,clean,0,1.1193538,0.11804891,3.382001567974618,0.09816689789295197
clean,clean,0,1.2125456,0.115596294,3.494702900617697,0.111092709004879
clean,clean,0,1.013254,0.10340464,2.5365487005337477,0.13623732328414917
clean,clean,0,0.92032975,0.12366265,1.9637035770665032,0.18424172699451447
clean,clean,0,1.2137381,0.12067586,3.785374808011615,0.14157141745090485
clean,clean,0,1.0970567,0.118968844,3.4161645307317774,0.1370963305234909
clean,clean,0,1.1969225,0.12081671,3.0992501631766403,0.1160668209195137
clean,clean,0,0.6394922,0.07364339,2.3014058463747595,0.09403791278600693
clean,clean,0,0.66842735,0.07004571,1.5402054211142764,0.08108124881982803
clean,clean,0,0.78339905,0.1129632,1.9589270639170449,0.09426060318946838
clean,clean,0,0.47705477,0.02250433,1.8674079889357293,0.17834722995758057
clean,clean,0,0.33171022,0.014885306,1.903220226325066,0.12169963866472244
clean,clean,0,0.2811944,0.010181367,1.714719321759815,0.14583007991313934
clean,clean,0,1.2318758,0.13438529,3.286644713920043,0.12001366913318634
clean,clean,0,1.3216486,0.16285998,3.444958287544809,0.16453079879283905
clean,clean,0,0.71319675,0.07522637,1.8209031507532172,0.12400270253419876
clean,clean,0,1.2526728,0.19173563,2.813266404485931,0.11410463601350784
clean,clean,0,1.3959169,0.30818897,4.316465595524427,0.1714613437652588
clean,clean,0,0.78349745,0.07217735,1.8104459093225214,0.15573294460773468
clean,clean,0,0.9875188,0.15456182,1.9188096756121042,0.11071105301380157
clean,clean,0,1.1824169,0.22900414,3.5320791110624143,0.16509807109832764
clean,clean,0,0.684566,0.088795125,1.7594583053867683,0.13784490525722504
clean,clean,0,1.2876333,0.14372832,3.6453530950546287,0.11699125170707703
clean,clean,0,1.2575879,0.18260926,2.963308558359488,0.14496856927871704
clean,clean,0,0.6831095,0.088260055,2.1865567658708978,0.23781967163085938
clean,clean,0,1.0024974,0.16423684,2.4194175404172413,0.17413419485092163
clean,clean,0,0.54341984,0.03246385,2.353521128185434,0.1949082911014557
clean,clean,0,0.6979266,0.07270783,2.097446729645104,0.1281999945640564
clean,clean,0,1.2972679,0.23339355,3.971811000616056,0.22891253232955933
clean,clean,0,1.3870777,0.23214358,4.09319472667453,0.22408649325370789
clean,clean,0,1.3832833,0.28364038,4.0916915713796085,0.18367385864257812
clean,clean,0,1.4086612,0.23363304,4.146427556276264,0.17825111746788025
clean,clean,0,0.81191325,0.11224866,1.9700663760285964,0.06552891433238983
clean,clean,0,0.6584933,0.05965072,1.6951040068413696,0.10401052236557007
clean,clean,0,1.1547636,0.24615169,2.809783332038298,0.16242672502994537
clean,clean,0,1.0829513,0.14230943,3.1184912186686935,0.09823308140039444
clean,clean,0,0.7521562,0.11356479,1.743750144285742,0.10538069903850555
clean,clean,0,0.6935952,0.0636484,2.573396615184507,0.18056169152259827
clean,clean,0,1.1678708,0.2235375,3.150251723290236,0.15732045471668243
clean,clean,0,1.4593172,0.31298715,4.670699324140787,0.194875568151474
clean,clean,0,0.7207012,0.08749914,1.668457142880458,0.11980942636728287
clean,clean,0,0.97483706,0.10654777,2.6605102242302023,0.1493227183818817
clean,clean,0,0.24025066,0.010861516,2.1757406401823425,0.15745508670806885
clean,clean,0,0.33383968,0.019637525,1.702846933805474,0.15821844339370728
clean,clean,0,0.8378271,0.14428407,2.2883256191962373,0.140786811709404
clean,clean,0,0.43968156,0.03675604,2.252518472545455,0.1997176706790924
clean,clean,0,0.51409155,0.029553294,1.9153514530703692,0.1666080355644226
clean,clean,0,0.5927708,0.06962496,2.0614790680734965,0.17373621463775635
clean,clean,0,0.8734679,0.14615339,2.20515351137888,0.07948043197393417
clean,clean,0,0.89786637,0.045440912,3.1883422179749257,0.27577897906303406
clean,clean,0,0.75779456,0.07255739,2.0748040321815795,0.1371164470911026
clean,clean,0,0.75109303,0.09791112,2.83510985050026,0.22239898145198822
clean,clean,0,1.1883581,0.2319864,3.366910317405254,0.1974571943283081
clean,clean,0,0.36287865,0.013656676,2.4412340093710023,0.18671727180480957
clean,clean,0,0.8298248,0.11577928,1.9505329731148628,0.14861014485359192
clean,clean,0,0.5997847,0.024438262,2.6605723920146973,0.22436213493347168
clean,clean,0,0.5511333,0.030996561,2.2079297732431775,0.16286230087280273
clean,clean,0,1.0818591,0.22670746,2.7124401696414293,0.11182717233896255
clean,clean,0,1.0803553,0.07301706,3.0428083357658604,0.22685499489307404
clean,clean,0,0.98589456,0.07774931,2.5448071059531308,0.17523470520973206
clean,clean,0,1.294156,0.13135451,3.6087549075662846,0.08372004330158234
clean,clean,0,1.3290884,0.14043254,3.7121601510374833,0.1328122615814209
clean,clean,0,0.8658005,0.06338847,2.884751185969711,0.24993599951267242
clean,clean,0,1.311887,0.13120091,3.5602599449016457,0.2103828340768814
clean,clean,0,1.0687506,0.11672193,2.8611596710564227,0.17842544615268707
clean,clean,0,0.69198966,0.0396837,2.341938038311355,0.15814581513404846
clean,clean,0,1.5866799,0.13277507,4.476517491415608,0.25965461134910583
clean,clean,0,0.74740463,0.09126085,1.9077660414763051,0.10645020008087158
clean,clean,0,0.7595939,0.084625304,1.6691444144497096,0.06616668403148651
clean,clean,0,0.5058676,0.032856643,2.2022442240508364,0.16032351553440094
clean,clean,0,1.1250801,0.2727995,2.8286218044078177,0.105257548391819
clean,clean,0,0.7695515,0.11677772,2.455833748922558,0.18678531050682068
clean,clean,0,0.8587419,0.10592866,2.3839506545077858,0.11220602691173553
clean,clean,0,1.3278182,0.24625063,4.513369634269909,0.2066335380077362
clean,clean,0,0.9845664,0.115865886,3.096187854341965,0.11786223202943802
clean,clean,0,0.7307566,0.08616614,2.106513913339783,0.13628694415092468
clean,clean,0,0.48523617,0.043866754,2.2129363440483503,0.15673613548278809
clean,clean,0,0.75756186,0.09045154,1.8038083411679948,0.07579653710126877
clean,clean,0,0.7284926,0.06603873,2.3371788807849705,0.18430940806865692
clean,clean,0,0.6812288,0.07311827,2.0043649543236692,0.10221295058727264
clean,clean,0,0.97472453,0.084430814,2.2211598342784407,0.14809583127498627
clean,clean,0,0.8715905,0.09130955,1.8451801472518772,0.06469935178756714
clean,clean,0,0.6047844,0.04073322,2.230295083651332,0.13923422992229462
clean,clean,0,0.6860214,0.053342164,2.016240416150491,0.16247443854808807
clean,clean,0,0.5194693,0.045950174,2.362626351408394,0.13438250124454498
clean,clean,0,0.6711025,0.064441204,2.0365736192327613,0.10992180556058884
clean,clean,0,0.46375304,0.04105413,1.5950542151557023,0.12352053821086884
clean,clean,0,0.610128,0.06485462,1.5580720152896361,0.0896766260266304
clean,clean,0,0.61080194,0.06590307,1.6762136944218495,0.1225254088640213
clean,clean,0,0.69996566,0.08605939,1.8304086871767158,0.1225254088640213
clean,clean,0,0.17423011,0.0033919811,1.6612253725072486,0.17704898118972778
clean,clean,0,0.43076175,0.035968363,1.5334273079450993,0.13088618218898773
clean,clean,0,1.0350301,0.09744853,2.2714901979664135,0.11502805352210999
clean,clean,0,1.148717,0.13498878,3.2015663265520553,0.10200110077857971
clean,clean,0,1.1073534,0.11229968,3.0636965381521275,0.10817577689886093
clean,clean,0,0.4204649,0.030762732,2.363374119246609,0.21172133088111877
clean,clean,0,1.0115964,0.11139327,2.2944943661957495,0.1059526652097702
clean,clean,0,0.89278215,0.09409708,1.901295415978711,0.06475348025560379
clean,clean,0,1.3706492,0.09009671,3.66352480590679,0.21631798148155212
clean,clean,0,0.8200265,0.050004363,2.6806702985357327,0.20095102488994598
clean,clean,0,1.5044606,0.13687748,4.43820213346713,0.26603782176971436
clean,clean,0,1.2268583,0.191001,4.087406116146787,0.2112063467502594
clean,clean,0,1.1990904,0.21429294,3.7062132151059366,0.15846650302410126
clean,clean,0,1.1152755,0.22944605,2.9740665079601163,0.11690744012594223
clean,clean,0,1.0350022,0.14367676,2.6683625992380113,0.1393771916627884
clean,clean,0,0.8061526,0.11109495,1.8495604635408778,0.09393540769815445
clean,clean,0,0.8764257,0.15057856,2.0936589425216603,0.10286951065063477
clean,clean,0,0.8224867,0.03943181,3.3460901158802114,0.22431518137454987
clean,clean,0,0.33898363,0.022142768,2.284522843176164,0.16636106371879578
clean,clean,0,1.3683403,0.30297023,4.037503010185333,0.2183866947889328
clean,clean,0,1.025131,0.1477927,2.670582302613412,0.12135305255651474
clean,clean,0,0.39567703,0.030116796,1.728545571122723,0.15632538497447968
clean,clean,0,1.415304,0.29398507,4.382663515660257,0.2840595245361328
clean,clean,0,1.0136542,0.20221823,2.4233138663203233,0.10865326225757599
clean,clean,0,1.3158505,0.25002462,3.905772314434552,0.2059154361486435
clean,clean,0,1.4278812,0.31205332,4.697038149059608,0.2136230766773224
clean,clean,0,1.1671404,0.20302528,3.0302741846447043,0.15168458223342896
clean,clean,0,1.0859618,0.15684289,2.8382955403874544,0.10559868067502975
clean,clean,0,1.0935606,0.15050042,2.810091228667086,0.06433195620775223
clean,clean,0,0.7324148,0.09884924,1.88088239037909,0.09730396419763565
clean,clean,0,1.3615792,0.28209347,3.9227856285098452,0.15508322417736053
clean,clean,0,1.1245025,0.21535963,3.166267967213334,0.21029289066791534
clean,clean,0,1.5072296,0.22857624,4.418280769968491,0.17922720313072205
clean,clean,0,1.0995302,0.09120363,2.625471661620203,0.11596950888633728
clean,clean,0,1.1410496,0.15082657,2.7983999236489345,0.09290695190429688
clean,clean,0,0.95297766,0.17609632,2.311487151355652,0.10506034642457962
clean,clean,0,1.3845087,0.23191047,4.059685189586057,0.19726496934890747
clean,clean,0,1.2489929,0.22057432,3.36850959657736,0.1436968445777893
clean,clean,0,1.151314,0.18743908,2.6361421854833504,0.11538736522197723
clean,clean,0,1.3485036,0.23470658,4.098000584977845,0.1865602433681488
clean,clean,0,0.91831833,0.1767515,2.4423149179996675,0.09819988906383514
clean,clean,0,0.9700127,0.19963467,2.584421243823795,0.09543729573488235
clean,clean,0,1.0787631,0.23433852,2.746067013783663,0.12854450941085815
clean,clean,0,0.892022,0.16541052,2.3023116524470577,0.14730899035930634
clean,clean,0,1.0072163,0.21599656,2.287594733773313,0.12241286784410477
clean,clean,0,1.009717,0.1163162,2.700702068958751,0.1469731479883194
clean,clean,0,1.170354,0.1563465,2.8801830702347715,0.09886853396892548
clean,clean,0,1.2509136,0.20473886,3.2256274331123644,0.11615951359272003
clean,clean,0,0.8536063,0.11286503,2.175097779734205,0.12204420566558838
clean,clean,0,1.3164312,0.20089257,3.379032618597481,0.1567206233739853
clean,clean,0,1.1317421,0.18614674,3.825167738504793,0.26338082551956177
clean,clean,0,0.42422494,0.034600258,1.6490183774475502,0.13405662775039673
clean,clean,0,0.20194389,0.006854832,1.9803656868754318,0.17989382147789001
clean,clean,0,1.186957,0.2069292,3.792795971042802,0.22891253232955933
clean,clean,0,0.87126666,0.15246302,2.3419622094479493,0.1308945119380951
clean,clean,0,1.0825493,0.14734203,2.6294682081871628,0.11415152251720428
clean,clean,0,0.94038934,0.14613438,2.3847398998569465,0.11170166730880737
clean,clean,0,0.80652386,0.117325306,2.4285116988106625,0.12932750582695007
clean,clean,0,1.2214853,0.26491183,3.3783317090123344,0.22532732784748077
clean,clean,0,0.9696539,0.107426286,2.20203361039124,0.1012299433350563
clean,clean,0,0.6749289,0.05530858,1.8976720228560187,0.12442322075366974
clean,clean,0,0.8101111,0.084718466,1.8818452442750686,0.1114775538444519
clean,clean,0,0.63127315,0.020885706,2.4859110915998515,0.23946736752986908
clean,clean,0,1.1845853,0.1125831,3.301242023435515,0.11300691217184067
clean,clean,0,0.83387816,0.14278042,1.9003413300471619,0.11225391924381256
clean,clean,0,0.93353194,0.106687665,2.0696055904217214,0.0989849865436554
clean,clean,0,1.092878,0.101884425,2.458572457477902,0.12854617834091187
clean,clean,0,1.0791634,0.24411035,2.3846493423374233,0.12112265825271606
clean,clean,0,1.0106463,0.20822364,2.382598511722669,0.11519470810890198
clean,clean,0,1.0712055,0.25058037,2.8542178835058265,0.139496311545372
clean,clean,0,1.28964,0.21788323,3.372915249905729,0.15887805819511414
clean,clean,0,0.821796,0.103078246,2.402222347874559,0.18991981446743011
clean,clean,0,0.36676085,0.024274528,2.2292346113872177,0.14491473138332367
clean,clean,0,1.0368395,0.13452089,2.592496086574826,0.1201305240392685
clean,clean,0,1.0565572,0.13667929,2.74852297560178,0.12038297951221466
clean,clean,0,0.9951607,0.1394617,2.48995809837127,0.12394574284553528
clean,clean,0,0.69323677,0.073103964,1.5678571821260006,0.10205471515655518
clean,clean,0,0.61183006,0.053121388,2.7626375457862182,0.2671912908554077
clean,clean,0,0.84955597,0.08082551,2.5169884755270107,0.18489457666873932
clean,clean,0,1.0390967,0.21171933,2.638476485520322,0.12415114790201187
clean,clean,0,0.5270579,0.046615005,3.06345091487438,0.21000900864601135
clean,clean,0,1.1672566,0.10049486,3.0615466586399385,0.20726028084754944
clean,clean,0,0.70602995,0.08253837,2.217365065423103,0.0984860509634018
clean,clean,0,0.4831543,0.045482934,2.043004588284318,0.13667801022529602
clean,clean,0,1.1110389,0.13818693,4.038869193172587,0.1350143998861313
clean,clean,0,1.3233713,0.13516635,5.024494034164453,0.19471187889575958
clean,clean,0,0.9795669,0.12028068,3.041289197972193,0.13415074348449707
clean,clean,0,0.897641,0.098103106,2.359167422443383,0.10394276678562164
clean,clean,0,0.79322493,0.093335986,2.4411740167399865,0.1073954626917839
clean,clean,0,0.79024357,0.092763186,2.2988740279731443,0.11695598810911179
clean,clean,0,1.1088507,0.106177986,2.5742384834138967,0.12579455971717834
clean,clean,0,0.39399207,0.029168665,1.9363519465911514,0.16593815386295319
clean,clean,0,0.69167787,0.08310163,2.3494016614682693,0.11368540674448013
clean,clean,0,0.90439415,0.09812498,2.2310124479099205,0.122887022793293
clean,clean,0,1.061408,0.12076539,3.4105365119502014,0.11584922671318054
clean,clean,0,0.94057304,0.124293864,2.916977114038395,0.16944874823093414
clean,clean,0,1.2966931,0.22301072,3.4675181568541382,0.17976915836334229
clean,clean,0,1.4824941,0.21134889,4.0721230138377935,0.17425605654716492
clean,clean,0,1.009481,0.12927985,3.3957413280217907,0.1371869146823883
clean,clean,0,1.4073211,0.122357845,4.400527333290655,0.2608581483364105
clean,clean,0,0.5590373,0.053151548,1.7163965413295281,0.1301339864730835
clean,clean,0,1.0044775,0.17417157,2.4058993281788483,0.1179807260632515
clean,clean,0,0.9618232,0.17448235,2.3451739242320686,0.11349329352378845
clean,clean,0,1.3796879,0.19498831,3.596409707987977,0.13482682406902313
clean,clean,0,1.0842106,0.19561577,2.984882074588055,0.14713113009929657
clean,clean,0,1.2654021,0.28311944,3.2482949418935942,0.19556203484535217
clean,clean,0,1.3019494,0.2860129,3.512516871884345,0.16488687694072723
clean,clean,0,1.2014008,0.22157562,3.1282384291903846,0.15233585238456726
clean,clean,0,1.2310946,0.22326505,3.289734509424762,0.14365339279174805
clean,clean,0,1.1251546,0.23169076,2.8290785407058503,0.1452426165342331
clean,clean,0,1.4386351,0.15250021,3.9468404589442505,0.23302678763866425
clean,clean,0,1.0479282,0.21570158,2.684904074105105,0.08584035187959671
clean,clean,0,1.1407818,0.1252194,3.2958918286461185,0.11622505635023117
clean,clean,0,1.044805,0.21534252,2.631970115578631,0.1361774355173111
clean,clean,0,1.089857,0.13109308,2.910005981617867,0.10228059440851212
clean,clean,0,1.022164,0.2099241,2.495517266568274,0.12627822160720825
clean,clean,0,1.3444041,0.14983368,3.526476179189895,0.16287821531295776
clean,clean,0,1.6095898,0.24355054,5.343131956232693,0.17963753640651703
clean,clean,0,1.2859039,0.17779958,3.2765719083974996,0.13456478714942932
clean,clean,0,1.6868473,0.24845117,5.845499501754144,0.21256045997142792
clean,clean,0,1.8142605,0.23342294,5.819097590680773,0.29869797825813293
clean,clean,0,0.8361201,0.1264348,2.366585211314896,0.12772922217845917
clean,clean,0,1.7131413,0.21894342,5.049541439570614,0.24821406602859497
clean,clean,0,0.4430814,0.037700772,2.482631093161993,0.17842170596122742
clean,clean,0,1.7060238,0.19105947,4.627523057822403,0.3145520091056824
clean,clean,0,0.7528262,0.111548364,2.2579217751388643,0.16861779987812042
clean,clean,0,1.0457032,0.19775522,2.4803429112806463,0.11282095313072205
clean,clean,0,1.2330059,0.20559883,3.131607077264167,0.11538736522197723
clean,clean,0,1.1921564,0.20756298,3.203761838400687,0.12374735623598099
clean,clean,0,1.1369787,0.19256842,2.8502159180442517,0.14091917872428894
clean,clean,0,1.0679001,0.17346877,2.554042554097443,0.1485467553138733
clean,clean,0,0.410031,0.032684863,2.1444624773886467,0.12356173992156982
clean,clean,0,1.3087102,0.18546212,3.2747118844371523,0.1336575597524643
clean,clean,0,0.9918011,0.16287923,2.221980212905962,0.11871884763240814
clean,clean,0,1.3827311,0.18685555,3.5649720709216948,0.14974337816238403
clean,clean,0,1.3513272,0.27497584,4.616293811477678,0.21895945072174072
clean,clean,0,1.4338479,0.1867783,3.70419606063368,0.18031646311283112
clean,clean,0,1.1964812,0.2215997,3.574863144098425,0.1918577402830124
clean,clean,0,0.9920428,0.16872436,2.646701942257563,0.14491163194179535
clean,clean,0,1.1435305,0.13835901,2.879951031310991,0.13250713050365448
clean,clean,0,1.148603,0.17711622,3.5816993449241306,0.18158487975597382
clean,clean,0,0.6896454,0.090164006,1.7106344875739803,0.09781649708747864
clean,clean,0,1.2202215,0.100254774,3.048320565509898,0.1268201619386673
clean,clean,0,1.2853113,0.1180982,3.877417488561498,0.12030767649412155
clean,clean,0,0.76400924,0.08770126,2.6507034901556974,0.225716695189476
clean,clean,0,1.2370905,0.2726661,3.181924830428676,0.1270490139722824
clean,clean,0,1.1233553,0.22222179,2.8928904427789135,0.12526021897792816
clean,clean,0,1.2187802,0.14447492,3.4178355599024153,0.11104696244001389
clean,clean,0,1.0829439,0.13388509,2.7466895734332515,0.10656153410673141
clean,clean,0,1.0037372,0.11587298,2.7622340789112796,0.1469828486442566
clean,clean,0,1.0664829,0.1291554,3.0773608999306132,0.14157086610794067
clean,clean,0,1.186291,0.1131295,3.3742507619804067,0.111199289560318
clean,clean,0,0.9163269,0.08847904,2.2652336845779706,0.1359958052635193
clean,clean,0,1.1711761,0.26503438,2.762713208254056,0.10946609079837799
clean,clean,0,1.0809575,0.24246448,2.411779069412669,0.13187046349048615
clean,clean,0,0.984739,0.20515805,2.2024936146118588,0.12770602107048035
clean,clean,0,1.0873665,0.12983006,2.6710062751019614,0.13819122314453125
clean,clean,0,1.0498681,0.12232363,2.6867240609166703,0.14339956641197205
clean,clean,0,1.0709835,0.14651173,2.3675528702685513,0.12968875467777252
clean,clean,0,1.0592945,0.1926285,2.431998114967125,0.10888851433992386
clean,clean,0,1.2694895,0.26934373,3.742299731068942,0.1726965606212616
clean,clean,0,0.652135,0.058565497,1.8455357809163255,0.12112091481685638
clean,clean,0,0.62194794,0.06186986,2.0142839869115603,0.16912029683589935
clean,clean,0,1.2916988,0.16808093,2.976137953999538,0.15828904509544373
clean,clean,0,0.8003633,0.093447804,1.785473535256591,0.09937138110399246
clean,clean,0,0.39432085,0.024598598,1.839957445739907,0.15244929492473602
clean,clean,0,0.8075397,0.091062844,1.7795874824825333,0.07885399460792542
clean,clean,0,1.656876,0.2781403,5.943263877038731,0.472642719745636
clean,clean,0,0.4481594,0.038760126,1.8096148348194214,0.126592218875885
clean,clean,0,1.17407,0.25726533,3.272752924211026,0.09457315504550934
clean,clean,0,1.8085018,0.3518234,8.942630607550486,0.499778151512146
clean,clean,0,0.7502811,0.11356044,1.7108761110549993,0.1399279236793518
clean,clean,0,0.8317445,0.13698667,2.13964925552212,0.19559408724308014
clean,clean,0,0.496908,0.026636183,2.5379334393581803,0.16095788776874542
clean,clean,0,0.6204719,0.06445795,1.5791394114598645,0.12395736575126648
clean,clean,0,0.43221924,0.036186516,1.6702690894118999,0.19023476541042328
clean,clean,0,1.0551947,0.14748275,2.9811279709520457,0.1905279904603958
clean,clean,0,0.74777836,0.11112881,1.7424244219902647,0.1278834044933319
clean,clean,0,1.2892144,0.1028803,3.522677527450979,0.2479863166809082
clean,clean,0,0.5390873,0.05282408,1.7613624216801043,0.12754562497138977
clean,clean,0,0.8857523,0.12307334,2.3112457407521267,0.13772912323474884
clean,clean,0,0.86899465,0.098178685,2.0850365293682476,0.13376882672309875
clean,clean,0,1.4717646,0.14393944,4.315041883627636,0.18876725435256958
clean,clean,0,0.9496811,0.07121694,2.5472395044212126,0.15925189852714539
clean,clean,0,0.68515664,0.05245304,2.016282808500128,0.14716145396232605
clean,clean,0,1.179052,0.13232386,4.145433874034399,0.1020796075463295
clean,clean,0,1.4336648,0.14242035,5.600410976678968,0.24727433919906616
clean,clean,0,1.0333245,0.09384024,2.5680963248188027,0.10767411440610886
clean,clean,0,0.48557997,0.04562092,1.965834532109631,0.1173870861530304
clean,clean,0,0.9694662,0.10612345,2.6541266308875473,0.10559794306755066
clean,clean,0,1.069721,0.122339666,3.3209608543257083,0.12348379194736481
clean,clean,0,0.5243537,0.052881718,1.8714715175237313,0.1478699892759323
clean,clean,0,0.6399769,0.059894383,1.9773641711584513,0.15646150708198547
clean,clean,0,1.0749465,0.105763376,2.823071367669426,0.09359994530677795
clean,clean,0,1.1829345,0.111139655,3.096198118366878,0.14548452198505402
clean,clean,0,1.0891733,0.13508523,2.795965483419133,0.11144232004880905
clean,clean,0,1.0338383,0.13178223,3.053071396012234,0.16572017967700958
clean,clean,0,1.0414804,0.14679772,2.912094736103459,0.17739146947860718
clean,clean,0,0.84193826,0.09094483,2.651603175132376,0.21496331691741943
clean,clean,0,1.1320581,0.10964459,3.33091747666099,0.2135782390832901
clean,clean,0,0.50009084,0.042880774,1.6529021145366662,0.13975943624973297
clean,clean,0,1.7888671,0.11993921,5.293490206416439,0.5052423477172852
clean,clean,0,0.8223476,0.05982369,2.4301221215041524,0.17218117415905
clean,clean,0,0.90149534,0.12776351,2.443746113904859,0.1253584325313568
clean,clean,0,0.908375,0.11642969,2.3129162242990446,0.09092530608177185
clean,clean,0,0.2921799,0.0060474277,1.7246191318505024,0.15668165683746338
clean,clean,0,0.68928033,0.0665102,2.7970819385946624,0.20108838379383087
clean,clean,0,0.45115247,0.03935647,1.6847007159574334,0.12439125031232834
clean,clean,0,0.6182545,0.06302458,1.6410932310511426,0.10992180556058884
clean,clean,0,0.62447506,0.07484335,1.8193039731336644,0.08869655430316925
clean,clean,0,0.6328003,0.0797379,1.7528758374345546,0.0993155688047409
clean,clean,0,0.5227563,0.04741031,2.0445651207614928,0.09609770774841309
clean,clean,0,0.58577347,0.057497263,2.0236428986996677,0.1044262945652008
clean,clean,0,1.0208311,0.20307535,2.422283702064482,0.14216987788677216
clean,clean,0,0.52070874,0.05319822,2.0816763966498253,0.13998429477214813
clean,clean,0,0.5593838,0.061756015,1.749935771274421,0.122287318110466
clean,clean,0,0.87118745,0.15714073,2.173098449864122,0.11898507922887802
clean,clean,0,1.2611781,0.28238994,3.413051887781028,0.13976438343524933
clean,clean,0,1.1706266,0.29361725,3.1728415846342712,0.0931195542216301
clean,clean,0,0.4387498,0.034133077,1.603891855387873,0.13696473836898804
clean,clean,0,0.74449956,0.08391696,2.171552975067272,0.11516351252794266
clean,clean,0,0.7489025,0.09025788,1.6375861973256587,0.0739596039056778
clean,clean,0,0.15590042,0.0045673847,2.0143938038904667,0.12757733464241028
clean,clean,0,0.91843635,0.098242104,1.9494951765170583,0.0795716643333435
clean,clean,0,0.61877656,0.07322055,1.6950877947604235,0.09126536548137665
clean,clean,0,0.9705732,0.099452555,2.0971722673832236,0.09515991806983948
clean,clean,0,0.83957046,0.094851255,2.0788913537538094,0.08934507519006729
clean,clean,0,0.7808699,0.10830063,2.0934539326868475,0.10594525188207626
clean,clean,0,0.5556162,0.056577206,2.1033140930913388,0.09998305886983871
clean,clean,0,0.8051742,0.088799715,2.0618926653518184,0.06541667878627777
clean,clean,0,0.69612974,0.09526795,1.7365342025581654,0.11319394409656525
clean,clean,0,0.71383536,0.07685369,2.1816918526608333,0.0980454534292221
clean,clean,0,0.8397075,0.09910679,1.8641177972391683,0.08807689696550369
clean,clean,0,0.7648812,0.1168803,2.062897341050576,0.11902105808258057
clean,clean,0,1.4884981,0.26422185,4.946432074858187,0.31550103425979614
clean,clean,0,1.3187994,0.29373443,4.356782025996178,0.18530923128128052
clean,clean,0,0.90492284,0.09789169,2.4687473337568284,0.0977199375629425
clean,clean,0,0.8244346,0.090075076,2.294838516708163,0.09348747879266739
clean,clean,0,0.81262374,0.08939791,1.5871608936782902,0.10010392218828201
clean,clean,0,0.48634312,0.030927837,2.8799480976965257,0.1997067928314209
clean,clean,0,0.8713753,0.09127188,1.978993612292709,0.11154664307832718
clean,clean,0,0.93853563,0.103842676,2.192191297535888,0.0956057533621788
clean,clean,0,0.84455156,0.087789,2.256967163079286,0.0800551101565361
clean,clean,0,0.99465895,0.10091871,2.2019277890300817,0.10897259414196014
clean,clean,0,1.0292107,0.11984795,2.6341431447202135,0.11068077385425568
clean,clean,0,0.8310451,0.089431584,2.0200573385566054,0.060329195111989975
clean,clean,0,0.94895875,0.09818977,2.485197992654311,0.08867792040109634
clean,clean,0,1.0715287,0.11930078,3.1128964502290337,0.18665443360805511
clean,clean,0,0.9502454,0.08491558,2.4851066019162693,0.135342076420784
clean,clean,0,1.0798199,0.10227096,2.5140095641845908,0.12810242176055908
clean,clean,0,1.1582384,0.13828772,3.061433730066581,0.12988059222698212
clean,clean,0,1.0602573,0.17992729,3.1083785868227025,0.16191840171813965
clean,clean,0,1.1304703,0.2508204,2.9331005844739626,0.08835011720657349
clean,clean,0,0.75819236,0.07632959,2.2144798307378037,0.1101372092962265
clean,clean,0,1.0034213,0.09671253,2.5707228661913097,0.12052381783723831
clean,clean,0,0.6931077,0.07843703,1.5280207218861275,0.10610174387693405
clean,clean,0,0.5181956,0.051762998,2.025256671552265,0.1593731790781021
clean,clean,0,0.6983045,0.07839608,1.735541923238367,0.08567394316196442
clean,clean,0,0.6735157,0.08028644,1.660890128225014,0.10346560925245285
clean,clean,0,1.1138666,0.10289669,2.403587336115885,0.1127525120973587
clean,clean,0,0.9344242,0.10460526,2.0653102996677726,0.12361469864845276
clean,clean,0,0.77575296,0.09417337,1.6788110106948182,0.09392773360013962
clean,clean,0,0.5189998,0.052646518,2.006836870395926,0.11642628908157349
clean,clean,0,0.78909445,0.08979362,2.285595990952484,0.09828068315982819
clean,clean,0,0.40747628,0.027519464,1.5458374607499297,0.17069344222545624
clean,clean,0,0.80707026,0.086182535,1.6572539663142836,0.10465098172426224
clean,clean,0,1.1719266,0.12955022,3.259180120166602,0.09637770801782608
clean,clean,0,0.9214076,0.1579988,2.2540271065646373,0.12267589569091797
clean,clean,0,1.2756788,0.2881407,3.6956647393942457,0.13671375811100006
clean,clean,0,1.2445551,0.31163567,3.9074899358202773,0.1220766231417656
clean,clean,0,0.87203145,0.09162027,2.2879674792509737,0.09540218859910965
clean,clean,0,0.7318793,0.088045955,2.4374497217272455,0.10869328677654266
clean,clean,0,0.6958708,0.08031684,2.1831436509927613,0.11051643639802933
clean,clean,0,0.4822582,0.034603238,2.4194671381809454,0.1701623499393463
clean,clean,0,0.27548394,0.0070036054,1.7922041868156515,0.1473926454782486
clean,clean,0,0.46237293,0.041320205,1.9565028625319039,0.11029721051454544
clean,clean,0,0.5703767,0.054793894,1.7228423259092243,0.13508832454681396
clean,clean,0,0.55712813,0.05730021,1.9330838811503166,0.10826176404953003
clean,clean,0,0.5363783,0.05662006,2.1676712835267624,0.14218299090862274
clean,clean,0,0.99061704,0.113046765,2.886753825987815,0.10878375172615051
clean,clean,0,0.8853785,0.14510566,2.0911318826043592,0.143564835190773
clean,clean,0,0.3775162,0.027501225,1.6421136407347767,0.11192437261343002
clean,clean,0,0.6133006,0.07423991,2.6193171170063057,0.13812150061130524
clean,clean,0,0.6142222,0.060661793,1.8280953461134049,0.1429750621318817
clean,clean,0,1.0574932,0.22618783,2.3738675409430567,0.11688030511140823
clean,clean,0,1.2047851,0.30781132,3.24898597322591,0.18020103871822357
clean,clean,0,1.0000702,0.11366212,2.771300760347097,0.09790641814470291
clean,clean,0,1.1612692,0.13327688,3.821524800929481,0.1037534549832344
clean,clean,0,1.0501446,0.101459146,2.2704336030999994,0.15312163531780243
clean,clean,0,0.84890646,0.060462892,2.4287640260798473,0.17523470520973206
clean,clean,0,0.96675646,0.100159764,2.4150010652208866,0.13865859806537628
clean,clean,0,1.3699229,0.13650882,4.097518848362213,0.12982113659381866
clean,clean,0,1.1937827,0.10640532,3.0328809073505023,0.14645344018936157
clean,clean,0,1.1078697,0.10408574,2.695965776402754,0.11596950888633728
clean,clean,0,1.1560572,0.12047911,2.8624836965856066,0.10331486910581589
clean,clean,0,0.79847705,0.095660806,1.7663751613697172,0.10484573245048523
clean,clean,0,0.9579111,0.10544455,2.6655040554092904,0.08323155343532562
clean,clean,0,0.6489402,0.065210044,1.5845228681693055,0.10054857283830643
clean,clean,0,1.0207124,0.09087306,2.33909335356101,0.11365225911140442
clean,clean,0,0.9938878,0.10705596,2.338127582475806,0.11285127699375153
clean,clean,0,1.033615,0.1283204,2.6112498195801606,0.10265232622623444
clean,clean,0,0.7082968,0.09343547,1.9682475717822216,0.15752725303173065
clean,clean,0,1.0944041,0.24781007,2.733860616234845,0.08666599541902542
clean,clean,0,1.008522,0.09724438,2.664385878727746,0.09847364574670792
clean,clean,0,1.0912389,0.114165604,3.1847181697409916,0.12248993664979935
clean,clean,0,0.4437235,0.029707968,1.9195933648864927,0.16030454635620117
clean,clean,0,0.5692185,0.059090793,2.163084303987556,0.13438250124454498
clean,clean,0,0.7240004,0.07957202,1.9208145956664766,0.10686846822500229
clean,clean,0,0.7199178,0.07249683,1.6814967131389957,0.08496320992708206
clean,clean,0,0.8253203,0.0775004,2.2504345415046294,0.09450718760490417
clean,clean,0,1.0671767,0.10403931,2.5700807724233066,0.1222437396645546
clean,clean,0,0.9168633,0.11357707,2.1139926161299085,0.08854357153177261
clean,clean,0,0.57059824,0.06046337,2.2264579091307737,0.1044262945652008
clean,clean,0,1.0430187,0.110459864,2.9170338642602607,0.12129078805446625
clean,clean,0,0.24441504,0.010472596,1.8128575211198736,0.14628495275974274
clean,clean,0,0.69132924,0.06617236,1.7004252356671905,0.0907888188958168
clean,clean,0,0.8560378,0.09461588,1.8719982376364461,0.08134156465530396
clean,clean,0,0.92463577,0.16735375,2.2389269523133555,0.1012328490614891
clean,clean,0,1.1279914,0.19983727,3.299020670487174,0.22458961606025696
clean,clean,0,1.2428015,0.28015995,3.152790816485073,0.1168324202299118
clean,clean,0,1.0022448,0.10266203,2.6551706123698815,0.11869824677705765
clean,clean,0,1.03476,0.11190486,2.9782634440351172,0.11988470703363419
clean,clean,0,1.1473805,0.12565082,2.873391566547169,0.09051966667175293
clean,clean,0,0.7599411,0.07620084,2.1448018819659493,0.09432140737771988
clean,clean,0,0.748265,0.08863264,1.7819963237776482,0.06715786457061768
clean,clean,0,0.74564034,0.079594254,1.7776217564287689,0.09019313752651215
clean,clean,0,1.2755721,0.11141533,3.0898544467108495,0.16870543360710144
clean,clean,0,1.1667948,0.116955996,2.9512950064440746,0.14470534026622772
clean,clean,0,1.1785271,0.13475996,3.273367614935044,0.09502799808979034
clean,clean,0,0.7523343,0.09285647,1.7308407553838951,0.07424948364496231
clean,clean,0,0.9360242,0.09834367,2.5195374023265584,0.11609914898872375
clean,clean,0,0.5522388,0.059990346,1.8319884133175348,0.19411760568618774
clean,clean,0,0.8705107,0.08229065,1.9340805316429608,0.0964670181274414
clean,clean,0,0.707305,0.077922344,1.6153028436703523,0.06585350632667542
clean,clean,0,0.8472502,0.14799398,2.0322498051602413,0.08397577702999115
clean,clean,0,0.78452915,0.121380806,1.9115624900606947,0.11204535514116287
clean,clean,0,1.2018746,0.28301054,3.253946728632128,0.14412902295589447
clean,clean,0,0.8427614,0.07235485,2.2949026559663297,0.11771482229232788
clean,clean,0,1.1472218,0.10903871,3.115643748225822,0.1061585322022438
clean,clean,0,0.50836265,0.040590227,1.8576958845953966,0.15512853860855103
clean,clean,0,0.48565015,0.04207945,1.657270894228269,0.13696473836898804
clean,clean,0,0.76747495,0.08181691,2.2337459470700503,0.08119779825210571
clean,clean,0,0.5336528,0.054579437,1.7008725710211332,0.13763418793678284
clean,clean,0,1.3117,0.11801463,3.341394122831569,0.16333632171154022
clean,clean,0,0.9241325,0.09644538,2.0067351612383986,0.07214927673339844
clean,clean,0,0.90199447,0.1215691,2.303819367142106,0.07530353963375092
clean,clean,0,0.6584012,0.07404339,1.6184410568718466,0.08110460638999939
clean,clean,0,0.9545455,0.097025454,2.4873679176118233,0.0886271521449089
clean,clean,0,1.0478921,0.20256269,2.5718981024255143,0.2236153930425644
clean,clean,0,0.5325944,0.027252376,2.6478524132579153,0.20973911881446838
clean,clean,0,0.93874574,0.114488184,2.3447821168599807,0.10255204141139984
clean,clean,0,0.9318871,0.1827572,2.2271377973087016,0.13944019377231598
clean,clean,0,1.3414102,0.26770645,3.8772081442239137,0.19404569268226624
clean,clean,0,1.1526124,0.29208732,3.1125893723702904,0.08169223368167877
clean,clean,0,0.91515326,0.08536005,2.0006095531045327,0.09590866416692734
clean,clean,0,0.9390133,0.10292941,2.532403385321185,0.09898842871189117
clean,clean,0,0.6247868,0.07483834,2.2624249571091295,0.16187024116516113
clean,clean,0,0.6773793,0.080334485,2.244813220028656,0.10221295058727264
clean,clean,0,0.735883,0.08213067,1.8824958520792971,0.08567394316196442
clean,clean,0,0.91159827,0.100296736,2.481853357861633,0.09807384014129639
clean,clean,0,0.75971484,0.07964879,2.1525924399605643,0.09274470061063766
clean,clean,0,0.75874674,0.08748007,1.9927255346987693,0.08730228990316391
clean,clean,0,1.2780833,0.11589098,3.5478005457044466,0.1288994997739792
clean,clean,0,1.2874604,0.18980342,3.2394285177691846,0.12090113013982773
clean,clean,0,1.2308167,0.27910864,3.07516862370163,0.11638806760311127
clean,clean,0,1.4060686,0.18888342,3.67290405184662,0.17311371862888336
clean,clean,0,0.7166728,0.07327896,2.2635704471811744,0.14289535582065582
clean,clean,0,1.2836945,0.18904597,3.179785372165191,0.10393259674310684
clean,clean,0,0.5729008,0.06454551,1.711939511687308,0.10956932604312897
clean,clean,0,0.7760509,0.08906734,2.716321494285043,0.18309108912944794
clean,clean,0,1.2057681,0.15330815,3.0047951479882724,0.11550897359848022
clean,clean,0,0.9159043,0.11466926,2.468407961660305,0.0926608219742775
clean,clean,0,0.9580166,0.15792084,2.625569510159249,0.16257894039154053
clean,clean,0,1.3938948,0.18286288,3.5186923180947542,0.1565713733434677
clean,clean,0,0.7299855,0.107595325,1.840916024861893,0.19838201999664307
clean,clean,0,1.5236557,0.19750202,4.118239929961124,0.19951166212558746
clean,clean,0,1.008295,0.19598526,2.4042393760429714,0.08504769206047058
clean,clean,0,1.3853967,0.13961804,3.7505045239493016,0.19833603501319885
clean,clean,0,0.6978742,0.09616727,2.2896719932911602,0.16854040324687958
clean,clean,0,0.98622805,0.18499702,2.3616095846104974,0.08684166520833969
clean,clean,0,0.63861513,0.07391369,1.6821217366704626,0.14599309861660004
clean,clean,0,1.0352043,0.19895363,2.816982825821597,0.12440342456102371
clean,clean,0,1.0031298,0.17391956,2.31502368561761,0.10704650729894638
clean,clean,0,1.1668215,0.20736486,3.1218337683085307,0.1420154720544815
clean,clean,0,1.1260593,0.20854366,2.795003929062057,0.13837653398513794
clean,clean,0,0.8986676,0.14447606,2.0428279598360564,0.11481943726539612
clean,clean,0,1.1735933,0.13916421,2.943415322329284,0.17761383950710297
clean,clean,0,1.0345628,0.10765517,2.896693377148732,0.17503716051578522
clean,clean,0,1.3895097,0.19647849,3.543029212784821,0.14633457362651825
clean,clean,0,1.2236392,0.1655168,2.840868942731285,0.12227734178304672
clean,clean,0,1.206627,0.15616578,2.843881526775593,0.15085944533348083
clean,clean,0,0.9943883,0.1902597,2.7715343347310006,0.13455107808113098
clean,clean,0,0.6418406,0.076615095,1.755909580087418,0.11203086376190186
clean,clean,0,0.99634004,0.1915927,2.4505634661308706,0.12303908914327621
clean,clean,0,0.69242847,0.038821876,2.710368300995085,0.20862391591072083
clean,clean,0,0.8872209,0.16376418,2.422573732116245,0.11988361924886703
clean,clean,0,0.47313356,0.01640588,2.744105088716993,0.1829041838645935
clean,clean,0,0.462799,0.022884846,2.3028127025835268,0.15943734347820282
clean,clean,0,0.67936146,0.055380642,1.9027068987799614,0.16469192504882812
clean,clean,0,0.25704595,0.010273695,1.5754838462672431,0.12494902312755585
clean,clean,0,1.1277604,0.21956205,2.969167948834119,0.12107992172241211
clean,clean,0,1.6473489,0.22792971,4.9497687183339325,0.279996395111084
clean,clean,0,0.54737,0.057090282,2.0181616651802265,0.10958817601203918
clean,clean,0,0.79071474,0.09383565,2.145165955130157,0.11410178989171982
clean,clean,0,1.2900845,0.167315,3.0573948575697236,0.14633457362651825
clean,clean,0,0.5413836,0.035413027,1.8749687196023088,0.1392497569322586
clean,clean,0,0.33118856,0.014074743,2.0062398827380314,0.13347351551055908
clean,clean,0,1.4006839,0.1427632,5.442935383115766,0.2268115133047104
clean,clean,0,0.53800726,0.055872798,1.9975429236295497,0.1218005046248436
clean,clean,0,0.61716056,0.0583331,1.916315499715329,0.14549972116947174
clean,clean,0,1.1403891,0.1528731,2.9413883445565547,0.07169714570045471
clean,clean,0,0.7312139,0.10767615,2.2902902371300784,0.14620569348335266
clean,clean,0,0.9111959,0.17266303,2.454927762346436,0.16608622670173645
clean,clean,0,0.6052637,0.047471702,2.2018193979149867,0.1762455701828003
clean,clean,0,0.7432428,0.09523022,1.837165839772742,0.08359948545694351
clean,clean,0,0.92740816,0.16490185,2.2820359604951563,0.12390352785587311
clean,clean,0,0.7229959,0.08128536,2.2537725752099216,0.11814818531274796
clean,clean,0,0.6357668,0.056776404,1.7491533686138623,0.13542288541793823
clean,clean,0,0.84422946,0.07976431,2.2729348923578208,0.1763877421617508
clean,clean,0,1.1637963,0.19106686,3.7324828121837834,0.21060487627983093
clean,clean,0,1.0084705,0.109129906,2.697745620325772,0.12751802802085876
clean,clean,0,0.5425628,0.057652712,2.0738147223756025,0.12074388563632965
clean,clean,0,1.2092046,0.13317722,4.32317294764016,0.10194618999958038
clean,clean,0,1.1499677,0.12336725,3.4415743932693763,0.1037534549832344
clean,clean,0,0.643513,0.07591534,2.1493103560491207,0.1582614928483963
clean,clean,0,0.8386996,0.1176244,2.2065232048970533,0.12489645183086395
clean,clean,0,0.7699729,0.102315664,1.7253232900268145,0.08689620345830917
clean,clean,0,0.81775975,0.13732195,1.893026797421628,0.11301226913928986
clean,clean,0,1.5845708,0.14877582,6.822909335739864,0.2852826714515686
clean,clean,0,0.5146077,0.051994145,2.0763835798834474,0.14297893643379211
clean,clean,0,1.2201512,0.13413215,3.432740730464556,0.07678689807653427
clean,clean,0,0.90767145,0.100685894,2.396718769133899,0.09321647137403488
clean,clean,0,1.0526166,0.12129694,3.338829045349713,0.12379324436187744
clean,clean,0,0.790579,0.1091758,2.2268553179275186,0.16002745926380157
clean,clean,0,0.8458876,0.1438309,2.3457019397912786,0.1468268781900406
clean,clean,0,0.94199705,0.15128344,2.139647957404745,0.1330452710390091
clean,clean,0,1.1114683,0.20085776,2.6830447558533765,0.13528326153755188
clean,clean,0,0.9021201,0.12871957,2.402254920264371,0.15907323360443115
clean,clean,0,0.8127646,0.06303519,3.8828072846132295,0.23950761556625366
clean,clean,0,0.4823296,0.04413891,1.8782198912834907,0.11765337735414505
clean,clean,0,1.0838956,0.19289923,2.8467912736754055,0.140422523021698
clean,clean,0,0.8788715,0.15909737,2.6255665158826282,0.14074575901031494
clean,clean,0,0.5323326,0.043739557,2.0617140919768806,0.14720162749290466
clean,clean,0,0.96397954,0.19352001,2.6809709439442164,0.1528223752975464
clean,clean,0,1.0031874,0.19955927,2.4822349268315755,0.06435637921094894
clean,clean,0,0.9913447,0.1975736,2.4818616690150286,0.09158511459827423
clean,clean,0,0.992852,0.20646876,2.551887925015155,0.09543729573488235
clean,clean,0,1.0163519,0.19536078,2.449763089146052,0.0902329608798027
clean,clean,0,0.9415389,0.18703061,2.5943544682764137,0.1465936154127121
clean,clean,0,0.9069671,0.16255277,2.259076605201821,0.12201304733753204
clean,clean,0,1.1328758,0.18407696,2.533655575926214,0.10065960884094238
clean,clean,0,0.8779937,0.15926433,2.431639756839518,0.1252923160791397
clean,clean,0,1.0584735,0.20072544,2.7853628611720582,0.1317741423845291
clean,clean,0,0.8455821,0.14660746,2.206049881083192,0.16304023563861847
clean,clean,0,1.0729938,0.21272016,2.890869036380432,0.12457668781280518
clean,clean,0,0.8311127,0.14223337,2.60459600374375,0.19088909029960632
clean,clean,0,0.84027535,0.12260944,1.8459769260940149,0.14453227818012238
clean,clean,0,0.77673745,0.1224398,2.4694558186989326,0.15556718409061432
clean,clean,0,0.9663528,0.1933394,2.94858284081362,0.1528223752975464
clean,clean,0,0.44180655,0.011480749,2.2214135870235685,0.16769175231456757
clean,clean,0,0.84079605,0.109981894,3.1112746121883372,0.2666224539279938
clean,clean,0,0.69213635,0.09625423,2.259070047106821,0.1840876340866089
clean,clean,0,0.7826658,0.09192151,2.5450707216291857,0.18742574751377106
clean,clean,0,0.795434,0.094368756,2.258443036902321,0.15044941008090973
clean,clean,0,1.2627913,0.22530973,3.350829110275252,0.1557815968990326
clean,clean,0,0.899578,0.13159049,2.1659119431756464,0.17374278604984283
clean,clean,0,1.285035,0.22506261,3.461828466303531,0.16837432980537415
clean,clean,0,0.6020514,0.034010828,3.0884047774515726,0.16032351553440094
clean,clean,0,1.1418161,0.16772401,3.066000450036464,0.23455274105072021
clean,clean,0,0.3704642,0.01562637,2.0307923263078522,0.19957289099693298
clean,clean,0,0.7769855,0.08048725,3.501354240495132,0.32095009088516235
clean,clean,0,0.7347064,0.10731876,2.077611044317006,0.17373621463775635
clean,clean,0,1.2218517,0.23005706,3.2806711648600255,0.16131246089935303
clean,clean,0,0.35864398,0.024395525,2.146722242046523,0.14639903604984283
clean,clean,0,0.98185116,0.20250201,2.5232873436136747,0.09819988906383514
clean,clean,0,0.52371436,0.053899467,2.1252329157264467,0.12406424432992935
clean,clean,0,1.0886133,0.24690491,2.6728014560555313,0.1075233593583107
clean,clean,0,0.76055896,0.11527836,2.074602109020157,0.14620868861675262
clean,clean,0,1.1414976,0.21546859,2.9248789482055058,0.14365339279174805
clean,clean,0,1.038835,0.2081101,2.662464969508162,0.08892743289470673
clean,clean,0,1.3744833,0.09248072,3.6883965216589965,0.19690196216106415
clean,clean,0,0.5610568,0.0566535,1.9465639828152999,0.09495649486780167
clean,clean,0,0.54316777,0.045782566,1.7078092923236237,0.13539837300777435
clean,clean,0,0.6659417,0.061895788,2.4979395924852112,0.1605370044708252
clean,clean,0,0.29167894,0.015206575,1.6706553700662015,0.12494902312755585
clean,clean,0,0.29055315,0.016272843,2.399786881432266,0.1551266461610794
clean,clean,0,0.82797694,0.13320059,2.2370739973288716,0.13098518550395966
clean,clean,0,0.75337034,0.096800506,2.0958248369380064,0.15982010960578918
clean,clean,0,1.0117943,0.20305932,2.4464982850240404,0.10442586988210678
clean,clean,0,1.1812751,0.1423716,4.227875485771389,0.11796452850103378
clean,clean,0,0.7291368,0.07795411,2.4291590561078134,0.14934059977531433
clean,clean,0,0.8800725,0.119561434,2.3265387267185345,0.12302421033382416
clean,clean,0,0.7929103,0.09675777,2.1617335791107193,0.12158384174108505
clean,clean,0,1.2739698,0.15149039,3.266365810835378,0.1444239467382431
clean,clean,0,0.6934295,0.06027907,1.974107936529101,0.1273561418056488
clean,clean,0,1.1692582,0.15750301,2.979851528527528,0.10753005743026733
clean,clean,0,1.1724707,0.13169229,4.352691123795749,0.15124396979808807
clean,clean,0,1.1805006,0.11133969,3.1334536590882203,0.1876707673072815
clean,clean,0,1.150166,0.124961734,3.733898750339326,0.10763184726238251
clean,clean,0,0.8407176,0.10129863,2.202617387434986,0.16344596445560455
clean,clean,0,0.593485,0.0343256,2.2193097490154887,0.14095832407474518
clean,clean,0,0.38359672,0.028530896,1.6601385451069952,0.13327570259571075
clean,clean,0,0.57337236,0.06351656,2.2652473328956075,0.13687899708747864
clean,clean,0,0.8461615,0.13297355,1.9903156116429765,0.1489914357662201
clean,clean,0,1.3206682,0.12843353,4.5611899041559605,0.1702359914779663
clean,clean,0,0.96408033,0.12320697,2.4955294794758087,0.13609760999679565
clean,clean,0,0.77518946,0.08822018,2.080925494642659,0.1371164470911026
clean,clean,0,0.9312939,0.15106678,2.154886424940947,0.12529151141643524
clean,clean,0,0.81002575,0.122968495,2.368504393497432,0.1836981326341629
clean,clean,0,0.95719653,0.1647237,2.1801203297202463,0.11993284523487091
clean,clean,0,1.4029034,0.2167185,3.805749697922308,0.15850307047367096
clean,clean,0,0.99837905,0.19989717,2.3979535528781537,0.1091187596321106
clean,clean,0,1.1048404,0.25574952,2.5819166058377805,0.12038704007863998
clean,clean,0,1.0299863,0.2036227,2.4941350399839775,0.09019861370325089
clean,clean,0,1.047063,0.20562977,2.516856925065873,0.10212302207946777
clean,clean,0,0.9662496,0.19681549,2.5255465811610485,0.10016143321990967
clean,clean,0,1.072939,0.24417949,2.5475763647691103,0.1172311082482338
clean,clean,0,1.0096711,0.21427774,2.614641861081883,0.09088551253080368
clean,clean,0,1.4130965,0.17239177,3.442712938920089,0.17131167650222778
clean,clean,0,0.98760647,0.19749033,2.5328185117559765,0.10584405064582825
clean,clean,0,1.6424218,0.17679274,4.371131319742176,0.3334863781929016
clean,clean,0,1.7750195,0.20656013,5.096378345211771,0.3532277047634125
clean,clean,0,0.89351046,0.06839675,3.024563482246007,0.29320886731147766
clean,clean,0,0.43792647,0.036792457,1.6735129422450647,0.13140720129013062
clean,clean,0,1.1070718,0.093241036,2.6768941964724293,0.13414092361927032
clean,clean,0,1.1547341,0.16477722,3.5473283471222654,0.21327151358127594
clean,clean,0,1.4922625,0.13842505,4.3809591556736045,0.18347159028053284
clean,clean,0,1.3317244,0.13595241,3.7425988963705645,0.09494006633758545
clean,clean,0,0.9874998,0.1056571,2.1499301439362126,0.11701620370149612
clean,clean,0,0.69653374,0.048315406,3.536447754811002,0.22188039124011993
clean,clean,0,0.9753161,0.15141493,2.5900818478054086,0.10308277606964111
clean,clean,0,0.791496,0.0879823,2.806747025977586,0.20690029859542847
clean,clean,0,1.2638469,0.11109793,3.001445088720682,0.14987114071846008
clean,clean,0,0.7566288,0.07990253,1.626085212304118,0.09788989275693893
clean,clean,0,1.2144797,0.10828185,3.3004227341758283,0.13908451795578003
clean,clean,0,1.3322726,0.1053462,3.418942972885819,0.16571404039859772
clean,clean,0,0.76088005,0.09983063,2.156055570930281,0.0988304540514946
clean,clean,0,0.857596,0.15208536,2.0226861876200144,0.11453457176685333
clean,clean,0,1.0257894,0.13325316,2.55310886208396,0.09238129109144211
clean,clean,0,0.7711531,0.11435485,2.178929596306736,0.1660582274198532
clean,clean,0,0.6672252,0.08905512,1.9868954974660302,0.12272229045629501
clean,clean,0,0.82681525,0.09974432,1.884030204724741,0.10445374995470047
clean,clean,0,1.2072432,0.13414341,4.187049237703759,0.10476643592119217
clean,clean,0,1.1330369,0.14262754,3.144731151398984,0.10637196898460388
clean,clean,0,1.2952298,0.11072773,3.0441489984803054,0.16428621113300323
clean,clean,0,0.85307205,0.092621624,2.115187319585942,0.06888458877801895
clean,clean,0,1.0441366,0.18609512,2.857105641569544,0.17448242008686066
clean,clean,0,1.1150997,0.10660446,2.4039678357225047,0.1202227845788002
clean,clean,0,0.714273,0.10024631,1.7682359692837721,0.1124076172709465
clean,clean,0,0.95175904,0.12428808,2.21361661428794,0.12394574284553528
clean,clean,0,0.83689505,0.08734226,2.0869536698800646,0.0711769238114357
clean,clean,0,0.75109714,0.07831979,2.126459603733729,0.10850372910499573
clean,clean,0,1.2475009,0.12658697,3.197833094639725,0.07715101540088654
clean,clean,0,0.8838253,0.08981061,1.8543787028330323,0.07244780659675598
clean,clean,0,1.0084661,0.13734704,2.49566990619834,0.12715685367584229
clean,clean,0,0.67548347,0.07385141,1.5888012415477912,0.08325672149658203
clean,clean,0,0.6243139,0.06624144,2.0644854728515587,0.08955741673707962
clean,clean,0,1.1086209,0.101055205,2.7794933514172997,0.14645344018936157
clean,clean,0,1.1414092,0.12488276,3.830567738209823,0.10945160686969757
clean,clean,0,0.47302487,0.02913922,3.166075950496438,0.21240758895874023
clean,clean,0,0.9896398,0.15357268,2.4608595601851926,0.16904526948928833
clean,clean,0,0.9752709,0.10295379,2.5927401802022,0.1140187457203865
clean,clean,0,1.3240795,0.12141609,4.102400202690549,0.15545953810214996
clean,clean,0,1.1505152,0.11411452,3.2819546014593772,0.09797336906194687
clean,clean,0,1.4279373,0.12758845,4.864170239428039,0.18204477429389954
clean,clean,0,0.32612848,0.020168304,1.5328060269290396,0.11902330070734024
clean,clean,0,0.7134409,0.090902925,1.939301283863868,0.18821606040000916
clean,clean,0,0.9961629,0.08036822,3.189908566119831,0.30438920855522156
clean,clean,0,0.50266653,0.039758503,1.7592855317237992,0.15186721086502075
clean,clean,0,1.3660556,0.15449351,4.208185721962514,0.16543994843959808
clean,clean,0,0.9741934,0.16547865,2.480840761707636,0.15889282524585724
clean,clean,0,1.1612722,0.12744784,3.0511307941984747,0.07678689807653427
clean,clean,0,1.157432,0.124165595,2.9552169287252,0.09051966667175293
clean,clean,0,1.2628201,0.14267415,3.5683784368857396,0.1262667328119278
clean,clean,0,0.88784194,0.12680596,2.1213747361556763,0.09610560536384583
clean,clean,0,0.8211408,0.080267906,2.091499271508804,0.11979378759860992
clean,clean,0,0.95185196,0.06859851,2.7855615690004663,0.23976364731788635
clean,clean,0,1.2273335,0.086517155,3.2726057472965584,0.24771520495414734
clean,clean,0,0.6894596,0.054957867,1.9720704373401046,0.16162168979644775
clean,clean,0,1.0101826,0.08682364,2.2761618474035643,0.1223563402891159
clean,clean,0,0.69172156,0.09514958,1.637627476713977,0.16315171122550964
clean,clean,0,1.3610954,0.10591757,3.279174583494502,0.24605576694011688
clean,clean,0,0.38340095,0.026602268,1.7482071469463423,0.1535494476556778
clean,clean,0,0.5033374,0.035251617,2.5768251805373237,0.17481236159801483
clean,clean,0,0.8454427,0.14240247,2.2064845918443914,0.1250317394733429
clean,clean,0,0.61322284,0.041184187,1.9751644704560656,0.14842641353607178
clean,clean,0,0.8737386,0.06170398,2.4808280324181373,0.17498749494552612
clean,clean,0,0.612165,0.053652644,1.8423717083928692,0.1465723216533661
clean,clean,0,1.0059904,0.15563339,2.1790466436194067,0.1202666312456131
clean,clean,0,1.2274394,0.20001149,3.0448874758305524,0.10780832916498184
clean,clean,0,1.4931308,0.33135295,5.712069554805557,0.23930026590824127
clean,clean,0,1.2757468,0.11531645,3.719285361401022,0.11922438442707062
clean,clean,0,1.4484833,0.124204814,4.738923829121524,0.21329139173030853
clean,clean,0,1.1626289,0.10831034,3.0449729431549244,0.16513264179229736
clean,clean,0,1.202655,0.29111886,3.326927727586542,0.11942541599273682
clean,clean,0,0.65075123,0.06333166,1.573636403353804,0.0726315975189209
clean,clean,0,0.83599794,0.14127147,1.9449665917691181,0.17141349613666534
clean,clean,0,0.8176396,0.117727816,2.0567053706701786,0.08552222698926926
clean,clean,0,1.2134753,0.123541236,3.793641250696783,0.11712229996919632
clean,clean,0,1.3372267,0.18509728,3.254434775127143,0.10959780216217041
clean,clean,0,0.3813375,0.025935471,1.5559821543577885,0.15768112242221832
clean,clean,0,1.1496205,0.11073834,2.646305320129703,0.12895114719867706
clean,clean,0,1.0201745,0.09598267,2.583021831668633,0.20636394619941711
clean,clean,0,0.1945152,0.0066816807,2.290323588103467,0.14516371488571167
clean,clean,0,0.6834765,0.043596745,2.564443702667498,0.1771879643201828
clean,clean,0,0.827498,0.09394622,1.8090311254748372,0.12357854098081589
clean,clean,0,0.9140225,0.12572789,2.1752538470723475,0.10689005255699158
clean,clean,0,1.4099754,0.2818389,4.643872035318441,0.24809308350086212
clean,clean,0,0.7867371,0.119732976,1.9887522908805555,0.1135127991437912
clean,clean,0,0.6094986,0.073747754,1.7784332221310386,0.08748047798871994
clean,clean,0,1.1659362,0.29776686,3.278450523380584,0.08019544929265976
clean,clean,0,0.88824105,0.15545827,2.2993569317891698,0.14198215305805206
clean,clean,0,0.4981557,0.042940438,2.603925569360379,0.19306762516498566
clean,clean,0,0.7641777,0.10190886,2.062566132624388,0.16406944394111633
clean,clean,0,1.3238461,0.13909614,4.013117300436373,0.08580721169710159
clean,clean,0,0.8378825,0.12343472,2.0206130170680154,0.09900841861963272
clean,clean,0,0.9240045,0.12934601,2.427434124909727,0.1188090443611145
clean,clean,0,1.0119605,0.11122155,2.3558776170912115,0.10368747264146805
clean,clean,0,1.0139339,0.11466342,2.417577143085223,0.0989849865436554
clean,clean,0,0.77722687,0.122427285,1.9052325606588532,0.10448727756738663
clean,clean,0,0.7235793,0.10105002,1.8307668857847827,0.07631865888834
clean,clean,0,0.82667565,0.1258694,2.025301492151425,0.11136949807405472
clean,clean,0,0.5503611,0.054593444,2.0531674551030235,0.14223502576351166
clean,clean,0,0.86592287,0.089526236,2.2956367356991643,0.10442572087049484
clean,clean,0,0.7307013,0.09152961,2.43159549204923,0.11571168899536133
clean,clean,0,0.6475911,0.068523824,2.915571882883053,0.1978224813938141
clean,clean,0,1.1194134,0.1137656,3.2165972587356024,0.10818071663379669
clean,clean,0,1.0121068,0.10814524,2.673957981836621,0.1295005828142166
clean,clean,0,0.27789688,0.014583528,2.1869305534830796,0.14321449398994446
clean,clean,0,0.4761168,0.042941153,2.25558956152627,0.11104166507720947
clean,clean,0,0.82037616,0.09086013,2.0816707953573226,0.058118272572755814
clean,clean,0,1.2273272,0.1140753,3.2936605011324187,0.1658111810684204
clean,clean,0,0.8814466,0.09433174,2.128800653454802,0.11591655015945435
clean,clean,0,1.2877333,0.15058267,3.312324977912211,0.16480432450771332
clean,clean,0,0.57864636,0.064965606,1.6465692844016973,0.0745130181312561
clean,clean,0,0.7689883,0.098940015,1.72774903188566,0.10164637863636017
clean,clean,0,1.2665704,0.12126881,3.18126099413758,0.14493800699710846
clean,clean,0,1.2416155,0.13232458,3.4016026328422244,0.05077078938484192
clean,clean,0,0.7348419,0.08732653,1.5605657926885073,0.06892035901546478
clean,clean,0,0.39165303,0.029305518,1.7145199024130666,0.1671428680419922
clean,clean,0,1.1133541,0.107082605,2.9398487692810686,0.111092709004879
clean,clean,0,1.0429066,0.1094774,2.678886430929318,0.1216968446969986
clean,clean,0,0.98315823,0.10760158,2.1042926386291088,0.07622922956943512
clean,clean,0,0.7927176,0.07811618,2.0411340674508582,0.11245223134756088
clean,clean,0,1.3875365,0.13538653,4.104450326491536,0.14843210577964783
clean,clean,0,1.8010634,0.15002483,6.098957851608483,0.35407915711402893
clean,clean,0,1.3623817,0.14079255,4.04967802172331,0.12564414739608765
clean,clean,0,0.693369,0.062222302,2.4729197784986208,0.167283296585083
clean,clean,0,0.74309725,0.076698005,2.000115762591551,0.14071160554885864
clean,clean,0,0.86035895,0.100200474,2.44803182339173,0.14334912598133087
clean,clean,0,0.8754634,0.14696372,2.1236899805551306,0.13355566561222076
clean,clean,0,0.6107007,0.0273242,2.7085365097342984,0.2078593671321869
clean,clean,0,1.1658465,0.12895441,3.1501052330035177,0.26427245140075684
clean,clean,0,1.3058447,0.19032103,3.03453959652272,0.14496856927871704
clean,clean,0,1.0403198,0.08187187,3.6123089238953807,0.3186718225479126
clean,clean,0,1.052155,0.15302616,2.7586209889059665,0.1023164913058281
clean,clean,0,0.8827487,0.08972776,2.119349811831072,0.10042150318622589
clean,clean,0,1.216651,0.14120209,3.696299396060619,0.10401545464992523
clean,clean,0,1.2332025,0.14816535,3.3360227639685984,0.12397028505802155
clean,clean,0,1.0683763,0.10194892,2.732017640426999,0.10629186779260635
clean,clean,0,0.32888937,0.02090609,1.803796649400211,0.1401730626821518
clean,clean,0,1.1435349,0.21621406,2.8582476566543624,0.13018275797367096
clean,clean,0,0.72056204,0.07301599,3.541731176107213,0.3110871911048889
clean,clean,0,1.2956058,0.110476315,3.6389086364060272,0.17104388773441315
clean,clean,0,0.15908909,0.0045573115,2.0258975969139046,0.12424597889184952
clean,clean,0,0.3073086,0.015535891,1.5009217267558008,0.154458150267601
clean,clean,0,1.2054952,0.19503242,3.055354997407949,0.14950884878635406
clean,clean,0,1.0311674,0.19282496,2.514281215332245,0.09635917097330093
clean,clean,0,0.4108642,0.011966348,3.5712740701163157,0.30359360575675964
clean,clean,0,0.76148546,0.09885162,2.676879106418647,0.310506135225296
clean,clean,0,0.69194686,0.042910933,2.9824614243963947,0.1772078424692154
clean,clean,0,0.6506388,0.08403015,1.8295621170189136,0.11546309292316437
clean,clean,0,0.63460094,0.0741604,1.9121487997969855,0.16181980073451996
clean,clean,0,0.90754455,0.050103843,3.2297934443374,0.19975973665714264
clean,clean,0,0.88566345,0.16302443,2.1202941744172565,0.10591234266757965
clean,clean,0,0.99420726,0.20694017,2.2284306313202795,0.11986308544874191
clean,clean,0,0.7757394,0.06657398,3.201589589859881,0.15201735496520996
clean,clean,0,0.9676156,0.19161749,2.12227890208608,0.14768166840076447
clean,clean,0,1.078679,0.12016791,2.889719528796262,0.1687122881412506
clean,clean,0,0.6918068,0.027690768,3.334068427601758,0.2310868352651596
clean,clean,0,1.2386817,0.22121406,3.4025266633156983,0.14018003642559052
clean,clean,0,0.3281561,0.017517388,1.998310827193441,0.18270081281661987
clean,clean,0,0.8937031,0.14996076,2.2308936085815003,0.1012328490614891
clean,clean,0,0.7543024,0.09792018,2.0849084733083703,0.13862484693527222
clean,clean,0,0.57051283,0.027969718,3.188286156040314,0.2278708815574646
clean,clean,0,0.7804166,0.08859515,2.1679032859864464,0.1542292833328247
clean,clean,0,1.2404592,0.14566141,3.5289034697019503,0.2135782390832901
clean,clean,0,0.98848575,0.15782684,2.6496476580819155,0.09994333237409592
clean,clean,0,0.74648565,0.11262077,1.7476092984444764,0.11312010884284973
clean,clean,0,0.800784,0.13113743,1.8798850297403278,0.10361343622207642
clean,clean,0,0.7287379,0.107164085,1.9260412544648349,0.08914139121770859
clean,clean,0,0.66103745,0.05065334,2.491186789879001,0.1795511394739151
clean,clean,0,0.8533988,0.15052831,2.4074476189045444,0.1381467878818512
clean,clean,0,0.6483872,0.052765846,1.9319450553993858,0.15531396865844727
clean,clean,0,0.6417376,0.07940632,1.6511862517323865,0.14632947742938995
clean,clean,0,0.8642054,0.14603871,2.3441974518352717,0.14997883141040802
clean,clean,0,0.6988121,0.09785998,2.0739750745003134,0.1748368889093399
clean,clean,0,0.7057646,0.077512145,2.1379368297461956,0.12306568771600723
clean,clean,0,0.93663484,0.1846298,2.2161633022068905,0.11601664870977402
clean,clean,0,0.9030884,0.076272964,2.1084420840358677,0.15573294460773468
clean,clean,0,0.97400814,0.19856966,2.178192682894002,0.1358034610748291
clean,clean,0,0.91059434,0.08956754,1.8121036242702244,0.13826076686382294
clean,clean,0,1.0092326,0.10999656,2.2441458539395547,0.07084453105926514
clean,clean,0,0.8246386,0.10247594,1.9889609452381323,0.10402488708496094
clean,clean,0,0.7117315,0.06619918,2.4255975632426616,0.15976090729236603
clean,clean,0,0.84982395,0.14786494,2.2493174933715734,0.14620569348335266
clean,clean,0,0.8197036,0.13794011,1.8943855459128363,0.13397540152072906
clean,clean,0,0.4168001,0.02988863,2.913020994953876,0.1911381185054779
clean,clean,0,1.3465067,0.12773758,4.513492117224937,0.17599236965179443
clean,clean,0,0.5824243,0.061008036,1.8429189724949655,0.1393328160047531
clean,clean,0,0.42219236,0.031400263,2.0244985753478817,0.1827344000339508
clean,clean,0,0.741764,0.11144674,1.677034285409184,0.11642991751432419
clean,clean,0,0.85159534,0.13518745,2.142670163512754,0.09487153589725494
clean,clean,0,1.0091774,0.12133509,2.5462374462377717,0.11245869100093842
clean,clean,0,1.0945528,0.1431812,3.00410253054215,0.11554247885942459
clean,clean,0,0.96933657,0.111911476,2.1705311460309606,0.1012299433350563
clean,clean,0,0.86997443,0.14932674,2.205325498557312,0.09378042817115784
clean,clean,0,1.3805343,0.15132523,4.236627997786491,0.13947753608226776
clean,clean,0,0.7292953,0.10483062,1.7716331589254477,0.13586856424808502
clean,clean,0,0.60583395,0.071879864,1.7129021336244543,0.19406382739543915
clean,clean,0,0.96848476,0.19370836,2.155813861176577,0.12241286784410477
clean,clean,0,0.73153794,0.09913504,1.8974809517162536,0.1250317394733429
clean,clean,0,0.8324634,0.14033449,1.9367278870310025,0.10245518386363983
clean,clean,0,1.2370367,0.29136497,3.1231159791346417,0.2228449285030365
clean,clean,0,1.1907458,0.29872704,3.3372395576454914,0.10433171689510345
clean,clean,0,1.1003392,0.2668025,2.7633575840641846,0.14864329993724823
clean,clean,0,1.0439236,0.2355299,2.4409071298896854,0.11979003250598907
clean,clean,0,1.1183757,0.276599,2.909796291397411,0.11022508889436722
clean,clean,0,0.88083804,0.116601646,2.0251120965718634,0.09203686565160751
clean,clean,0,0.772883,0.11460328,2.0072010109819773,0.087716244161129
clean,clean,0,0.76808435,0.10949755,1.8665335646808483,0.09960301220417023
clean,clean,0,0.8232521,0.11286509,1.995065346037368,0.059790484607219696
clean,clean,0,0.511067,0.05028349,2.364733254201939,0.1287926882505417
clean,clean,0,0.7112059,0.07160109,1.9556361598772434,0.14625705778598785
clean,clean,0,0.84052056,0.09089923,2.371237847947725,0.09453218430280685
clean,clean,0,0.8837354,0.07681668,2.370802361356255,0.13555018603801727
clean,clean,0,0.73396146,0.07965171,1.6376815396969908,0.07342007011175156
clean,clean,0,0.8304499,0.09614438,1.7610529217922644,0.09408446401357651
clean,clean,0,1.1491816,0.13398367,3.1093184892858994,0.12001366913318634
clean,clean,0,0.8395091,0.11148727,1.9399036530884388,0.06752090901136398
clean,clean,0,1.9503493,0.14144254,6.4727513781195345,0.5590609908103943
clean,clean,0,0.70568925,0.08432186,1.8362170814209386,0.09362781047821045
clean,clean,0,0.8323765,0.09339136,2.1943075840381105,0.07462946325540543
clean,clean,0,1.125672,0.11629146,3.2802736212731824,0.11102858930826187
clean,clean,0,0.78630936,0.09204733,2.417071218336357,0.09799280017614365
clean,clean,0,0.905166,0.10109955,2.481531162792782,0.08867792040109634
clean,clean,0,0.92372286,0.1022653,2.5669595700061443,0.10559794306755066
clean,clean,0,0.8626123,0.09628391,2.3100072596426706,0.07839014381170273
clean,clean,0,0.8171161,0.09394622,2.3969389590065426,0.09707751125097275
clean,clean,0,0.7316622,0.087053776,2.0286549988494174,0.093534916639328
clean,clean,0,1.0215901,0.107102156,2.76046436360766,0.11201193183660507
clean,clean,0,0.80904436,0.10136628,2.3037188244366784,0.11550586670637131
clean,clean,0,0.4968177,0.048267365,1.5567742256654566,0.12521784007549286
clean,clean,0,0.86042285,0.15228218,1.9404219333986386,0.14615285396575928
clean,clean,0,0.77264786,0.12063867,1.8926618112358167,0.09840960055589676
clean,clean,0,1.1999781,0.27989852,2.9716318624635587,0.14105701446533203
clean,clean,0,0.6301793,0.05018705,2.56306830336732,0.1813451498746872
clean,clean,0,0.86403215,0.065540254,2.3726406967717626,0.16468437016010284
clean,clean,0,1.1182133,0.24540597,2.782338797098363,0.09224503487348557
clean,clean,0,1.4519243,0.19241518,4.26642315154515,0.34240537881851196
clean,clean,0,0.9657762,0.1979971,2.185483179225708,0.1396847665309906
clean,clean,0,0.95691586,0.08807135,2.1796587656346453,0.13055703043937683
clean,clean,0,0.9645974,0.11266625,2.9066108388292746,0.11584922671318054
clean,clean,0,1.1049632,0.09723747,2.6866709633333485,0.12042435258626938
clean,clean,0,0.870949,0.086784005,1.867963024697917,0.06469935178756714
clean,clean,0,0.92059815,0.14279985,2.659609583671698,0.17448242008686066
clean,clean,0,0.37582332,0.025624037,1.7191963685822953,0.1375601589679718
clean,clean,0,0.6446517,0.08292061,1.8359715516958401,0.10620399564504623
clean,clean,0,1.0252712,0.110970855,2.2691878386521,0.10275409370660782
clean,clean,0,0.7685941,0.086601555,1.6355356211741792,0.12357854098081589
clean,clean,0,1.2897377,0.13711107,3.975690620722245,0.2566758990287781
clean,clean,0,0.97048587,0.20017415,2.285977090286303,0.12211938947439194
clean,clean,0,0.7590093,0.116748214,2.1383101049372035,0.1184735894203186
clean,clean,0,1.0343355,0.09919077,2.1879034867826044,0.1241345927119255
clean,clean,0,1.2094529,0.08577061,3.1413297219404503,0.18638400733470917
clean,clean,0,1.0536897,0.13529915,2.646650958741316,0.11744704842567444
clean,clean,0,0.79058063,0.12443459,2.0405508212965255,0.0884133130311966
clean,clean,0,0.644262,0.07524121,1.7764799410291554,0.1621903032064438
clean,clean,0,0.8296082,0.1348911,2.0807778715617347,0.07947257906198502
clean,clean,0,0.9804334,0.15457469,2.617063918911619,0.10406742990016937
clean,clean,0,1.0633852,0.12741494,2.7682809655012734,0.10315697640180588
clean,clean,0,1.0034705,0.1723175,2.347142013541272,0.15700413286685944
clean,clean,0,1.021645,0.11508858,2.4940884296046626,0.05917097628116608
clean,clean,0,0.9010844,0.16805792,2.1617093051423777,0.08604056388139725
clean,clean,0,0.74371475,0.10976851,2.037309449906052,0.09780969470739365
clean,clean,0,1.4426081,0.13589686,3.9804768454966446,0.22146330773830414
clean,clean,0,0.65565515,0.08200312,2.518756232140039,0.13253599405288696
clean,clean,0,0.6028418,0.067881346,1.584036204859886,0.09820185601711273
clean,clean,0,1.0158461,0.14029002,3.2424820018547265,0.25108420848846436
clean,clean,0,0.629397,0.070757926,2.164577269828283,0.11746089905500412
clean,clean,0,0.9523268,0.16563988,2.489803522569936,0.1676660031080246
clean,clean,0,1.3580146,0.18979514,3.3813718456616835,0.16547174751758575
clean,clean,0,1.0002866,0.21396506,2.3112262085006754,0.10701798647642136
clean,clean,0,1.1686333,0.27118397,3.1156517983931526,0.10193983465433121
clean,clean,0,0.388165,0.029193759,1.889659769407673,0.12059734761714935
clean,clean,0,0.90650517,0.1695714,2.19110457682301,0.07510056346654892
clean,clean,0,0.99006444,0.13159347,2.853620269565922,0.10458016395568848
clean,clean,0,0.6084116,0.07323837,1.8254707005122528,0.09064294397830963
clean,clean,0,0.41676214,0.022069216,1.9468868105066905,0.18107977509498596
clean,clean,0,0.4745246,0.033589005,2.4045191364915546,0.1522943079471588
clean,clean,0,0.40929788,0.020558834,2.0133005652419844,0.16713036596775055
clean,clean,0,0.5431724,0.02151221,3.327864717968984,0.24618524312973022
clean,clean,0,1.1329778,0.16335183,2.5318166280271197,0.09178533405065536
clean,clean,0,0.9547892,0.19229847,2.110171592743747,0.12182145565748215
clean,clean,0,1.1050788,0.2522081,2.651553299547167,0.10498959571123123
clean,clean,0,0.99435574,0.17223918,2.583144677632479,0.153163880109787
clean,clean,0,1.0243865,0.21733171,2.3993407638948177,0.08306606858968735
clean,clean,0,1.1365163,0.21678251,3.262733600549861,0.15979252755641937
clean,clean,0,0.83833253,0.12230587,2.058628867242637,0.09258770942687988
clean,clean,0,0.77834594,0.12316978,2.0699768490317276,0.07913244515657425
clean,clean,0,0.7858385,0.120993435,1.8160676365700905,0.10286951065063477
clean,clean,0,0.94645995,0.18725431,2.305820429948697,0.1380849927663803
clean,clean,0,0.85989094,0.14752084,2.031648750305362,0.09759850054979324
clean,clean,0,1.3604109,0.1823467,4.912836955705457,0.33413687348365784
clean,clean,0,1.0999215,0.20486873,3.046924369621935,0.13749097287654877
clean,clean,0,1.1676105,0.19738775,3.67575483722611,0.17534410953521729
clean,clean,0,1.3244543,0.23237103,4.621072297714834,0.2622656226158142
clean,clean,0,1.0382686,0.191176,2.7460944037784403,0.11109688133001328
clean,clean,0,0.7848023,0.11616069,1.9972048119029886,0.10728166997432709
clean,clean,0,0.97655636,0.14236516,2.5885758470424243,0.10914388298988342
clean,clean,0,0.8216683,0.11416668,1.879529655294795,0.08608070760965347
clean,clean,0,0.9025187,0.13726962,2.2640539506100357,0.1190415546298027
clean,clean,0,0.6734161,0.06637573,1.6238102895720161,0.06604331731796265
clean,clean,0,0.767524,0.09385538,2.2135480541819152,0.15159545838832855
clean,clean,0,0.6685191,0.06264311,1.9263747552555999,0.13539837300777435
clean,clean,0,0.8763645,0.117750704,2.4345246853296127,0.13169831037521362
clean,clean,0,0.88598883,0.119458914,2.3100795026135277,0.08767412602901459
clean,clean,0,0.86689615,0.116877854,2.164601517791946,0.06372271478176117
clean,clean,0,0.7056875,0.09515947,1.9994060698879617,0.09866999089717865
clean,clean,0,0.536296,0.05585587,1.8591006175569689,0.10656512528657913
clean,clean,0,0.6978101,0.09431559,1.9125671327346032,0.08381017297506332
clean,clean,0,0.86664116,0.09636861,1.8834745312203849,0.0829806700348854
clean,clean,0,0.5261381,0.050146997,2.0642525613309375,0.12554962933063507
clean,clean,0,0.70557463,0.06843078,1.7674033430427656,0.10867835581302643
clean,clean,0,0.6753553,0.08267212,1.7101620424042607,0.10414017736911774
clean,clean,0,0.7993453,0.10763556,2.0528623761553937,0.10816506296396255
clean,clean,0,0.6358387,0.078532934,2.622265435166144,0.14580175280570984
clean,clean,0,0.5941415,0.06893861,2.177146935413132,0.11642628908157349
clean,clean,0,0.52634674,0.051870525,2.293270648712542,0.1622750461101532
clean,clean,0,0.5609924,0.06140846,2.117187043521702,0.12718361616134644
clean,clean,0,0.5338943,0.05129075,2.1548458924772964,0.14766204357147217
clean,clean,0,0.65042776,0.07449776,2.2680407623795222,0.10265560448169708
clean,clean,0,0.66666114,0.087608755,1.9616581243121176,0.09159751981496811
clean,clean,0,0.61788815,0.07416654,1.7874899496381762,0.11875592172145844
clean,clean,0,0.67348546,0.08084285,1.7077265644997899,0.10258328169584274
clean,clean,0,0.54945904,0.0576241,2.08517981781703,0.13109101355075836
clean,clean,0,0.81890565,0.13364005,1.9779505551346206,0.10930068790912628
clean,clean,0,0.5927209,0.058100343,1.5004045763688953,0.12793277204036713
clean,clean,0,0.95257205,0.15643644,3.071305599728544,0.2492632120847702
clean,clean,0,1.5509279,0.12272823,4.218556790827883,0.2972675561904907
clean,clean,0,0.81463486,0.11692196,2.382680569133069,0.1522262841463089
clean,clean,0,0.9683907,0.1773721,2.3914903194980486,0.10557440668344498
clean,clean,0,0.6883155,0.07515365,2.9696624206185773,0.2456933856010437
clean,clean,0,1.5678673,0.14475209,4.752078542113882,0.25965461134910583
clean,clean,0,0.5748484,0.06531942,1.5600346394713116,0.1358765810728073
clean,clean,0,1.4015706,0.13521677,4.246192654320702,0.2978549301624298
clean,clean,0,1.1580478,0.1320287,3.64199346034222,0.09967119246721268
clean,clean,0,0.48567146,0.036947906,1.7806070609569378,0.17642807960510254
clean,clean,0,0.73415774,0.10626769,1.919982221988343,0.10152626782655716
clean,clean,0,0.25367185,0.009961128,1.6042765964431074,0.15501682460308075
clean,clean,0,1.228544,0.16436136,3.8528648799502214,0.24314798414707184
clean,clean,0,0.23826565,0.009607375,1.753237454018681,0.1416729986667633
clean,clean,0,1.2663107,0.15197438,3.6867677435282746,0.20941311120986938
clean,clean,0,0.8488302,0.14370817,2.1974653374880133,0.10419058799743652
clean,clean,0,1.1050466,0.11806613,3.176924294334574,0.1020796075463295
clean,clean,0,0.51214707,0.05142784,1.9879907688443033,0.19435885548591614
clean,clean,0,1.0577224,0.09772384,2.325278225705946,0.11312515288591385
clean,clean,0,0.99114364,0.16921175,2.494554089388621,0.16934651136398315
clean,clean,0,0.8115746,0.091000974,2.2529742854306725,0.11746356636285782
clean,clean,0,1.3582693,0.080458045,4.084571427696345,0.35148632526397705
clean,clean,0,1.1915715,0.19837213,2.990895267299757,0.10206858813762665
clean,clean,0,0.66096747,0.06981665,1.6257382600338197,0.08110460638999939
clean,clean,0,0.27295598,0.0117691755,1.9106759013555126,0.1400289088487625
clean,clean,0,0.87586904,0.090934634,2.0704277272738283,0.08934507519006729
clean,clean,0,0.5184922,0.051730335,1.6864093004192773,0.15922972559928894
clean,clean,0,1.1941345,0.18887514,2.7052460451937126,0.09167726337909698
clean,clean,0,0.60979456,0.073711574,1.8799888599930479,0.13562709093093872
clean,clean,0,0.5714031,0.06310016,1.8045948636884597,0.08221936970949173
clean,clean,0,0.9882371,0.20753616,2.4668348511204936,0.11344990879297256
clean,clean,0,0.67336714,0.0907107,1.859668276196309,0.08936757594347
clean,clean,0,0.52907974,0.050385952,2.113855111912377,0.12702655792236328
clean,clean,0,0.6826574,0.067788124,2.055469861796474,0.13602185249328613
clean,clean,0,0.5367839,0.024428844,2.36712890237625,0.2373325377702713
clean,clean,0,0.52816874,0.05151409,1.9448162202678567,0.13640190660953522
clean,clean,0,0.47598025,0.043780565,1.641329846781944,0.12554962933063507
clean,clean,0,0.82920927,0.10281068,1.9048289842297144,0.0929642990231514
clean,clean,0,0.46926197,0.043044806,1.5861415782836847,0.11708075553178787
clean,clean,0,0.6541958,0.08406681,1.8480479809109254,0.09425342828035355
clean,clean,0,0.9567962,0.10905105,2.02643850101313,0.10281749814748764
clean,clean,0,0.9974189,0.12893975,2.4110517218660967,0.12240266054868698
clean,clean,0,0.61079943,0.06796062,1.819443114272316,0.1491396129131317
clean,clean,0,0.8372886,0.10602027,1.9586776391432894,0.10846693813800812
clean,clean,0,0.81981635,0.12780952,2.234845842032854,0.1053420677781105
clean,clean,0,0.47561473,0.03348452,2.0228061424155346,0.12797605991363525
clean,clean,0,0.9568994,0.18385571,2.230923644287401,0.13367460668087006
clean,clean,0,0.75746727,0.100135446,2.472478949361498,0.18690179288387299
clean,clean,0,0.6922477,0.0962885,1.9126217067501405,0.11137288063764572
clean,clean,0,1.1607928,0.2801327,3.130277477222799,0.1243373230099678
clean,clean,0,1.3437377,0.33055353,4.623927837979926,0.17702531814575195
clean,clean,0,1.1848469,0.3076263,3.3783621914764335,0.11514680832624435
clean,clean,0,1.1209219,0.27880836,3.0519355652944706,0.12251483649015427
clean,clean,0,1.3504602,0.32281452,4.68900470988667,0.1249397024512291
clean,clean,0,1.396453,0.33815253,5.545881454456273,0.15625372529029846
clean,clean,0,1.3247799,0.32095307,4.77956241836055,0.13238029181957245
clean,clean,0,1.2230196,0.31173736,3.689552270899717,0.11942541599273682
clean,clean,0,1.526269,0.3298148,6.907358419628519,0.3156989812850952
clean,clean,0,0.920237,0.12503254,2.4041786011326685,0.08727569133043289
clean,clean,0,1.0180194,0.13130927,2.820405187150857,0.09189838916063309
clean,clean,0,0.5971683,0.037866116,2.139186479940701,0.16768869757652283
clean,clean,0,1.3578142,0.1274693,3.7801308396749524,0.1358700841665268
clean,clean,0,0.2950463,0.007971883,1.7129484929400456,0.14206521213054657
clean,clean,0,0.4411284,0.016009927,2.723590211036235,0.16491428017616272
clean,clean,0,1.4731677,0.3067513,4.699645949476334,0.19404569268226624
clean,clean,0,0.9004688,0.088846564,2.011136167179801,0.1343863606452942
clean,clean,0,1.1188259,0.13291591,2.8328556067612114,0.1307266503572464
clean,clean,0,1.328857,0.24891335,4.09148261418298,0.24479451775550842
clean,clean,0,0.6536462,0.07924986,2.141857891240182,0.15707606077194214
clean,clean,0,0.67426085,0.07928085,2.2572158825696405,0.09911684691905975
clean,clean,0,0.5281124,0.053417623,1.7346435692760944,0.09165337681770325
clean,clean,0,0.57974094,0.052949727,1.7331468978466047,0.13687598705291748
clean,clean,0,1.1695681,0.2236672,3.2285699395737604,0.21590015292167664
clean,clean,0,0.40281415,0.03117472,1.679216268386456,0.11902330070734024
clean,clean,0,1.2384032,0.14447343,3.461109136929142,0.15683388710021973
clean,clean,0,1.0503165,0.1010313,2.6029203886298666,0.12810242176055908
clean,clean,0,0.8814722,0.102243245,2.039992478803697,0.08807689696550369
clean,clean,0,0.97758293,0.20049745,2.6039738766683227,0.1514567881822586
clean,clean,0,0.89774746,0.13707519,2.237211949529367,0.1043533906340599
clean,clean,0,0.85764205,0.13857752,1.9575915435767217,0.11870220303535461
clean,clean,0,0.4743355,0.041438043,2.056574236952179,0.14491473138332367
clean,clean,0,0.71007425,0.10157049,2.1417385657994337,0.15296393632888794
clean,clean,0,0.665377,0.053119183,1.9328586465441029,0.16287705302238464
clean,clean,0,0.88667333,0.15204746,2.122359545888366,0.10312293469905853
clean,clean,0,0.95140946,0.1123752,2.3021206790086826,0.0926608219742775
clean,clean,0,0.8629131,0.15293854,1.8711346847130195,0.1358034610748291
clean,clean,0,0.5271,0.0546273,1.5391347728428681,0.14534598588943481
clean,clean,0,0.85110414,0.1141333,1.9463187571116278,0.08150384575128555
clean,clean,0,1.3225003,0.3229311,4.816615851006692,0.14205023646354675
clean,clean,0,0.9876156,0.12461281,2.4353749634927344,0.07086120545864105
clean,clean,0,1.1683375,0.10900235,2.7996684559385367,0.16375745832920074
clean,clean,0,0.7733807,0.12176579,2.061746449609405,0.07701367139816284
clean,clean,0,1.2837601,0.09538436,3.247667102700285,0.15490254759788513
clean,clean,0,0.81889415,0.11898035,2.261115820302414,0.0757528617978096
clean,clean,0,0.71593356,0.10187614,2.251462020380525,0.09866999089717865
clean,clean,0,0.66323674,0.087492585,2.036015144908207,0.10294982045888901
clean,clean,0,0.8637446,0.124090254,2.4069462003689734,0.07450241595506668
clean,clean,0,0.8654621,0.12582594,2.3481739780773756,0.08552222698926926
clean,clean,0,0.57650125,0.06081593,2.191243006852231,0.09998305886983871
clean,clean,0,0.7954953,0.110952854,2.078277085742987,0.0760670080780983
clean,clean,0,1.2229755,0.12790811,3.186658004982778,0.07214497029781342
clean,clean,0,0.2413509,0.010883629,1.980948806198359,0.15559259057044983
clean,clean,0,0.8115186,0.12706739,2.4765314098912117,0.1742885708808899
clean,clean,0,0.83657604,0.123541415,2.416807865352272,0.19047938287258148
clean,clean,0,0.19313629,0.0060138702,2.013393863876797,0.1656346321105957
clean,clean,0,0.2261448,0.0080292225,2.461303225296342,0.1600252389907837
clean,clean,0,0.8706613,0.14454961,2.13186630033392,0.120612233877182
clean,clean,0,0.9078901,0.14878917,2.337173765905078,0.11312887817621231
clean,clean,0,0.7113267,0.0937134,2.5357563457487857,0.2456933856010437
clean,clean,0,0.9296457,0.11579031,2.3408396111009675,0.11764293164014816
clean,clean,0,0.5253636,0.044353604,2.312810172587955,0.21815980970859528
clean,clean,0,0.6793655,0.087349236,2.0180773475457494,0.18935081362724304
clean,clean,0,0.62241054,0.07312268,2.1777814597196077,0.18438051640987396
clean,clean,0,0.82183796,0.093854606,2.440284055830593,0.16543792188167572
clean,clean,0,0.5189978,0.052037716,1.9300215531869878,0.10868224501609802
clean,clean,0,0.57637775,0.065675616,2.060889142964374,0.1241152286529541
clean,clean,0,1.1497597,0.18159288,2.5636957219164476,0.12088507413864136
clean,clean,0,0.79478496,0.10781348,2.222354662481416,0.1386151909828186
clean,clean,0,0.44659534,0.017438948,1.85635545908422,0.1800731122493744
clean,clean,0,0.33226857,0.012954295,1.8040622660437244,0.16661643981933594
clean,clean,0,1.1265135,0.1214121,2.7888032073206634,0.12082315236330032
