sample_id,source_form,clean_form_id,anomaly_type,clean_score,synthetic_score,score_change,relative_change
synthetic_form_00001,m04-222,m04-222,thinning,0.7867563366889954,0.5633801221847534,-0.22337621450424194,-0.283920448108622
synthetic_form_00002,b05-098,b05-098,thickening,0.9432365298271179,1.2458698749542236,0.3026333451271057,0.3208456546674646
synthetic_form_00003,g06-042d,g06-042d,thinning,1.3956836462020874,0.6987957954406738,-0.6968878507614136,-0.4993164802529636
synthetic_form_00004,h07-054a,h07-054a,thinning,0.5673873424530029,0.5551896691322327,-0.012197673320770264,-0.021497964781970715
synthetic_form_00005,d01-024,d01-024,thickening,1.4312589168548584,1.5974143743515015,0.16615545749664307,0.11609042527459647
synthetic_form_00006,p02-081,p02-081,thinning,0.9902951717376709,1.1545029878616333,0.1642078161239624,0.16581704036550693
synthetic_form_00007,f07-028b,f07-028b,thickening,1.1741693019866943,1.2315614223480225,0.057392120361328125,0.048878913607630116
synthetic_form_00008,f07-084a,f07-084a,dropout,1.1890922784805298,1.2875467538833618,0.09845447540283203,0.08279801017685612
synthetic_form_00009,k02-023,k02-023,blur,0.753130316734314,0.9148550033569336,0.16172468662261963,0.21473665431039288
synthetic_form_00010,m04-030,m04-030,thinning,1.1106202602386475,0.7834394574165344,-0.32718080282211304,-0.2945928609350964
synthetic_form_00011,a02-116,a02-116,thickening,0.32160085439682007,0.3903912901878357,0.06879043579101562,0.21390003388217202
synthetic_form_00012,b01-027,b01-027,blur,0.7342682480812073,0.8323492407798767,0.09808099269866943,0.13357651187997022
synthetic_form_00013,c03-000a,c03-000a,blur,0.8007901906967163,1.0578038692474365,0.2570136785507202,0.3209500794678919
synthetic_form_00014,p02-131,p02-131,thinning,0.8735567927360535,0.8174701929092407,-0.056086599826812744,-0.06420486870589845
synthetic_form_00015,c03-000b,c03-000b,thinning,1.3202664852142334,0.9306424260139465,-0.38962405920028687,-0.2951101619351966
synthetic_form_00016,a03-066,a03-066,blur,0.9676379561424255,1.284981608390808,0.31734365224838257,0.327957008046616
synthetic_form_00017,g06-026l,g06-026l,blur,1.161317229270935,0.8258744478225708,-0.33544278144836426,-0.28884681128039774
synthetic_form_00018,c06-058,c06-058,dropout,0.2622915804386139,0.6260805130004883,0.3637889325618744,1.3869637678948563
synthetic_form_00019,b06-023,b06-023,blur,0.34962156414985657,0.3862360715866089,0.03661450743675232,0.10472611001133021
synthetic_form_00020,r06-070,r06-070,blur,0.7543631792068481,1.069310188293457,0.3149470090866089,0.41750050054503607
synthetic_form_00021,d01-016,d01-016,thickening,1.3252894878387451,0.8123964667320251,-0.51289302110672,-0.3870045163287986
synthetic_form_00022,b01-136,b01-136,dropout,0.1790376454591751,0.46448129415512085,0.28544364869594574,1.5943218646595478
synthetic_form_00023,l07-085,l07-085,dropout,0.4638652205467224,0.6445390582084656,0.18067383766174316,0.3894964006006588
synthetic_form_00024,j06-014,j06-014,thickening,1.1257896423339844,1.186180830001831,0.06039118766784668,0.0536434026930731
synthetic_form_00025,k02-029,k02-029,thickening,1.2067245244979858,1.4081052541732788,0.20138072967529297,0.16688210433963718
synthetic_form_00026,g06-045m,g06-045m,blur,0.9801647663116455,0.6338837146759033,-0.3462810516357422,-0.35328861024652997
synthetic_form_00027,h07-030a,h07-030a,blur,1.1976559162139893,1.2410043478012085,0.04334843158721924,0.036194394932985145
synthetic_form_00028,m04-216,m04-216,thinning,0.7595238089561462,0.8236373066902161,0.06411349773406982,0.08441275458903236
synthetic_form_00029,c02-078,c02-078,thickening,0.35164836049079895,0.34890216588974,-0.00274619460105896,-0.007809490478303853
synthetic_form_00030,f04-057,f04-057,blur,0.5280402302742004,0.8690524101257324,0.341012179851532,0.6458071825633049
synthetic_form_00031,f01-085,f01-085,thickening,1.0598218441009521,0.5689760446548462,-0.49084579944610596,-0.463139911247151
synthetic_form_00032,r02-137,r02-137,thinning,1.4662582874298096,1.2997817993164062,-0.16647648811340332,-0.11353830931781829
synthetic_form_00033,n02-120,n02-120,blur,1.6291420459747314,0.8204753398895264,-0.8086667060852051,-0.49637580904592876
synthetic_form_00034,j06-000,j06-000,thinning,1.0287461280822754,1.306331753730774,0.27758562564849854,0.2698290816099261
synthetic_form_00035,g06-026h,g06-026h,dropout,0.9000847935676575,0.6743050217628479,-0.22577977180480957,-0.250842777158206
synthetic_form_00036,j01-066,j01-066,thinning,0.7890195250511169,0.8585447072982788,0.06952518224716187,0.08811592002301646
synthetic_form_00037,f07-036,f07-036,thinning,0.9793670773506165,1.2346826791763306,0.2553156018257141,0.26069448843374327
synthetic_form_00038,a01-020,a01-020,thinning,0.5448026061058044,0.8443448543548584,0.29954224824905396,0.5498179329426729
synthetic_form_00039,a01-132u,a01-132u,thinning,1.5449985265731812,1.5736054182052612,0.028606891632080078,0.018515805002333782
synthetic_form_00040,n04-009,n04-009,thinning,0.6660546660423279,0.5892348289489746,-0.07681983709335327,-0.11533563212830196
synthetic_form_00041,d06-003,d06-003,thinning,0.7324744462966919,0.6080625057220459,-0.124411940574646,-0.16985157571727308
synthetic_form_00042,a06-152,a06-152,dropout,0.6087468862533569,0.6670796275138855,0.058332741260528564,0.09582429351106016
synthetic_form_00043,g07-044,g07-044,thickening,1.0809845924377441,0.9382578730583191,-0.14272671937942505,-0.1320339985024393
synthetic_form_00044,r02-078,r02-078,thinning,0.38442403078079224,0.39573734998703003,0.011313319206237793,0.029429270820991442
synthetic_form_00045,c03-096c,c03-096c,dropout,0.5765689015388489,0.6955258250236511,0.11895692348480225,0.20631865697945628
synthetic_form_00046,c03-087a,c03-087a,thickening,0.937038779258728,1.1862255334854126,0.24918675422668457,0.26593003094761003
synthetic_form_00047,k04-054,k04-054,thickening,0.9890170693397522,1.2022550106048584,0.2132379412651062,0.215605924022525
synthetic_form_00048,d04-101,d04-101,dropout,1.139277458190918,1.0255917310714722,-0.1136857271194458,-0.0997875673780942
synthetic_form_00049,c06-080,c06-080,dropout,0.9226701855659485,1.1054702997207642,0.18280011415481567,0.1981207532586327
synthetic_form_00050,a01-003x,a01-003x,blur,0.5412374138832092,0.3559531271457672,-0.18528428673744202,-0.34233458102007286
synthetic_form_00051,g06-042f,g06-042f,thinning,1.275740385055542,0.8630563616752625,-0.41268402338027954,-0.32348589492011226
synthetic_form_00052,e07-007,e07-007,thickening,1.0066158771514893,0.7766338586807251,-0.22998201847076416,-0.22847048353425536
synthetic_form_00053,f02-040,f02-040,dropout,1.1415342092514038,1.2437744140625,0.10224020481109619,0.0895638545799734
synthetic_form_00054,h07-037a,h07-037a,thickening,0.7952728867530823,1.052606225013733,0.25733333826065063,0.323578659993675
synthetic_form_00055,a05-094(1),a05-094,thickening,1.114975929260254,1.4650366306304932,0.35006070137023926,0.31396256102395526
synthetic_form_00056,d04-086,d04-086,thinning,1.1807557344436646,0.9447664022445679,-0.23598933219909668,-0.1998629549842144
synthetic_form_00057,m02-095,m02-095,blur,0.5712051391601562,0.655902624130249,0.08469748497009277,0.1482785739845371
synthetic_form_00058,e01-025,e01-025,thinning,0.9863700866699219,1.2024897336959839,0.216119647026062,0.2191060411864697
synthetic_form_00059,g06-026a,g06-026a,dropout,0.7935196757316589,0.48062530159950256,-0.31289437413215637,-0.39431205017132553
synthetic_form_00060,f03-182,f03-182,thickening,0.9468734264373779,0.5879654288291931,-0.3589079976081848,-0.3790453758620373
synthetic_form_00061,k02-053,k02-053,thinning,0.5711131691932678,0.7265767455101013,0.1554635763168335,0.2722115019941148
synthetic_form_00062,a04-089,a04-089,blur,0.6433314681053162,0.851879358291626,0.20854789018630981,0.32416863978194704
synthetic_form_00063,c02-022,c02-022,blur,0.35914146900177,0.5673825740814209,0.20824110507965088,0.5798302820895399
synthetic_form_00064,m01-131,m01-131,thickening,0.4046879708766937,0.3934398293495178,-0.011248141527175903,-0.027794602406546767
synthetic_form_00065,k04-093,k04-093,thinning,0.9174607396125793,0.9015591740608215,-0.015901565551757812,-0.01733214806025505
synthetic_form_00066,b03-109,b03-109,thinning,0.61092209815979,0.6092702746391296,-0.0016518235206604004,-0.002703820173795964
synthetic_form_00067,e04-079,e04-079,thinning,0.2021609991788864,0.36442017555236816,0.16225917637348175,0.80262349813412
synthetic_form_00068,h07-057a,h07-057a,thickening,0.5193832516670227,0.589783787727356,0.07040053606033325,0.13554640908983917
synthetic_form_00069,g06-042g,g06-042g,blur,1.2180651426315308,0.7080169320106506,-0.5100482106208801,-0.4187363947806589
synthetic_form_00070,b04-195,b04-195,dropout,0.29264140129089355,0.5554913878440857,0.26284998655319214,0.8981981920935724
synthetic_form_00071,k04-061,k04-061,thickening,0.5986843109130859,0.7518944144248962,0.1532101035118103,0.25591133450453696
synthetic_form_00072,a05-044,a05-044,blur,1.2934266328811646,1.3919535875320435,0.0985269546508789,0.07617513926526656
synthetic_form_00073,l04-034,l04-034,thinning,0.9098915457725525,0.7488011717796326,-0.16109037399291992,-0.17704348718363974
synthetic_form_00074,f01-139,f01-139,blur,1.0449047088623047,0.6128225922584534,-0.4320821166038513,-0.4135134130452618
synthetic_form_00075,c06-031,c06-031,blur,1.395106554031372,0.9737298488616943,-0.42137670516967773,-0.3020390814820954
synthetic_form_00076,k04-156,k04-156,thinning,0.7931586503982544,0.6100051999092102,-0.1831534504890442,-0.23091653616576618
synthetic_form_00077,c02-089,c02-089,thinning,0.5930278301239014,0.8741016983985901,0.2810738682746887,0.47396403550963795
synthetic_form_00078,g06-031r,g06-031r,blur,0.6841490864753723,0.645301103591919,-0.03884798288345337,-0.056782919225636656
synthetic_form_00079,c02-035,c02-035,dropout,1.1445306539535522,0.5696792006492615,-0.5748514533042908,-0.5022595474363102
synthetic_form_00080,d01-060,d01-060,blur,0.9469994902610779,1.0839641094207764,0.1369646191596985,0.1446300859947009
synthetic_form_00081,f01-066,f01-066,thinning,0.8040260076522827,0.568501353263855,-0.23552465438842773,-0.29293163307842746
synthetic_form_00082,n02-120,n02-120,blur,1.6291420459747314,0.8116932511329651,-0.8174487948417664,-0.5017664308915523
synthetic_form_00083,a04-096,a04-096,dropout,0.5260639190673828,0.7748514413833618,0.248787522315979,0.4729226023100172
synthetic_form_00084,n04-171,n04-171,thickening,0.9877142310142517,0.8828314542770386,-0.10488277673721313,-0.10618736916206899
synthetic_form_00085,c03-081c,c03-081c,dropout,0.991320013999939,1.2044508457183838,0.21313083171844482,0.21499700052307016
synthetic_form_00086,f07-088b,f07-088b,dropout,1.6796786785125732,1.3284251689910889,-0.3512535095214844,-0.2091194654809452
synthetic_form_00087,m01-060,m01-060,thinning,0.5426687598228455,0.7332740426063538,0.1906052827835083,0.3512368748356967
synthetic_form_00088,a02-102,a02-102,thinning,0.7976937294006348,0.9441350698471069,0.14644134044647217,0.1835809073247888
synthetic_form_00089,g06-045f,g06-045f,blur,1.3057661056518555,0.9395116567611694,-0.36625444889068604,-0.28049008509295487
synthetic_form_00090,n03-064,n03-064,blur,1.1738682985305786,0.8165669441223145,-0.35730135440826416,-0.30437941957520415
synthetic_form_00091,n03-106,n03-106,blur,1.266360878944397,1.5160695314407349,0.2497086524963379,0.19718601125188576
synthetic_form_00092,k04-093,k04-093,dropout,0.9174607396125793,0.8932007551193237,-0.024259984493255615,-0.02644253119656617
synthetic_form_00093,n04-139,n04-139,blur,1.153702974319458,0.9287821650505066,-0.22492080926895142,-0.19495555816874902
synthetic_form_00094,g06-031e,g06-031e,blur,1.0626894235610962,0.7693647146224976,-0.29332470893859863,-0.2760211023795174
synthetic_form_00095,e04-124,e04-124,blur,0.8682206273078918,0.8214810490608215,-0.04673957824707031,-0.05383375635022522
synthetic_form_00096,g07-030,g07-030,dropout,0.733567476272583,0.8015548586845398,0.06798738241195679,0.0926804740998208
synthetic_form_00097,r03-056,r03-056,blur,0.4410107731819153,0.5409405827522278,0.0999298095703125,0.2265926670756525
synthetic_form_00098,j01-045,j01-045,blur,0.5532415509223938,0.9604735374450684,0.40723198652267456,0.7360835036393789
synthetic_form_00099,a06-114,a06-114,blur,0.4055110514163971,0.6536616683006287,0.24815061688423157,0.6119453709042459
synthetic_form_00100,d01-118,d01-118,thickening,0.47094061970710754,0.29865121841430664,-0.1722894012928009,-0.365841022041256
synthetic_form_00101,h01-027,h01-027,dropout,1.1726181507110596,1.3598055839538574,0.18718743324279785,0.15963204350279717
synthetic_form_00102,g06-037e,g06-037e,dropout,0.5771812200546265,0.7342672944068909,0.1570860743522644,0.2721607463524017
synthetic_form_00103,g06-026i,g06-026i,thickening,0.9682407379150391,0.8182314038276672,-0.15000933408737183,-0.15492978828911547
synthetic_form_00104,c06-138,c06-138,dropout,1.0294004678726196,1.2043547630310059,0.17495429515838623,0.1699574644845225
synthetic_form_00105,a03-023,a03-023,dropout,0.7112815976142883,0.9340803623199463,0.22279876470565796,0.3132356612635436
synthetic_form_00106,b05-042,b05-042,blur,1.2334142923355103,1.4715607166290283,0.23814642429351807,0.19307901963077617
synthetic_form_00107,g06-047l,g06-047l,dropout,0.7666599750518799,0.7475818991661072,-0.019078075885772705,-0.024884663681099373
synthetic_form_00108,k04-022,k04-022,dropout,0.9474345445632935,0.9246330261230469,-0.022801518440246582,-0.024066589433986412
synthetic_form_00109,d07-102,d07-102,dropout,0.9416348338127136,0.6811869144439697,-0.2604479193687439,-0.2765912084499558
synthetic_form_00110,m04-007,m04-007,thickening,0.5308173298835754,0.5422700643539429,0.011452734470367432,0.021575660043206893
synthetic_form_00111,e04-114,e04-114,blur,1.0693806409835815,0.6293152570724487,-0.4400653839111328,-0.4115142568797883
synthetic_form_00112,k02-097,k02-097,thinning,0.7191853523254395,0.5784406661987305,-0.14074468612670898,-0.19570015395143767
synthetic_form_00113,p01-174,p01-174,thickening,1.8982852697372437,1.2394773960113525,-0.6588078737258911,-0.3470541971526439
synthetic_form_00114,g06-031h,g06-031h,dropout,0.6574930548667908,0.6270946264266968,-0.030398428440093994,-0.04623383890178791
synthetic_form_00115,a04-031,a04-031,dropout,0.5093162655830383,0.5940060019493103,0.08468973636627197,0.16628122922112323
synthetic_form_00116,l04-066,l04-066,dropout,0.8579030632972717,0.8054731488227844,-0.052429914474487305,-0.06111403036822999
synthetic_form_00117,h02-008,h02-008,dropout,0.5685248970985413,0.36826762557029724,-0.20025727152824402,-0.3522401024613928
synthetic_form_00118,g06-037o,g06-037o,thinning,1.5709288120269775,1.5448036193847656,-0.026125192642211914,-0.016630411432965144
synthetic_form_00119,d01-016,d01-016,thickening,1.3252894878387451,0.7978565692901611,-0.527432918548584,-0.3979756267658582
synthetic_form_00120,f07-028a,f07-028a,dropout,1.1124730110168457,1.4464104175567627,0.333937406539917,0.3001757348098964
synthetic_form_00121,b04-154,b04-154,dropout,1.5014209747314453,1.1633402109146118,-0.3380807638168335,-0.22517386346328774
synthetic_form_00122,l04-159,l04-159,thickening,0.4995952844619751,0.6904428601264954,0.19084757566452026,0.38200434988093335
synthetic_form_00123,g06-042r,g06-042r,thinning,0.9422772526741028,0.8717496395111084,-0.07052761316299438,-0.07484804733889366
synthetic_form_00124,e01-018,e01-018,dropout,0.8110048174858093,0.8669071793556213,0.05590236186981201,0.06892975229643768
synthetic_form_00125,f04-079,f04-079,blur,0.8623118996620178,1.119814157485962,0.2575022578239441,0.29861846385128993
synthetic_form_00126,r06-137,r06-137,dropout,0.5173635482788086,0.6554394364356995,0.13807588815689087,0.2668836757970522
synthetic_form_00127,a01-063x,a01-063x,thinning,1.3327020406723022,1.282667636871338,-0.050034403800964355,-0.03754357830823756
synthetic_form_00128,n02-000,n02-000,thinning,0.7152602076530457,0.6192799806594849,-0.09598022699356079,-0.1341892427744644
synthetic_form_00129,a01-072u,a01-072u,thinning,1.2405136823654175,1.5259102582931519,0.2853965759277344,0.23006322113505964
synthetic_form_00130,n04-015,n04-015,dropout,0.6927564740180969,0.7919603586196899,0.09920388460159302,0.14320166882624444
synthetic_form_00131,p02-105,p02-105,thinning,0.20480407774448395,0.5101180076599121,0.30531392991542816,1.4907609182895876
synthetic_form_00132,c03-000c,c03-000c,thickening,0.8221896290779114,1.2912039756774902,0.46901434659957886,0.5704454596698398
synthetic_form_00133,l01-173,l01-173,thinning,0.5982745289802551,0.4287591278553009,-0.16951540112495422,-0.283340490160068
synthetic_form_00134,l04-159,l04-159,thickening,0.4995952844619751,0.7047268152236938,0.20513153076171875,0.410595401989583
synthetic_form_00135,e07-094,e07-094,thickening,0.8078530430793762,1.2015318870544434,0.39367884397506714,0.4873149175762116
synthetic_form_00136,a02-078,a02-078,blur,0.275005578994751,0.5937657356262207,0.3187601566314697,1.1591042851043798
synthetic_form_00137,a04-092,a04-092,thickening,0.47949400544166565,0.5844220519065857,0.10492804646492004,0.218830773869555
synthetic_form_00138,h05-012,h05-012,dropout,1.272458553314209,1.124337911605835,-0.14812064170837402,-0.11640508066728968
synthetic_form_00139,p03-029,p03-029,blur,1.170729637145996,1.338114619255066,0.16738498210906982,0.14297492381534954
synthetic_form_00140,m02-069,m02-069,dropout,0.6354478001594543,0.6014426350593567,-0.034005165100097656,-0.05351370255185026
synthetic_form_00141,g06-045o,g06-045o,thinning,1.2328431606292725,1.2246384620666504,-0.00820469856262207,-0.006655103226498953
synthetic_form_00142,e04-038,e04-038,dropout,0.6856580972671509,0.3149557113647461,-0.3707023859024048,-0.5406519400462206
synthetic_form_00143,f07-028a,f07-028a,thinning,1.1124730110168457,1.4383233785629272,0.32585036754608154,0.29290630998695233
synthetic_form_00144,c06-052,c06-052,blur,0.358576238155365,0.5256490707397461,0.1670728325843811,0.46593390790343503
synthetic_form_00145,e04-043,e04-043,thinning,0.22635723650455475,0.5483143925666809,0.32195715606212616,1.4223408396852353
synthetic_form_00146,d05-030,d05-030,thinning,0.28554949164390564,0.4859398603439331,0.20039036870002747,0.7017710328555368
synthetic_form_00147,m06-091,m06-091,thickening,0.7784488797187805,0.5959819555282593,-0.18246692419052124,-0.2343980787954345
synthetic_form_00148,e06-049,e06-049,blur,1.1468647718429565,1.629431962966919,0.4825671911239624,0.42077078201712687
synthetic_form_00149,n03-066,n03-066,blur,0.6411076188087463,0.7792466878890991,0.13813906908035278,0.21546938902759818
synthetic_form_00150,g06-042k,g06-042k,blur,1.0076985359191895,0.7153033018112183,-0.2923952341079712,-0.2901614131448983
synthetic_form_00151,p02-139,p02-139,blur,1.1115083694458008,0.8617672920227051,-0.2497410774230957,-0.22468663488404547
synthetic_form_00152,d04-047,d04-047,blur,0.9709910750389099,0.9896860122680664,0.018694937229156494,0.019253459189491264
synthetic_form_00153,b04-040,b04-040,thinning,0.8263915777206421,0.7079175114631653,-0.1184740662574768,-0.14336310777830233
synthetic_form_00154,r03-110,r03-110,blur,0.8299622535705566,0.6542807221412659,-0.17568153142929077,-0.21167411958405954
synthetic_form_00155,b01-023,b01-023,blur,0.34846508502960205,0.28124767541885376,-0.06721740961074829,-0.1928956746874122
synthetic_form_00156,c03-081e,c03-081e,thinning,1.367356777191162,1.5402166843414307,0.17285990715026855,0.1264190215527866
synthetic_form_00157,a02-116,a02-116,thinning,0.32160085439682007,0.4003090560436249,0.07870820164680481,0.24473877517221954
synthetic_form_00158,b01-049,b01-049,dropout,0.5892797112464905,0.9396440386772156,0.3503643274307251,0.5945636932654107
synthetic_form_00159,h02-022,h02-022,thickening,1.0244169235229492,1.1036096811294556,0.07919275760650635,0.07730520163715378
synthetic_form_00160,h02-017,h02-017,dropout,0.496934711933136,0.5715766549110413,0.07464194297790527,0.15020472445060615
synthetic_form_00161,h06-082,h06-082,thinning,1.1004419326782227,1.32477867603302,0.22433674335479736,0.20386058969073217
synthetic_form_00162,k07-085,k07-085,thickening,0.875640332698822,1.3401011228561401,0.4644607901573181,0.5304241564816414
synthetic_form_00163,g06-037i,g06-037i,thinning,0.8556964993476868,1.0664958953857422,0.21079939603805542,0.24634831828255518
synthetic_form_00164,g06-050k,g06-050k,dropout,0.39294639229774475,0.5062007904052734,0.11325439810752869,0.2882184375407849
synthetic_form_00165,f01-066,f01-066,thickening,0.8040260076522827,0.5667209029197693,-0.23730510473251343,-0.29514605189696835
synthetic_form_00166,m03-118,m03-118,thinning,1.0496855974197388,1.1280652284622192,0.07837963104248047,0.07466962535110643
synthetic_form_00167,c03-016d,c03-016d,dropout,0.5704928636550903,0.34275469183921814,-0.2277381718158722,-0.3991954717274147
synthetic_form_00168,g06-050k,g06-050k,thinning,0.39294639229774475,0.5390322804450989,0.14608588814735413,0.37177051957498625
synthetic_form_00169,p03-027,p03-027,thickening,0.4503422677516937,0.3530884087085724,-0.09725385904312134,-0.21595542734440853
synthetic_form_00170,d04-071,d04-071,thinning,0.6757819652557373,0.36730706691741943,-0.30847489833831787,-0.45647103597514743
synthetic_form_00171,b03-104,b03-104,blur,0.2663376033306122,0.30943551659584045,0.04309791326522827,0.16181684864664478
synthetic_form_00172,b06-019,b06-019,blur,0.9264475107192993,1.2129955291748047,0.28654801845550537,0.309297625658308
synthetic_form_00173,l07-065,l07-065,thickening,1.6108862161636353,1.3607813119888306,-0.2501049041748047,-0.15525919839195323
synthetic_form_00174,n06-156,n06-156,blur,0.5433154702186584,0.5716549754142761,0.028339505195617676,0.05216031242881646
synthetic_form_00175,h07-030,h07-030,thickening,1.2545835971832275,1.3897042274475098,0.13512063026428223,0.10770157484175412
synthetic_form_00176,r03-035,r03-035,thickening,0.8487733006477356,0.5930606722831726,-0.255712628364563,-0.30127317289161415
synthetic_form_00177,d04-021,d04-021,blur,0.7638538479804993,0.7918981313705444,0.028044283390045166,0.036714200101298854
synthetic_form_00178,l01-179,l01-179,dropout,0.9950087070465088,1.0705418586730957,0.07553315162658691,0.07591205014845748
synthetic_form_00179,j04-012,j04-012,thinning,1.3262240886688232,1.4185223579406738,0.09229826927185059,0.06959477615019478
synthetic_form_00180,m04-138,m04-138,blur,1.6751129627227783,1.5105695724487305,-0.16454339027404785,-0.09822823472412977
synthetic_form_00181,g06-031j,g06-031j,thinning,0.47859659790992737,0.37612247467041016,-0.10247412323951721,-0.21411376835082585
synthetic_form_00182,g06-031r,g06-031r,dropout,0.6841490864753723,0.6186098456382751,-0.06553924083709717,-0.09579672205188158
synthetic_form_00183,k04-050,k04-050,blur,0.8397307395935059,0.687693178653717,-0.15203756093978882,-0.18105513108027382
synthetic_form_00184,d06-086,d06-086,thickening,1.050744891166687,1.3858988285064697,0.3351539373397827,0.3189679407129618
synthetic_form_00185,k03-138,k03-138,thinning,1.238477110862732,1.036758542060852,-0.20171856880187988,-0.16287629815992186
synthetic_form_00186,m03-020,m03-020,thickening,0.8945285081863403,0.6227041482925415,-0.27182435989379883,-0.3038744482343879
synthetic_form_00187,e01-107,e01-107,dropout,0.7985751628875732,1.1086758375167847,0.3101006746292114,0.388317449824938
synthetic_form_00188,p02-090,p02-090,thinning,0.27810388803482056,0.3136402368545532,0.035536348819732666,0.12778083684135655
synthetic_form_00189,f02-017,f02-017,thickening,1.110878586769104,0.6778466105461121,-0.43303197622299194,-0.3898103514483299
synthetic_form_00190,b03-087,b03-087,dropout,1.2420580387115479,1.3996422290802002,0.15758419036865234,0.1268734505058944
synthetic_form_00191,p03-181,p03-181,dropout,0.8892027139663696,1.1541152000427246,0.264912486076355,0.2979213613906722
synthetic_form_00192,h04-000,h04-000,thinning,0.8764576315879822,0.788512647151947,-0.08794498443603516,-0.10034139730551588
synthetic_form_00193,c03-096d,c03-096d,thinning,0.6305203437805176,0.7800005078315735,0.1494801640510559,0.23707428817292317
synthetic_form_00194,e04-015,e04-015,blur,0.6772273182868958,0.8539025187492371,0.1766752004623413,0.2608801994291286
synthetic_form_00195,a01-007,a01-007,dropout,0.9193845987319946,0.7806721925735474,-0.13871240615844727,-0.150875275527788
synthetic_form_00196,b06-071,b06-071,blur,0.9656418561935425,1.0605132579803467,0.0948714017868042,0.09824698483794739
synthetic_form_00197,f07-013,f07-013,dropout,1.2017951011657715,1.144140601158142,-0.057654500007629395,-0.047973651641587296
synthetic_form_00198,g06-101,g06-101,thinning,0.9196045994758606,0.8345801830291748,-0.08502441644668579,-0.09245757967127465
synthetic_form_00199,d04-071,d04-071,thickening,0.6757819652557373,0.4044411778450012,-0.2713407874107361,-0.40152119669668923
synthetic_form_00200,r06-053,r06-053,dropout,0.2660326063632965,0.37236979603767395,0.10633718967437744,0.39971485875687673
synthetic_form_00201,n03-066,n03-066,thickening,0.6411076188087463,0.7751764059066772,0.1340687870979309,0.20912056115608316
synthetic_form_00202,h07-037,h07-037,dropout,1.0493433475494385,1.2571742534637451,0.20783090591430664,0.1980580564207888
synthetic_form_00203,b01-018,b01-018,thinning,0.6093425154685974,0.645268440246582,0.03592592477798462,0.05895850572772155
synthetic_form_00204,n02-037,n02-037,blur,0.5454443693161011,0.48389700055122375,-0.06154736876487732,-0.11283894581890778
synthetic_form_00205,f07-039a,f07-039a,thickening,0.8075706362724304,0.7979279160499573,-0.009642720222473145,-0.011940404554055838
synthetic_form_00206,n04-084,n04-084,dropout,0.9644722938537598,0.963960587978363,-0.0005117058753967285,-0.0005305552822534104
synthetic_form_00207,k02-112,k02-112,thinning,1.0313596725463867,1.194279670715332,0.1629199981689453,0.15796622742388206
synthetic_form_00208,d04-008,d04-008,thickening,1.0077024698257446,0.7473819255828857,-0.2603205442428589,-0.25833075680023576
synthetic_form_00209,c03-003b,c03-003b,thickening,1.381169319152832,0.9864524006843567,-0.39471691846847534,-0.2857845958037476
synthetic_form_00210,a03-066,a03-066,dropout,0.9676379561424255,1.2913209199905396,0.323682963848114,0.33450833387460477
synthetic_form_00211,b06-049,b06-049,thinning,1.1422699689865112,1.2447452545166016,0.10247528553009033,0.08971196601088335
synthetic_form_00212,c03-021b,c03-021b,thinning,1.3384697437286377,0.8132976293563843,-0.5251721143722534,-0.39236756221741803
synthetic_form_00213,l04-052,l04-052,blur,1.041182041168213,0.5688337683677673,-0.47234827280044556,-0.45366540104150643
synthetic_form_00214,g07-007b,g07-007b,dropout,0.5145738124847412,0.3085117042064667,-0.20606210827827454,-0.40045198429110707
synthetic_form_00215,e04-132,e04-132,blur,0.8464484214782715,0.9613810181617737,0.1149325966835022,0.13578216038841173
synthetic_form_00216,l04-106,l04-106,blur,0.9999990463256836,0.9675780534744263,-0.032420992851257324,-0.03242102344614446
synthetic_form_00217,g06-115,g06-115,dropout,1.3865450620651245,0.9501025676727295,-0.436442494392395,-0.31476978511946696
synthetic_form_00218,h04-007,h04-007,blur,0.6312551498413086,0.7171422243118286,0.08588707447052002,0.13605761969868285
synthetic_form_00219,l01-143,l01-143,thickening,0.6170753240585327,0.8044940829277039,0.18741875886917114,0.30372103457208277
synthetic_form_00220,g06-026a,g06-026a,thickening,0.7935196757316589,0.484505832195282,-0.30901384353637695,-0.38942177376664955
synthetic_form_00221,r06-057,r06-057,thinning,0.29732826352119446,0.6084169745445251,0.3110887110233307,1.0462802858913294
synthetic_form_00222,c06-138,c06-138,thinning,1.0294004678726196,1.2040060758590698,0.1746056079864502,0.16961873608927575
synthetic_form_00223,m04-019,m04-019,dropout,1.2288230657577515,0.8104292154312134,-0.4183938503265381,-0.34048339307799563
synthetic_form_00224,a02-008,a02-008,thickening,0.5202237963676453,0.5485891699790955,0.028365373611450195,0.054525327876679706
synthetic_form_00225,f04-079,f04-079,thinning,0.8623118996620178,1.1216912269592285,0.2593793272972107,0.30079525098855947
synthetic_form_00226,j06-030,j06-030,blur,1.2694740295410156,1.3601837158203125,0.09070968627929688,0.07145454215991168
synthetic_form_00227,h02-043,h02-043,blur,0.37822791934013367,0.4425068795681,0.06427896022796631,0.16994768297547214
synthetic_form_00228,b03-104,b03-104,thinning,0.2663376033306122,0.3073974549770355,0.04105985164642334,0.15416467517659482
synthetic_form_00229,k04-119,k04-119,thickening,0.5407125949859619,0.5516079068183899,0.010895311832427979,0.02014991278538965
synthetic_form_00230,k02-023,k02-023,blur,0.753130316734314,0.9080448746681213,0.15491455793380737,0.2056942237415138
synthetic_form_00231,l04-071,l04-071,thickening,0.6956678032875061,0.8549755811691284,0.15930777788162231,0.22899978242314262
synthetic_form_00232,d04-071,d04-071,blur,0.6757819652557373,0.402508020401001,-0.27327394485473633,-0.40438181967093867
synthetic_form_00233,m01-115,m01-115,dropout,0.638861894607544,1.0197232961654663,0.38086140155792236,0.5961560688015783
synthetic_form_00234,p02-121,p02-121,thickening,0.9586272239685059,0.9074891805648804,-0.05113804340362549,-0.053345076784356765
synthetic_form_00235,a02-111,a02-111,thickening,0.8008269667625427,0.8724167346954346,0.07158976793289185,0.08939480063759052
synthetic_form_00236,d04-081,d04-081,dropout,1.0346345901489258,0.8069717884063721,-0.2276628017425537,-0.22004174392561765
synthetic_form_00237,g06-089,g06-089,dropout,0.673556923866272,0.9790921807289124,0.3055352568626404,0.4536145966293346
synthetic_form_00238,l04-102,l04-102,dropout,0.4858664274215698,0.8073226809501648,0.32145625352859497,0.6616144453906337
synthetic_form_00239,n02-040,n02-040,dropout,0.9719703793525696,0.728283703327179,-0.24368667602539062,-0.25071409447741566
synthetic_form_00240,e04-043,e04-043,thinning,0.22635723650455475,0.5336731672286987,0.307315930724144,1.3576589018896736
synthetic_form_00241,g06-047p,g06-047p,thickening,0.7417708039283752,0.9389866590499878,0.19721585512161255,0.2658716835691725
synthetic_form_00242,g04-022,g04-022,thickening,1.1665889024734497,0.6531166434288025,-0.5134722590446472,-0.44014841351094475
synthetic_form_00243,e04-015,e04-015,thickening,0.6772273182868958,0.8553349375724792,0.1781076192855835,0.2629953220229932
synthetic_form_00244,c06-052,c06-052,thickening,0.358576238155365,0.5319322943687439,0.1733560562133789,0.48345660680309943
synthetic_form_00245,f07-019b,f07-019b,thinning,1.282576560974121,1.350702166557312,0.06812560558319092,0.053116209296922755
synthetic_form_00246,k04-093,k04-093,thinning,0.9174607396125793,0.8994954824447632,-0.017965257167816162,-0.019581499454229993
synthetic_form_00247,b06-064,b06-064,blur,0.8045340180397034,0.9630157351493835,0.15848171710968018,0.19698572289829755
synthetic_form_00248,b06-042,b06-042,thinning,1.0793434381484985,1.3060705661773682,0.22672712802886963,0.210060225424814
synthetic_form_00249,n02-146,n02-146,thickening,0.8332104086875916,0.9002744555473328,0.06706404685974121,0.08048872812389371
synthetic_form_00250,d04-121,d04-121,thinning,0.9380249977111816,0.8858513236045837,-0.0521736741065979,-0.055620770957806064
synthetic_form_00251,a03-040,a03-040,thickening,0.712950587272644,0.4030176103115082,-0.30993297696113586,-0.43471872826359714
synthetic_form_00252,a04-043,a04-043,thickening,0.6162012815475464,0.7491070032119751,0.1329057216644287,0.21568556166223748
synthetic_form_00253,h07-040b,h07-040b,blur,1.3180245161056519,1.0948045253753662,-0.22321999073028564,-0.1693595121403625
synthetic_form_00254,g07-003a,g07-003a,dropout,1.4890936613082886,1.4184707403182983,-0.07062292098999023,-0.04742678204249053
synthetic_form_00255,g06-026m,g06-026m,dropout,1.2671180963516235,0.7655900120735168,-0.5015280842781067,-0.3958021606384759
synthetic_form_00256,p03-103,p03-103,blur,0.5998005270957947,0.5168498754501343,-0.0829506516456604,-0.13829706129858346
synthetic_form_00257,m01-095,m01-095,blur,0.45037373900413513,0.47276002168655396,0.022386282682418823,0.04970601135594446
synthetic_form_00258,m03-095,m03-095,blur,0.5896552801132202,0.9019697904586792,0.312314510345459,0.5296560814123981
synthetic_form_00259,g06-011e,g06-011e,dropout,0.5997831225395203,0.4828941226005554,-0.11688899993896484,-0.19488544041585382
synthetic_form_00260,h07-057a,h07-057a,thickening,0.5193832516670227,0.6054165959358215,0.08603334426879883,0.16564520002563138
synthetic_form_00261,n01-057,n01-057,thinning,1.0468378067016602,1.4351370334625244,0.38829922676086426,0.37092586890326895
synthetic_form_00262,f07-039b,f07-039b,thickening,0.9085254073143005,1.1047656536102295,0.19624024629592896,0.21599863092002022
synthetic_form_00263,g06-042n,g06-042n,blur,0.3782837390899658,0.24486352503299713,-0.1334202140569687,-0.3526987727544115
synthetic_form_00264,b06-097,b06-097,thickening,0.4723762273788452,0.6432420015335083,0.17086577415466309,0.3617154306973086
synthetic_form_00265,a06-110,a06-110,thinning,1.1879856586456299,1.2313048839569092,0.0433192253112793,0.03646443425589943
synthetic_form_00266,l04-098,l04-098,thickening,0.45112544298171997,0.7014645338058472,0.2503390908241272,0.5549212290494971
synthetic_form_00267,g01-037,g01-037,thickening,0.7369877099990845,1.1303224563598633,0.3933347463607788,0.533705970516398
synthetic_form_00268,l07-176,l07-176,thinning,0.8787940144538879,1.2117263078689575,0.3329322934150696,0.3788513396207545
synthetic_form_00269,n02-054,n02-054,blur,1.375875473022461,1.3481299877166748,-0.027745485305786133,-0.020165694968876186
synthetic_form_00270,k04-110,k04-110,thinning,0.7853143215179443,1.052538514137268,0.26722419261932373,0.34027672983224766
synthetic_form_00271,k07-059a,k07-059a,thickening,0.8071486949920654,1.013274073600769,0.2061253786087036,0.25537472504614855
synthetic_form_00272,n02-098,n02-098,thickening,1.1342453956604004,1.1408662796020508,0.006620883941650391,0.005837258770111978
synthetic_form_00273,e02-100,e02-100,blur,0.8522794246673584,0.7240543961524963,-0.12822502851486206,-0.15044951608495377
synthetic_form_00274,g01-019,g01-019,dropout,1.0356128215789795,1.4151052236557007,0.3794924020767212,0.3664423523008268
synthetic_form_00275,a04-096,a04-096,thickening,0.5260639190673828,0.7840230464935303,0.25795912742614746,0.49035699498245927
synthetic_form_00276,j06-026,j06-026,dropout,1.3481814861297607,1.436499834060669,0.0883183479309082,0.06550924203042739
synthetic_form_00277,f07-046b,f07-046b,blur,0.618927001953125,0.8760066032409668,0.2570796012878418,0.415363356781901
synthetic_form_00278,k07-185,k07-185,thinning,0.9245914816856384,1.0370339155197144,0.11244243383407593,0.12161309599451343
synthetic_form_00279,n04-075,n04-075,dropout,1.0725557804107666,1.0030770301818848,-0.06947875022888184,-0.06477868177120458
synthetic_form_00280,h04-049,h04-049,blur,0.6249480843544006,0.8012722134590149,0.17632412910461426,0.28214203819081163
synthetic_form_00281,c06-095,c06-095,blur,0.4016106128692627,0.9032492637634277,0.501638650894165,1.2490671867946699
synthetic_form_00282,g06-045c,g06-045c,dropout,0.7493723630905151,0.8768321871757507,0.1274598240852356,0.17008876849779458
synthetic_form_00283,j04-115,j04-115,thinning,0.8348153829574585,1.1296594142913818,0.29484403133392334,0.35318470864485885
synthetic_form_00284,l07-138,l07-138,blur,0.6769446134567261,0.7396836280822754,0.06273901462554932,0.09267968523803473
synthetic_form_00285,c06-043,c06-043,blur,0.9031005501747131,1.0565277338027954,0.15342718362808228,0.16988936824311165
synthetic_form_00286,f04-087,f04-087,dropout,1.2325326204299927,1.3274348974227905,0.09490227699279785,0.07699778054532266
synthetic_form_00287,c03-021c,c03-021c,thinning,0.8419220447540283,1.09719979763031,0.25527775287628174,0.30320829753160744
synthetic_form_00288,a05-009,a05-009,dropout,0.855697751045227,1.0366982221603394,0.1810004711151123,0.21152383394578697
synthetic_form_00289,a01-063u,a01-063u,dropout,1.2038072347640991,1.2473506927490234,0.043543457984924316,0.03617145367276569
synthetic_form_00290,l01-119,l01-119,blur,1.0823822021484375,0.8931030035018921,-0.1892791986465454,-0.17487279125812882
synthetic_form_00291,b03-104,b03-104,thinning,0.2663376033306122,0.306638240814209,0.0403006374835968,0.15131410460440867
synthetic_form_00292,n06-169,n06-169,thickening,0.5403566956520081,0.6444924473762512,0.10413575172424316,0.19271668258209237
synthetic_form_00293,g06-045o,g06-045o,thickening,1.2328431606292725,1.2320754528045654,-0.0007677078247070312,-0.0006227132882726478
synthetic_form_00294,f02-003,f02-003,thinning,0.9378354549407959,0.8643104434013367,-0.07352501153945923,-0.07839862565242267
synthetic_form_00295,h07-071a,h07-071a,thinning,0.9786911606788635,1.018617868423462,0.03992670774459839,0.040796023240818095
synthetic_form_00296,g01-022,g01-022,thinning,1.0748590230941772,1.4539623260498047,0.37910330295562744,0.3527004856295524
synthetic_form_00297,b06-053,b06-053,thinning,1.174755573272705,1.4438011646270752,0.2690455913543701,0.22902261132894272
synthetic_form_00298,c03-021f,c03-021f,dropout,1.100008487701416,1.295415997505188,0.19540750980377197,0.17764181841512736
synthetic_form_00299,n04-195,n04-195,blur,1.231244683265686,0.7091941237449646,-0.5220505595207214,-0.42400228189902944
synthetic_form_00300,m04-012,m04-012,thickening,0.8545991778373718,0.7013557553291321,-0.15324342250823975,-0.17931613403007537
synthetic_form_00301,g06-047k,g06-047k,thickening,0.8262296319007874,0.6492608189582825,-0.17696881294250488,-0.2141884095750647
synthetic_form_00302,h07-063b,h07-063b,dropout,1.103688359260559,1.1694117784500122,0.06572341918945312,0.05954889171613362
synthetic_form_00303,a02-046,a02-046,thickening,0.7972235083580017,0.7224876284599304,-0.07473587989807129,-0.09374520216363003
synthetic_form_00304,a06-064,a06-064,dropout,0.34456005692481995,0.515772819519043,0.17121276259422302,0.496902511432296
synthetic_form_00305,g07-022b,g07-022b,dropout,0.6341782212257385,0.42533907294273376,-0.20883914828300476,-0.3293067122145786
synthetic_form_00306,l01-082,l01-082,dropout,1.0937272310256958,0.8836592435836792,-0.2100679874420166,-0.1920661564989596
synthetic_form_00307,h07-033,h07-033,thickening,1.0223585367202759,1.1929301023483276,0.17057156562805176,0.1668412380130679
synthetic_form_00308,p03-142,p03-142,thickening,0.7732925415039062,0.6190673112869263,-0.15422523021697998,-0.1994396944817862
synthetic_form_00309,p03-033,p03-033,thinning,0.6983122229576111,0.6197652816772461,-0.07854694128036499,-0.11248111886525256
synthetic_form_00310,g04-068,g04-068,blur,0.537502646446228,0.7915810346603394,0.25407838821411133,0.4727016418746377
synthetic_form_00311,n04-163,n04-163,thickening,0.9056055545806885,0.890876829624176,-0.014728724956512451,-0.01626395147354479
synthetic_form_00312,a06-124,a06-124,blur,1.1000763177871704,0.7573615908622742,-0.34271472692489624,-0.31153722543441603
synthetic_form_00313,d06-086,d06-086,thinning,1.050744891166687,1.3727213144302368,0.3219764232635498,0.30642682434722796
synthetic_form_00314,a05-099,a05-099,blur,1.1747797727584839,1.4086062908172607,0.23382651805877686,0.19903859556531703
synthetic_form_00315,f02-003,f02-003,thickening,0.9378354549407959,0.873041570186615,-0.06479388475418091,-0.06908875509231381
synthetic_form_00316,k04-142,k04-142,thinning,1.0588091611862183,0.7373164296150208,-0.3214927315711975,-0.3036361417336599
synthetic_form_00317,m06-098,m06-098,blur,0.910572350025177,0.7841259241104126,-0.1264464259147644,-0.13886477502048075
synthetic_form_00318,a01-063,a01-063,thinning,1.3057516813278198,1.7231972217559814,0.4174455404281616,0.3196974916445722
synthetic_form_00319,h04-052,h04-052,thinning,0.893522322177887,1.1667276620864868,0.27320533990859985,0.30576218418926854
synthetic_form_00320,e07-000,e07-000,thickening,0.9566075205802917,1.1078925132751465,0.15128499269485474,0.15814739886386123
synthetic_form_00321,f07-028b,f07-028b,dropout,1.1741693019866943,1.2109261751174927,0.03675687313079834,0.0313045765679276
synthetic_form_00322,c01-009,c01-009,thinning,1.0857030153274536,1.0771836042404175,-0.008519411087036133,-0.00784690738470277
synthetic_form_00323,a02-098,a02-098,dropout,0.2964238226413727,0.2220185399055481,-0.07440528273582458,-0.2510097857949349
synthetic_form_00324,m01-121,m01-121,thinning,0.8039687275886536,0.8698820471763611,0.06591331958770752,0.081984928649591
synthetic_form_00325,f01-147,f01-147,blur,0.5409674048423767,0.4945017695426941,-0.04646563529968262,-0.08589359363395566
synthetic_form_00326,n04-156,n04-156,blur,0.9895930886268616,0.6878868937492371,-0.3017061948776245,-0.30487904098792284
synthetic_form_00327,g06-011g,g06-011g,thinning,0.6952434778213501,0.6075470447540283,-0.08769643306732178,-0.1261377267151854
synthetic_form_00328,m01-032,m01-032,thickening,0.2030584216117859,0.33898085355758667,0.13592243194580078,0.6693759567968198
synthetic_form_00329,h02-037,h02-037,thickening,0.7620352506637573,1.3696599006652832,0.6076246500015259,0.7973707797619038
synthetic_form_00330,a05-121,a05-121,dropout,1.4595390558242798,1.4328255653381348,-0.02671349048614502,-0.018302689603623926
synthetic_form_00331,h07-080a,h07-080a,thickening,1.4077463150024414,1.3500064611434937,-0.057739853858947754,-0.04101580862507144
synthetic_form_00332,g06-050l,g06-050l,thickening,1.0084744691848755,0.7071232199668884,-0.30135124921798706,-0.2988189145466147
synthetic_form_00333,h07-037,h07-037,thickening,1.0493433475494385,1.263421893119812,0.21407854557037354,0.2040119128121393
synthetic_form_00334,d01-104,d01-104,blur,0.9115042686462402,0.8693549036979675,-0.042149364948272705,-0.04624154371592489
synthetic_form_00335,b06-053,b06-053,dropout,1.174755573272705,1.471413493156433,0.296657919883728,0.25252735471771964
synthetic_form_00336,p02-022,p02-022,dropout,0.628956139087677,0.5327814221382141,-0.09617471694946289,-0.15291164111992178
synthetic_form_00337,m02-066,m02-066,blur,1.4154107570648193,0.8321293592453003,-0.583281397819519,-0.412093373451643
synthetic_form_00338,c06-095,c06-095,dropout,0.4016106128692627,0.8627312779426575,0.4611206650733948,1.1481784564834694
synthetic_form_00339,b02-045,b02-045,thickening,0.350165992975235,0.2879916727542877,-0.062174320220947266,-0.1775567008009754
synthetic_form_00340,d04-125,d04-125,dropout,1.2502741813659668,0.9104598760604858,-0.33981430530548096,-0.27179182586679035
synthetic_form_00341,a04-035,a04-035,thickening,0.4855298101902008,0.5105046629905701,0.024974852800369263,0.05143834994642687
synthetic_form_00342,j01-045,j01-045,blur,0.5532415509223938,0.953604519367218,0.4003629684448242,0.7236675563153964
synthetic_form_00343,g06-045b,g06-045b,thinning,0.6506857872009277,1.0541160106658936,0.4034302234649658,0.620007729076633
synthetic_form_00344,c03-094c,c03-094c,thickening,0.9120044708251953,1.228878378868103,0.3168739080429077,0.34744775349809187
synthetic_form_00345,k03-157,k03-157,thickening,0.7736297249794006,0.5414639711380005,-0.23216575384140015,-0.30009931540129076
synthetic_form_00346,g07-074a,g07-074a,blur,0.9594440460205078,1.0464509725570679,0.08700692653656006,0.09068473142398654
synthetic_form_00347,d06-100,d06-100,blur,0.48426929116249084,1.127984642982483,0.6437153518199921,1.3292507913979892
synthetic_form_00348,d05-025,d05-025,blur,0.32413238286972046,0.7103122472763062,0.3861798644065857,1.191426321163168
synthetic_form_00349,b05-042,b05-042,blur,1.2334142923355103,1.4737436771392822,0.24032938480377197,0.19484887142033333
synthetic_form_00350,m06-042,m06-042,dropout,0.9528852701187134,0.7436366677284241,-0.2092486023902893,-0.2195947474015135
synthetic_form_00351,m04-081,m04-081,thickening,0.9281867742538452,0.8117746114730835,-0.11641216278076172,-0.125418897096605
synthetic_form_00352,g07-000b,g07-000b,thickening,1.3875572681427002,1.0602256059646606,-0.32733166217803955,-0.23590497295807913
synthetic_form_00353,a02-082,a02-082,dropout,1.1058002710342407,1.0221694707870483,-0.08363080024719238,-0.07562920871115494
synthetic_form_00354,k03-144,k03-144,thinning,1.2683290243148804,0.8732739686965942,-0.39505505561828613,-0.3114767894844298
synthetic_form_00355,g01-083,g01-083,blur,0.7712655067443848,0.7425834536552429,-0.028682053089141846,-0.037188299575757824
synthetic_form_00356,b04-107,b04-107,dropout,0.6150465607643127,0.784936785697937,0.16989022493362427,0.2762233512211981
synthetic_form_00357,g06-011p,g06-011p,dropout,0.5196352601051331,0.6046081781387329,0.08497291803359985,0.16352415419455274
synthetic_form_00358,g04-022,g04-022,thickening,1.1665889024734497,0.6619312763214111,-0.5046576261520386,-0.43259251031457413
synthetic_form_00359,g06-042i,g06-042i,thinning,0.9562053084373474,0.8166370987892151,-0.13956820964813232,-0.1459605034159587
synthetic_form_00360,f04-035,f04-035,blur,1.035549283027649,0.9081776738166809,-0.12737160921096802,-0.12299907891257401
synthetic_form_00361,f01-075,f01-075,thinning,1.0997936725616455,1.0180796384811401,-0.08171403408050537,-0.07429942122433054
synthetic_form_00362,g01-022,g01-022,dropout,1.0748590230941772,1.4269206523895264,0.3520616292953491,0.32754214130003234
synthetic_form_00363,e04-004,e04-004,thickening,0.5703985691070557,0.5953946113586426,0.024996042251586914,0.043822062619296095
synthetic_form_00364,m04-190,m04-190,thinning,0.6216145157814026,0.885427713394165,0.26381319761276245,0.42439998853169525
synthetic_form_00365,b06-023,b06-023,thickening,0.34962156414985657,0.3931242823600769,0.04350271821022034,0.12442801424941237
synthetic_form_00366,a04-072,a04-072,blur,0.7405447959899902,1.0786174535751343,0.33807265758514404,0.4565188424125058
synthetic_form_00367,g06-011i,g06-011i,thinning,0.6236515045166016,0.6807447671890259,0.057093262672424316,0.09154673939448037
synthetic_form_00368,g04-052,g04-052,thinning,0.9662324786186218,1.018664002418518,0.05243152379989624,0.05426387998488353
synthetic_form_00369,g06-026f,g06-026f,thinning,1.2245080471038818,0.8602681756019592,-0.3642398715019226,-0.29745812564385776
synthetic_form_00370,a01-107,a01-107,dropout,1.3714995384216309,0.9183769822120667,-0.4531225562095642,-0.3303847651506946
synthetic_form_00371,k07-067a,k07-067a,dropout,0.9962616562843323,1.2043094635009766,0.2080478072166443,0.20882847775583047
synthetic_form_00372,c06-087,c06-087,thinning,0.5881768465042114,0.5185244083404541,-0.06965243816375732,-0.11842090927842992
synthetic_form_00373,b05-058,b05-058,dropout,1.0297904014587402,0.6690368056297302,-0.36075359582901,-0.35031749355481745
synthetic_form_00374,a06-036,a06-036,thickening,1.0575896501541138,0.4837311804294586,-0.5738584697246552,-0.5426097581561373
synthetic_form_00375,k03-117,k03-117,thinning,0.5727313756942749,0.704992949962616,0.13226157426834106,0.23093124904969417
synthetic_form_00376,h07-066b,h07-066b,thinning,0.7826735377311707,0.9326967000961304,0.15002316236495972,0.19168037913105634
synthetic_form_00377,h06-096,h06-096,blur,0.6067967414855957,0.9547391533851624,0.34794241189956665,0.5734084947681631
synthetic_form_00378,g07-047,g07-047,thickening,1.1809052228927612,0.9393410682678223,-0.24156415462493896,-0.20455845896558542
synthetic_form_00379,f01-147,f01-147,dropout,0.5409674048423767,0.5005452036857605,-0.04042220115661621,-0.07472206282220185
synthetic_form_00380,g06-031l,g06-031l,blur,1.212266206741333,0.9698168039321899,-0.24244940280914307,-0.19999683193421502
synthetic_form_00381,m06-031,m06-031,blur,0.8806948661804199,0.6118216514587402,-0.2688732147216797,-0.305296671973141
synthetic_form_00382,b04-162,b04-162,thinning,0.26607924699783325,0.5569615960121155,0.2908823490142822,1.093216932038603
synthetic_form_00383,g06-045i,g06-045i,thickening,0.918109118938446,0.8654776811599731,-0.0526314377784729,-0.05732590616904925
synthetic_form_00384,b06-100,b06-100,blur,0.9227793216705322,1.0141266584396362,0.091347336769104,0.09899152878048911
synthetic_form_00385,p03-057,p03-057,blur,0.5842065811157227,0.5127618908882141,-0.07144469022750854,-0.12229353676250532
synthetic_form_00386,a05-080,a05-080,blur,1.280207872390747,1.623990535736084,0.3437826633453369,0.26853659321588763
synthetic_form_00387,b04-121,b04-121,thickening,0.7755717635154724,0.762610137462616,-0.012961626052856445,-0.016712348870182116
synthetic_form_00388,m04-246,m04-246,thinning,0.9505050778388977,0.7995827794075012,-0.15092229843139648,-0.15878115789420844
synthetic_form_00389,n02-109,n02-109,blur,1.2963718175888062,0.740826427936554,-0.5555453896522522,-0.4285386166448417
synthetic_form_00390,k07-125,k07-125,thickening,1.276919960975647,1.482495665550232,0.20557570457458496,0.1609934132500976
synthetic_form_00391,m04-251,m04-251,dropout,1.7718989849090576,0.841511607170105,-0.9303873777389526,-0.5250792400763818
synthetic_form_00392,m02-083,m02-083,blur,0.7774873375892639,0.7012336850166321,-0.07625365257263184,-0.09807703341934718
synthetic_form_00393,m06-019,m06-019,dropout,0.7493853569030762,0.5450055599212646,-0.20437979698181152,-0.27272990107404316
synthetic_form_00394,e07-061,e07-061,thinning,0.7339237928390503,0.8744041323661804,0.14048033952713013,0.19140997877941493
synthetic_form_00395,g06-037h,g06-037h,blur,0.670035183429718,0.7842867374420166,0.11425155401229858,0.1705157507137463
synthetic_form_00396,m01-079,m01-079,blur,0.7803182601928711,0.36861664056777954,-0.41170161962509155,-0.5276073050594232
synthetic_form_00397,g06-026g,g06-026g,thickening,1.084920048713684,0.7918225526809692,-0.29309749603271484,-0.2701558457497971
synthetic_form_00398,d05-040,d05-040,dropout,1.0685606002807617,1.037004828453064,-0.031555771827697754,-0.029531101487454747
synthetic_form_00399,d06-046,d06-046,blur,0.754809558391571,0.9009527564048767,0.14614319801330566,0.19361598492282392
synthetic_form_00400,g06-011k,g06-011k,blur,0.5781975388526917,0.6764364838600159,0.09823894500732422,0.16990550237070048
synthetic_form_00401,l01-199,l01-199,dropout,1.5522898435592651,1.0804113149642944,-0.4718785285949707,-0.3039886703588215
synthetic_form_00402,j01-042,j01-042,dropout,0.5128496885299683,0.5590115189552307,0.04616183042526245,0.09001044664271161
synthetic_form_00403,a01-087u,a01-087u,dropout,1.340813159942627,1.4652903079986572,0.12447714805603027,0.09283705653141565
synthetic_form_00404,d05-025,d05-025,thickening,0.32413238286972046,0.7027097344398499,0.3785773515701294,1.1679713595373116
synthetic_form_00405,e04-068,e04-068,blur,0.9012838006019592,0.8869521617889404,-0.014331638813018799,-0.015901360530870767
synthetic_form_00406,k02-029,k02-029,dropout,1.2067245244979858,1.4877172708511353,0.2809927463531494,0.23285574985847646
synthetic_form_00407,b05-045,b05-045,dropout,0.8908781409263611,0.687487781047821,-0.20339035987854004,-0.22830323054510743
synthetic_form_00408,g04-011,g04-011,thinning,0.8180186152458191,0.4312954246997833,-0.38672319054603577,-0.47275597231031663
synthetic_form_00409,k04-079,k04-079,dropout,0.8240033388137817,1.0263713598251343,0.20236802101135254,0.24559126040285803
synthetic_form_00410,k04-050,k04-050,thickening,0.8397307395935059,0.6755079627037048,-0.16422277688980103,-0.19556599180070214
synthetic_form_00411,a06-152,a06-152,blur,0.6087468862533569,0.6297745704650879,0.021027684211730957,0.03454257317967393
synthetic_form_00412,b06-036,b06-036,dropout,0.7678095102310181,0.46673688292503357,-0.3010726273059845,-0.3921189036773052
synthetic_form_00413,h07-030,h07-030,thinning,1.2545835971832275,1.3994978666305542,0.14491426944732666,0.11550786142717585
synthetic_form_00414,h01-014,h01-014,thinning,0.35666775703430176,0.685008704662323,0.32834094762802124,0.920579256034773
synthetic_form_00415,m01-160,m01-160,blur,0.7602391839027405,0.5468498468399048,-0.2133893370628357,-0.28068710318312684
synthetic_form_00416,l04-174,l04-174,dropout,1.0991308689117432,1.1079055070877075,0.008774638175964355,0.007983251443769993
synthetic_form_00417,p03-047,p03-047,blur,0.9386839866638184,0.8950785994529724,-0.04360538721084595,-0.04645374520693234
synthetic_form_00418,f07-006,f07-006,blur,1.3825808763504028,1.2124923467636108,-0.170088529586792,-0.12302248010658855
synthetic_form_00419,r02-013,r02-013,dropout,1.155641794204712,1.7298225164413452,0.5741807222366333,0.496850079451541
synthetic_form_00420,e01-086,e01-086,thickening,1.2032405138015747,0.794019341468811,-0.40922117233276367,-0.3400992272433205
synthetic_form_00421,h02-035,h02-035,dropout,1.1541521549224854,1.3420161008834839,0.18786394596099854,0.16277225106935164
synthetic_form_00422,b06-064,b06-064,thickening,0.8045340180397034,0.9553040862083435,0.15077006816864014,0.18740048638589057
synthetic_form_00423,p02-115,p02-115,dropout,0.40857964754104614,0.70676589012146,0.2981862425804138,0.7298117688359408
synthetic_form_00424,f02-040,f02-040,thinning,1.1415342092514038,1.2074962854385376,0.06596207618713379,0.05778370466230128
synthetic_form_00425,h07-033a,h07-033a,thinning,1.395660161972046,1.1612348556518555,-0.23442530632019043,-0.16796732544782098
synthetic_form_00426,k07-059a,k07-059a,dropout,0.8071486949920654,1.0820058584213257,0.27485716342926025,0.3405285317678385
synthetic_form_00427,f02-040,f02-040,blur,1.1415342092514038,1.225721001625061,0.08418679237365723,0.0737488118655482
synthetic_form_00428,k04-005,k04-005,dropout,0.8512511253356934,0.6725085973739624,-0.17874252796173096,-0.20997625793620037
synthetic_form_00429,c04-000,c04-000,blur,0.8813013434410095,1.1740453243255615,0.292743980884552,0.3321723945408045
synthetic_form_00430,d01-118,d01-118,thinning,0.47094061970710754,0.29789942502975464,-0.1730411946773529,-0.3674373875640599
synthetic_form_00431,f04-004,f04-004,blur,0.6669335961341858,0.7175908088684082,0.05065721273422241,0.07595540585794124
synthetic_form_00432,e04-132,e04-132,dropout,0.8464484214782715,0.9142812490463257,0.0678328275680542,0.08013816913759085
synthetic_form_00433,g06-018p,g06-018p,blur,0.808146595954895,0.8489438891410828,0.040797293186187744,0.05048253978370944
synthetic_form_00434,a02-086,a02-086,blur,0.8151246309280396,0.8426398634910583,0.0275152325630188,0.03375585914283247
synthetic_form_00435,g06-047k,g06-047k,thinning,0.8262296319007874,0.6492321491241455,-0.17699748277664185,-0.21422310917028983
synthetic_form_00436,k02-067,k02-067,thinning,0.706590473651886,0.6135798096656799,-0.09301066398620605,-0.13163305498468808
synthetic_form_00437,m02-066,m02-066,thinning,1.4154107570648193,0.8272985816001892,-0.5881121754646301,-0.4155063598139898
synthetic_form_00438,n04-015,n04-015,thinning,0.6927564740180969,0.7580729722976685,0.06531649827957153,0.0942849324205896
synthetic_form_00439,b01-023,b01-023,thickening,0.34846508502960205,0.3027103841304779,-0.045754700899124146,-0.13130354101961716
synthetic_form_00440,b05-074,b05-074,dropout,0.8264977335929871,1.0827006101608276,0.2562028765678406,0.3099861778860572
synthetic_form_00441,n02-016,n02-016,blur,0.7896731495857239,0.5845659375190735,-0.2051072120666504,-0.25973684121954094
synthetic_form_00442,f04-035,f04-035,thickening,1.035549283027649,0.8938171863555908,-0.1417320966720581,-0.13686658629032922
synthetic_form_00443,l01-129,l01-129,thinning,0.8090980648994446,1.0108736753463745,0.20177561044692993,0.24938337725251264
synthetic_form_00444,c03-021d,c03-021d,dropout,0.6895032525062561,1.0304168462753296,0.3409135937690735,0.4944336195450275
synthetic_form_00445,c03-094a,c03-094a,blur,0.9447745084762573,0.9663377404212952,0.021563231945037842,0.022823680701947017
synthetic_form_00446,l01-000,l01-000,blur,1.073670744895935,1.597389817237854,0.523719072341919,0.48778368038224174
synthetic_form_00447,g06-093,g06-093,thinning,0.7958506941795349,0.7478209733963013,-0.04802972078323364,-0.06035016433484072
synthetic_form_00448,e02-094,e02-094,blur,0.46153122186660767,0.6032025814056396,0.14167135953903198,0.3069594206356505
synthetic_form_00449,c02-089,c02-089,thinning,0.5930278301239014,0.8742169737815857,0.2811891436576843,0.47415841994692093
synthetic_form_00450,r03-065,r03-065,thinning,0.7902500033378601,0.752159595489502,-0.038090407848358154,-0.04820045201577636
synthetic_form_00451,m01-125,m01-125,dropout,0.9290429949760437,1.1297087669372559,0.20066577196121216,0.21599190875602847
synthetic_form_00452,j01-045,j01-045,thickening,0.5532415509223938,0.9562351107597351,0.4029935598373413,0.7284224257581967
synthetic_form_00453,b06-004,b06-004,thickening,1.1002347469329834,1.15021812915802,0.04998338222503662,0.04542974297991676
synthetic_form_00454,g06-011j,g06-011j,blur,1.0820600986480713,1.2389039993286133,0.156843900680542,0.1449493419330495
synthetic_form_00455,e07-098,e07-098,thickening,0.7320876717567444,1.0927904844284058,0.3607028126716614,0.4927043872751768
synthetic_form_00456,n02-028,n02-028,thickening,0.924377977848053,1.0526113510131836,0.12823337316513062,0.13872395800299964
synthetic_form_00457,b04-026,b04-026,dropout,0.723693311214447,0.6409837007522583,-0.08270961046218872,-0.11428820473759761
synthetic_form_00458,n06-123,n06-123,thickening,0.5206182599067688,0.6322872042655945,0.11166894435882568,0.21449294197612986
synthetic_form_00459,e06-070,e06-070,thinning,1.129218578338623,1.3847990036010742,0.25558042526245117,0.22633388070460042
synthetic_form_00460,h02-019,h02-019,blur,0.37070590257644653,0.4027658998966217,0.03205999732017517,0.086483641702272
synthetic_form_00461,g06-037h,g06-037h,thinning,0.670035183429718,0.791652262210846,0.12161707878112793,0.18150849384284573
synthetic_form_00462,n04-190,n04-190,dropout,1.044270634651184,0.7658606767654419,-0.2784099578857422,-0.26660709013680933
synthetic_form_00463,j06-005,j06-005,thickening,1.0459740161895752,1.191211462020874,0.14523744583129883,0.13885377857841338
synthetic_form_00464,k04-017,k04-017,thinning,0.74807208776474,0.47899478673934937,-0.2690773010253906,-0.3596943420686335
synthetic_form_00465,f04-087,f04-087,thinning,1.2325326204299927,1.310507893562317,0.07797527313232422,0.0632642667684352
synthetic_form_00466,a06-075,a06-075,dropout,1.2048901319503784,1.1134376525878906,-0.09145247936248779,-0.07590109353409759
synthetic_form_00467,b05-017,b05-017,thickening,1.1825153827667236,0.7395925521850586,-0.44292283058166504,-0.37455988589320716
synthetic_form_00468,g07-022a,g07-022a,dropout,1.2786636352539062,1.2969194650650024,0.01825582981109619,0.014277272900388986
synthetic_form_00469,d06-107,d06-107,thickening,1.355110764503479,1.7771737575531006,0.4220629930496216,0.31146014111227777
synthetic_form_00470,g06-042g,g06-042g,thickening,1.2180651426315308,0.7081620097160339,-0.5099031329154968,-0.418617289735194
synthetic_form_00471,h01-000,h01-000,thinning,0.9580909609794617,1.114862084388733,0.15677112340927124,0.16362864086799947
synthetic_form_00472,m04-251,m04-251,dropout,1.7718989849090576,0.8551042675971985,-0.9167947173118591,-0.5174080012156187
synthetic_form_00473,g04-108,g04-108,thinning,1.3539644479751587,1.0568573474884033,-0.29710710048675537,-0.21943493327075683
synthetic_form_00474,b04-026,b04-026,thinning,0.723693311214447,0.6417409181594849,-0.08195239305496216,-0.11324188112919971
synthetic_form_00475,a01-007x,a01-007x,dropout,0.3301859200000763,0.4509517550468445,0.12076583504676819,0.3657510029174783
synthetic_form_00476,n04-068,n04-068,thinning,1.088910460472107,0.864544689655304,-0.22436577081680298,-0.20604611389173913
synthetic_form_00477,g07-014,g07-014,thinning,1.2875351905822754,1.4692035913467407,0.18166840076446533,0.14109781284605466
synthetic_form_00478,a01-132x,a01-132x,thickening,0.41774359345436096,0.4713188409805298,0.05357524752616882,0.12824911520643306
synthetic_form_00479,c04-165,c04-165,thickening,0.5439022183418274,0.48745471239089966,-0.056447505950927734,-0.10378245024481136
synthetic_form_00480,l07-118,l07-118,dropout,0.34525948762893677,0.5245139598846436,0.1792544722557068,0.5191876646022299
synthetic_form_00481,g06-047d,g06-047d,thickening,0.7497581243515015,0.5845308899879456,-0.1652272343635559,-0.2203740470338053
synthetic_form_00482,h07-040b,h07-040b,blur,1.3180245161056519,1.0961642265319824,-0.22186028957366943,-0.16832789161306191
synthetic_form_00483,l01-195,l01-195,thinning,0.550408124923706,0.513769268989563,-0.036638855934143066,-0.0665667049765202
synthetic_form_00484,b06-027,b06-027,dropout,1.0869009494781494,1.168373465538025,0.08147251605987549,0.07495854645210052
synthetic_form_00485,e07-086,e07-086,thinning,0.9454711675643921,0.8014121651649475,-0.14405900239944458,-0.15236741829671832
synthetic_form_00486,k04-106,k04-106,dropout,0.37981387972831726,0.4125286638736725,0.032714784145355225,0.0861337224100895
synthetic_form_00487,j04-080,j04-080,dropout,0.5499658584594727,0.49177172780036926,-0.058194130659103394,-0.10581407683010015
synthetic_form_00488,b06-075(1),b06-075,dropout,1.0756841897964478,1.1633861064910889,0.08770191669464111,0.08153128651628144
synthetic_form_00489,d05-025,d05-025,dropout,0.32413238286972046,0.6994024515151978,0.3752700686454773,1.1577678655410129
synthetic_form_00490,a03-089,a03-089,thinning,0.9508453607559204,0.9428012371063232,-0.008044123649597168,-0.00845997035585513
synthetic_form_00491,d06-003,d06-003,thickening,0.7324744462966919,0.6101855039596558,-0.12228894233703613,-0.1669531835353211
synthetic_form_00492,g04-052,g04-052,thickening,0.9662324786186218,1.0133477449417114,0.0471152663230896,0.04876183204152877
synthetic_form_00493,g04-104,g04-104,thickening,0.6017562747001648,0.591934084892273,-0.009822189807891846,-0.01632253797363482
synthetic_form_00494,c03-094e,c03-094e,thinning,1.2513055801391602,1.4690910577774048,0.21778547763824463,0.1740465952957377
synthetic_form_00495,c06-014,c06-014,thinning,1.039957880973816,1.0703558921813965,0.030398011207580566,0.02923004043857573
synthetic_form_00496,r06-018,r06-018,thinning,0.9291884303092957,0.897162675857544,-0.03202575445175171,-0.03446637201071013
synthetic_form_00497,g06-026c,g06-026c,blur,0.9537783861160278,0.8012683391571045,-0.15251004695892334,-0.15990092413497106
synthetic_form_00498,g06-011c,g06-011c,blur,0.5266658663749695,0.5088791251182556,-0.017786741256713867,-0.033772344202627376
synthetic_form_00499,e01-029,e01-029,dropout,0.5798798203468323,0.5420977473258972,-0.03778207302093506,-0.06515500461248531
synthetic_form_00500,b01-004,b01-004,thinning,0.6810291409492493,0.6276492476463318,-0.05337989330291748,-0.0783812164699766
synthetic_form_00501,f02-036,f02-036,thinning,1.417202353477478,0.7586904764175415,-0.6585118770599365,-0.46465620861942736
synthetic_form_00502,a01-053x,a01-053x,dropout,0.9094495177268982,1.3151146173477173,0.4056650996208191,0.4460556493275102
synthetic_form_00503,e06-070,e06-070,thinning,1.129218578338623,1.3589445352554321,0.22972595691680908,0.20343798737390276
synthetic_form_00504,l01-023,l01-023,blur,0.8405775427818298,0.8484542369842529,0.007876694202423096,0.009370574049182913
synthetic_form_00505,d07-093,d07-093,dropout,0.45448046922683716,0.753652811050415,0.2991723418235779,0.6582732493429208
synthetic_form_00506,c03-003f,c03-003f,dropout,0.9411039352416992,1.2311146259307861,0.2900106906890869,0.3081601051142176
synthetic_form_00507,c03-087b,c03-087b,thickening,1.1159814596176147,0.671256422996521,-0.44472503662109375,-0.3985057536604765
synthetic_form_00508,a03-014,a03-014,thinning,1.2415932416915894,1.4662364721298218,0.22464323043823242,0.18093142027968562
synthetic_form_00509,p03-029,p03-029,dropout,1.170729637145996,1.3549299240112305,0.18420028686523438,0.1573380219030736
synthetic_form_00510,g04-072,g04-072,dropout,0.6138219237327576,0.9420502781867981,0.3282283544540405,0.534728944040867
synthetic_form_00511,n02-114,n02-114,dropout,0.5283819437026978,0.7364950776100159,0.20811313390731812,0.3938687391742682
synthetic_form_00512,a01-038x,a01-038x,blur,1.0152074098587036,0.8668948411941528,-0.14831256866455078,-0.14609090296561555
synthetic_form_00513,a01-058u,a01-058u,thinning,1.2567710876464844,1.3630093336105347,0.10623824596405029,0.08453269347377523
synthetic_form_00514,a06-147,a06-147,thinning,0.9216486811637878,0.9123339056968689,-0.009314775466918945,-0.010106644273705803
synthetic_form_00515,g01-039,g01-039,thickening,0.7931879162788391,1.212809443473816,0.4196215271949768,0.5290316623496637
synthetic_form_00516,g06-031e,g06-031e,thinning,1.0626894235610962,0.7782694697380066,-0.2844199538230896,-0.2676416503643891
synthetic_form_00517,n06-082,n06-082,thickening,0.8349829912185669,0.7642002105712891,-0.07078278064727783,-0.08477152294594986
synthetic_form_00518,g05-098,g05-098,thickening,0.9694156050682068,0.7665883302688599,-0.20282727479934692,-0.20922633352164052
synthetic_form_00519,a01-026x,a01-026x,dropout,0.8358424305915833,1.0506764650344849,0.2148340344429016,0.2570269515039805
synthetic_form_00520,m06-076,m06-076,thickening,0.9110326766967773,0.7957116365432739,-0.11532104015350342,-0.12658276902405607
synthetic_form_00521,c06-043,c06-043,dropout,0.9031005501747131,1.0624370574951172,0.15933650732040405,0.17643274109981608
synthetic_form_00522,e02-082,e02-082,thickening,1.5110679864883423,0.9862570762634277,-0.5248109102249146,-0.34731124704153143
synthetic_form_00523,f02-076,f02-076,thinning,0.36384883522987366,0.7591559886932373,0.39530715346336365,1.0864598270570713
synthetic_form_00524,a05-058,a05-058,thinning,1.1973600387573242,1.2876858711242676,0.09032583236694336,0.07543748637737471
synthetic_form_00525,n04-130,n04-130,thinning,0.8820181488990784,0.9346314072608948,0.052613258361816406,0.05965099225109772
synthetic_form_00526,h07-030a,h07-030a,dropout,1.1976559162139893,1.246826171875,0.04917025566101074,0.04105541047706996
synthetic_form_00527,d04-058,d04-058,dropout,1.2042380571365356,0.8972876071929932,-0.3069504499435425,-0.25489183436412716
synthetic_form_00528,f04-074,f04-074,dropout,0.9742036461830139,1.221071720123291,0.2468680739402771,0.253404996351092
synthetic_form_00529,h06-000,h06-000,dropout,0.8052938580513,0.8995507955551147,0.0942569375038147,0.11704663507733327
synthetic_form_00530,g06-045g,g06-045g,dropout,0.8716143369674683,0.575468897819519,-0.2961454391479492,-0.3397665953736331
synthetic_form_00531,a06-008,a06-008,thinning,0.6554908752441406,0.6103811264038086,-0.04510974884033203,-0.06881827017858638
synthetic_form_00532,a05-108,a05-108,thinning,1.190613865852356,1.4689565896987915,0.27834272384643555,0.23378084993942394
synthetic_form_00533,f03-191,f03-191,thickening,0.6226920485496521,0.5123662948608398,-0.11032575368881226,-0.17717546285362673
synthetic_form_00534,g06-047p,g06-047p,thickening,0.7417708039283752,0.9423788785934448,0.20060807466506958,0.270444820554021
synthetic_form_00535,a06-025,a06-025,dropout,0.39236459136009216,0.5418831706047058,0.14951857924461365,0.38107051127018754
synthetic_form_00536,b01-053,b01-053,thickening,0.6676783561706543,0.8138507604598999,0.1461724042892456,0.21892637487655975
synthetic_form_00537,l07-118,l07-118,thickening,0.34525948762893677,0.5643796920776367,0.21912020444869995,0.6346536618210474
synthetic_form_00538,g06-037d,g06-037d,thinning,0.27828583121299744,0.5379242897033691,0.2596384584903717,0.9329919817647022
synthetic_form_00539,n06-111,n06-111,blur,0.7293868064880371,0.7969844341278076,0.06759762763977051,0.09267733678715208
synthetic_form_00540,e07-090,e07-090,thickening,1.1896361112594604,0.8255502581596375,-0.364085853099823,-0.30604808192472127
synthetic_form_00541,g06-045m,g06-045m,dropout,0.9801647663116455,0.6785572171211243,-0.30160754919052124,-0.3077110670365739
synthetic_form_00542,a05-058,a05-058,dropout,1.1973600387573242,1.279744267463684,0.08238422870635986,0.06880489188850258
synthetic_form_00543,l04-179,l04-179,thickening,0.8612048625946045,0.8446913361549377,-0.016513526439666748,-0.019174910599281027
synthetic_form_00544,f01-053,f01-053,dropout,0.49240949749946594,0.44586071372032166,-0.04654878377914429,-0.09453266655131506
synthetic_form_00545,f04-100,f04-100,thinning,0.7083767652511597,0.7775641083717346,0.06918734312057495,0.09767025901723574
synthetic_form_00546,f04-032,f04-032,dropout,1.0260670185089111,1.1977137327194214,0.17164671421051025,0.16728606362095919
synthetic_form_00547,f02-044,f02-044,blur,0.7758515477180481,0.9701136946678162,0.19426214694976807,0.25038571491837464
synthetic_form_00548,r03-050,r03-050,thinning,0.7925784587860107,0.8089925050735474,0.01641404628753662,0.020709679778051437
synthetic_form_00549,g04-098,g04-098,blur,0.6780441403388977,0.5052309036254883,-0.17281323671340942,-0.2548701830508153
synthetic_form_00550,b03-092,b03-092,thinning,1.194657564163208,0.7869874835014343,-0.4076700806617737,-0.3412442941629732
synthetic_form_00551,r02-065,r02-065,dropout,0.6086908578872681,0.5121169090270996,-0.09657394886016846,-0.1586584487383082
synthetic_form_00552,e06-026,e06-026,dropout,1.182568907737732,1.4902218580245972,0.30765295028686523,0.260156465870428
synthetic_form_00553,b05-098,b05-098,thinning,0.9432365298271179,1.2441140413284302,0.30087751150131226,0.3189841559323591
synthetic_form_00554,g04-104,g04-104,dropout,0.6017562747001648,0.5640869140625,-0.037669360637664795,-0.06259903152724726
synthetic_form_00555,l04-034,l04-034,dropout,0.9098915457725525,0.7345278859138489,-0.1753636598587036,-0.19273028609415915
synthetic_form_00556,k03-152,k03-152,thickening,0.6780099272727966,0.5161297917366028,-0.16188013553619385,-0.23875776244126276
synthetic_form_00557,d06-050,d06-050,thinning,0.5291358828544617,0.4723038375377655,-0.05683204531669617,-0.10740538694155032
synthetic_form_00558,k07-122,k07-122,blur,0.8924590945243835,0.5314141511917114,-0.3610449433326721,-0.4045506864150185
synthetic_form_00559,g06-045d,g06-045d,blur,0.6946017742156982,0.7508048415184021,0.05620306730270386,0.0809140842708386
synthetic_form_00560,d01-056,d01-056,thinning,0.8624112010002136,1.1800237894058228,0.31761258840560913,0.36828439189379975
synthetic_form_00561,g04-081,g04-081,thinning,1.2357141971588135,0.9619142413139343,-0.27379995584487915,-0.22157223268833917
synthetic_form_00562,a01-096u,a01-096u,dropout,1.1989763975143433,1.2460275888442993,0.047051191329956055,0.03924279997093536
synthetic_form_00563,a06-008,a06-008,blur,0.6554908752441406,0.6126536130905151,-0.04283726215362549,-0.06535142306009419
synthetic_form_00564,f02-030,f02-030,dropout,0.8806145191192627,0.731683611869812,-0.14893090724945068,-0.16912156491263247
synthetic_form_00565,g01-000,g01-000,dropout,0.6603752374649048,0.553571879863739,-0.10680335760116577,-0.16173131565904392
synthetic_form_00566,f04-020,f04-020,thickening,1.008935570716858,1.0555663108825684,0.04663074016571045,0.04621775766157329
synthetic_form_00567,f07-081a,f07-081a,thinning,1.3389766216278076,1.5356361865997314,0.19665956497192383,0.14687303745760133
synthetic_form_00568,k04-064,k04-064,dropout,1.0586777925491333,1.106569528579712,0.04789173603057861,0.045237310081747896
synthetic_form_00569,g07-022a,g07-022a,thinning,1.2786636352539062,1.2792236804962158,0.0005600452423095703,0.000437992621740928
synthetic_form_00570,m04-238,m04-238,thickening,1.0620418787002563,0.7754647731781006,-0.28657710552215576,-0.2698359721694908
synthetic_form_00571,m02-052,m02-052,dropout,0.1968146413564682,0.2537846565246582,0.05697001516819,0.28946023467026666
synthetic_form_00572,g06-018d,g06-018d,thinning,0.7584421634674072,0.6576454043388367,-0.10079675912857056,-0.13289972875288972
synthetic_form_00573,r06-137,r06-137,thinning,0.5173635482788086,0.6632248759269714,0.14586132764816284,0.2819319708821814
synthetic_form_00574,f04-071,f04-071,blur,0.9004167914390564,1.0878260135650635,0.18740922212600708,0.20813607856549046
synthetic_form_00575,n04-031,n04-031,blur,0.29481518268585205,0.42152419686317444,0.1267090141773224,0.42979133138616926
synthetic_form_00576,l07-103,l07-103,thickening,0.8186197280883789,0.835445761680603,0.01682603359222412,0.020554150858267683
synthetic_form_00577,g01-025,g01-025,blur,1.0898244380950928,1.2367786169052124,0.14695417881011963,0.1348420647627985
synthetic_form_00578,m02-055,m02-055,blur,0.7963538765907288,1.024973750114441,0.22861987352371216,0.2870832645803449
synthetic_form_00579,b04-020,b04-020,thinning,0.4643118679523468,0.9040529131889343,0.4397410452365875,0.9470811885663605
synthetic_form_00580,p01-168,p01-168,dropout,0.4127979278564453,0.2826078534126282,-0.13019007444381714,-0.3153845077808796
synthetic_form_00581,l07-085,l07-085,dropout,0.4638652205467224,0.6088333129882812,0.14496809244155884,0.31252200616695514
synthetic_form_00582,c03-087f,c03-087f,thinning,1.1493974924087524,1.505791425704956,0.3563939332962036,0.3100702172654119
synthetic_form_00583,h04-082,h04-082,blur,0.5929489731788635,0.546623945236206,-0.04632502794265747,-0.07812649866486657
synthetic_form_00584,g06-050l,g06-050l,thickening,1.0084744691848755,0.699878990650177,-0.3085954785346985,-0.3060022686782599
synthetic_form_00585,b05-067,b05-067,dropout,0.7437454462051392,0.8861570358276367,0.14241158962249756,0.1914789373627013
synthetic_form_00586,g06-031k,g06-031k,dropout,0.6021151542663574,0.42946818470954895,-0.17264696955680847,-0.2867341329414429
synthetic_form_00587,c03-003d,c03-003d,thinning,0.8862446546554565,0.9128656983375549,0.02662104368209839,0.030038029839590395
synthetic_form_00588,a02-000,a02-000,blur,0.36223292350769043,0.5321766138076782,0.1699436902999878,0.46915582372462494
synthetic_form_00589,c03-003f,c03-003f,thickening,0.9411039352416992,1.2370253801345825,0.2959214448928833,0.3144407654320089
synthetic_form_00590,b03-092,b03-092,blur,1.194657564163208,0.7743471264839172,-0.42031043767929077,-0.3518250306776778
synthetic_form_00591,k03-117,k03-117,dropout,0.5727313756942749,0.6814152598381042,0.10868388414382935,0.18976414923041252
synthetic_form_00592,k04-005,k04-005,thinning,0.8512511253356934,0.6721221208572388,-0.1791290044784546,-0.21043026792300787
synthetic_form_00593,a02-000,a02-000,thickening,0.36223292350769043,0.5289257764816284,0.166692852973938,0.4601813848336874
synthetic_form_00594,b04-010,b04-010,thinning,0.44640427827835083,0.6817788481712341,0.2353745698928833,0.5272677168954925
synthetic_form_00595,p03-080,p03-080,thinning,0.4422035813331604,0.4748918116092682,0.03268823027610779,0.07392122297686218
synthetic_form_00596,c04-170,c04-170,blur,0.9730098843574524,0.7780989408493042,-0.1949109435081482,-0.2003175349381845
synthetic_form_00597,l07-103,l07-103,blur,0.8186197280883789,0.8281722068786621,0.009552478790283203,0.011669006189112811
synthetic_form_00598,e06-006,e06-006,thickening,1.0549248456954956,1.3098499774932861,0.2549251317977905,0.24165240815159517
synthetic_form_00599,r06-115,r06-115,thinning,0.6814489364624023,0.9598690271377563,0.278420090675354,0.4085707258345806
synthetic_form_00600,d06-063,d06-063,thinning,1.2897567749023438,1.4108872413635254,0.12113046646118164,0.09391729346114916
synthetic_form_00601,h04-082,h04-082,dropout,0.5929489731788635,0.5500584244728088,-0.04289054870605469,-0.07233429843510958
synthetic_form_00602,g04-092,g04-092,dropout,1.003800868988037,1.2096902132034302,0.20588934421539307,0.2051097468882041
synthetic_form_00603,j01-045,j01-045,dropout,0.5532415509223938,0.9556315541267395,0.4023900032043457,0.7273314798213273
synthetic_form_00604,h04-071,h04-071,thickening,0.8983842730522156,0.7234601378440857,-0.17492413520812988,-0.19470970108007
synthetic_form_00605,g07-003a,g07-003a,thickening,1.4890936613082886,1.4358986616134644,-0.05319499969482422,-0.03572307150300903
synthetic_form_00606,g06-026e,g06-026e,dropout,0.888939619064331,0.7631886601448059,-0.12575095891952515,-0.14146175376598577
synthetic_form_00607,e02-000,e02-000,blur,0.5831648111343384,0.29756706953048706,-0.2855977416038513,-0.4897376029101398
synthetic_form_00608,k04-014,k04-014,dropout,0.9928709864616394,0.828033983707428,-0.16483700275421143,-0.16602056394199452
synthetic_form_00609,f07-081b,f07-081b,thickening,0.332940012216568,0.4832836985588074,0.15034368634223938,0.45156387430179573
synthetic_form_00610,m04-000,m04-000,thinning,0.6989911198616028,0.6236836910247803,-0.07530742883682251,-0.10773731685512669
synthetic_form_00611,g06-109,g06-109,thinning,0.9404518604278564,0.7903153896331787,-0.15013647079467773,-0.1596429073253621
synthetic_form_00612,c02-030,c02-030,blur,0.8851116299629211,0.5360538363456726,-0.34905779361724854,-0.39436583799968006
synthetic_form_00613,a05-108,a05-108,thickening,1.190613865852356,1.457927942276001,0.267314076423645,0.2245178574223116
synthetic_form_00614,m03-118,m03-118,dropout,1.0496855974197388,1.1728800535202026,0.12319445610046387,0.11736319449334127
synthetic_form_00615,n02-045,n02-045,thickening,0.9721319675445557,0.5834652781486511,-0.38866668939590454,-0.3998085634191483
synthetic_form_00616,h02-008,h02-008,thinning,0.5685248970985413,0.36993974447250366,-0.1985851526260376,-0.3492989491692001
synthetic_form_00617,a01-026x,a01-026x,thickening,0.8358424305915833,1.0348583459854126,0.19901591539382935,0.2381021897535761
synthetic_form_00618,p01-174,p01-174,thinning,1.8982852697372437,1.2370206117630005,-0.6612646579742432,-0.34834840950026963
synthetic_form_00619,a06-051,a06-051,blur,0.982496440410614,1.0098180770874023,0.02732163667678833,0.02780838207137524
synthetic_form_00620,e07-076,e07-076,thinning,0.9990817904472351,0.7655428647994995,-0.2335389256477356,-0.23375355806020368
synthetic_form_00621,j06-026,j06-026,thinning,1.3481814861297607,1.4187315702438354,0.07055008411407471,0.05232981191078768
synthetic_form_00622,g01-022,g01-022,dropout,1.0748590230941772,1.4669837951660156,0.3921247720718384,0.3648150687658417
synthetic_form_00623,m02-069,m02-069,thickening,0.6354478001594543,0.6074824333190918,-0.02796536684036255,-0.04400891212977055
synthetic_form_00624,b06-000,b06-000,dropout,0.4299182891845703,0.6129804253578186,0.1830621361732483,0.42580680217721323
synthetic_form_00625,g01-022,g01-022,thinning,1.0748590230941772,1.4391547441482544,0.36429572105407715,0.3389241843233951
synthetic_form_00626,m06-076,m06-076,blur,0.9110326766967773,0.7959513664245605,-0.1150813102722168,-0.12631962821167114
synthetic_form_00627,n06-182,n06-182,thinning,0.6305672526359558,0.7516860365867615,0.12111878395080566,0.1920790867646596
synthetic_form_00628,r06-090,r06-090,thinning,0.6205006241798401,0.7511573433876038,0.13065671920776367,0.210566616713393
synthetic_form_00629,g06-011o,g06-011o,thickening,1.5519239902496338,1.3058178424835205,-0.24610614776611328,-0.15858131437269224
synthetic_form_00630,a01-038x,a01-038x,dropout,1.0152074098587036,0.8666902184486389,-0.1485171914100647,-0.14629246054046305
synthetic_form_00631,l01-007,l01-007,thinning,1.038206696510315,1.1740704774856567,0.1358637809753418,0.13086390226857195
synthetic_form_00632,a05-017,a05-017,thickening,1.3173012733459473,1.4666788578033447,0.14937758445739746,0.11339667420499142
synthetic_form_00633,c06-095,c06-095,blur,0.4016106128692627,0.8936700224876404,0.4920594096183777,1.2252151252945294
synthetic_form_00634,m04-030,m04-030,dropout,1.1106202602386475,0.8441568613052368,-0.26646339893341064,-0.23992304667386777
synthetic_form_00635,p02-131,p02-131,thinning,0.8735567927360535,0.805943489074707,-0.06761330366134644,-0.07740000816154813
synthetic_form_00636,a05-121,a05-121,thinning,1.4595390558242798,1.42475163936615,-0.03478741645812988,-0.023834522331530446
synthetic_form_00637,k02-023,k02-023,thickening,0.753130316734314,0.9145015478134155,0.16137123107910156,0.21426733906577816
synthetic_form_00638,p02-090,p02-090,thickening,0.27810388803482056,0.3140471875667572,0.035943299531936646,0.12924414143751517
synthetic_form_00639,a06-014,a06-014,thickening,0.7659813165664673,0.9204971790313721,0.15451586246490479,0.2017227536832085
synthetic_form_00640,n03-103,n03-103,thickening,0.9614876508712769,1.219332218170166,0.25784456729888916,0.26817251826740723
synthetic_form_00641,p03-033,p03-033,thinning,0.6983122229576111,0.620715856552124,-0.07759636640548706,-0.11111987266331808
synthetic_form_00642,f07-096,f07-096,thinning,1.0073355436325073,0.6265804171562195,-0.38075512647628784,-0.3779824161901801
synthetic_form_00643,b04-140,b04-140,thickening,0.7766847610473633,0.9095587134361267,0.13287395238876343,0.1710783542331881
synthetic_form_00644,g06-045b,g06-045b,blur,0.6506857872009277,1.043533444404602,0.3928476572036743,0.603744017302356
synthetic_form_00645,p03-103,p03-103,blur,0.5998005270957947,0.5307295322418213,-0.06907099485397339,-0.11515660720880948
synthetic_form_00646,a03-063,a03-063,thinning,0.2483331561088562,0.3571443259716034,0.10881116986274719,0.43816607973761384
synthetic_form_00647,c02-017,c02-017,thickening,0.9062438607215881,1.0336726903915405,0.1274288296699524,0.1406120734019292
synthetic_form_00648,r06-011,r06-011,thickening,0.9851927757263184,0.9393776655197144,-0.045815110206604004,-0.04650370046389196
synthetic_form_00649,a02-120,a02-120,thinning,0.941904604434967,0.594991147518158,-0.3469134569168091,-0.36831060343081207
synthetic_form_00650,a02-024,a02-024,thinning,0.30143699049949646,0.6027328372001648,0.30129584670066833,0.9995317303496445
synthetic_form_00651,d06-050,d06-050,blur,0.5291358828544617,0.4685923755168915,-0.06054350733757019,-0.114419581349819
synthetic_form_00652,a05-069,a05-069,thickening,1.1485620737075806,1.646256923675537,0.49769484996795654,0.4333199371873639
synthetic_form_00653,d01-085,d01-085,dropout,0.6367882490158081,0.8443529605865479,0.20756471157073975,0.3259556196773204
synthetic_form_00654,a04-092,a04-092,blur,0.47949400544166565,0.5800407528877258,0.10054674744606018,0.20969343559678383
synthetic_form_00655,f04-083,f04-083,thickening,0.809730052947998,0.8930569887161255,0.08332693576812744,0.10290705456180994
synthetic_form_00656,c04-098,c04-098,thinning,0.8543545603752136,0.6518358588218689,-0.20251870155334473,-0.23704291938697417
synthetic_form_00657,g04-032,g04-032,thinning,1.1955318450927734,1.0340772867202759,-0.16145455837249756,-0.13504831149812288
synthetic_form_00658,a01-014x,a01-014x,blur,0.9509161114692688,1.0289835929870605,0.07806748151779175,0.08209712692342307
synthetic_form_00659,m04-152,m04-152,thickening,0.8400064706802368,0.7862035036087036,-0.0538029670715332,-0.06405065711869697
synthetic_form_00660,g04-098,g04-098,thickening,0.6780441403388977,0.5078032612800598,-0.1702408790588379,-0.25107639225815703
synthetic_form_00661,j06-022,j06-022,thickening,1.5039467811584473,1.7240816354751587,0.22013485431671143,0.1463714378798919
synthetic_form_00662,p03-096,p03-096,thinning,0.5000091195106506,0.5755961537361145,0.07558703422546387,0.15117130821079094
synthetic_form_00663,p02-121,p02-121,thickening,0.9586272239685059,0.9162892699241638,-0.04233795404434204,-0.04416519012199583
synthetic_form_00664,b05-042,b05-042,thickening,1.2334142923355103,1.4890332221984863,0.2556189298629761,0.2072449860350681
synthetic_form_00665,k07-185,k07-185,thinning,0.9245914816856384,1.0322414636611938,0.10764998197555542,0.11642977784631882
synthetic_form_00666,e01-025,e01-025,blur,0.9863700866699219,1.1890392303466797,0.2026691436767578,0.20546967549096215
synthetic_form_00667,f04-011,f04-011,thickening,1.1523017883300781,1.2845637798309326,0.1322619915008545,0.1147806865289365
synthetic_form_00668,b05-062,b05-062,thickening,0.8818610310554504,0.767187774181366,-0.11467325687408447,-0.13003551754235387
synthetic_form_00669,g06-050i,g06-050i,thickening,0.9417032599449158,0.7937161326408386,-0.14798712730407715,-0.15714836300051666
synthetic_form_00670,g02-059,g02-059,dropout,0.6081656813621521,0.5250975489616394,-0.0830681324005127,-0.136587994982846
synthetic_form_00671,e01-081,e01-081,blur,1.2027182579040527,0.7857694029808044,-0.4169488549232483,-0.3466720894244458
synthetic_form_00672,p03-004,p03-004,thinning,1.079159140586853,1.2901955842971802,0.21103644371032715,0.1955563677475786
synthetic_form_00673,b06-068,b06-068,blur,1.0932531356811523,1.319303035736084,0.22604990005493164,0.20676812223036511
synthetic_form_00674,g06-026b,g06-026b,blur,0.7866742014884949,1.065445899963379,0.27877169847488403,0.35436740445248605
synthetic_form_00675,c03-016e,c03-016e,thinning,1.2696744203567505,1.394641399383545,0.12496697902679443,0.09842442758470096
synthetic_form_00676,g07-022a,g07-022a,thickening,1.2786636352539062,1.2821879386901855,0.003524303436279297,0.0027562396486055336
synthetic_form_00677,a04-027,a04-027,thinning,0.6775782704353333,0.5518490076065063,-0.1257292628288269,-0.18555680791309875
synthetic_form_00678,g06-026k,g06-026k,blur,0.9382487535476685,0.8528101444244385,-0.08543860912322998,-0.09106178706825357
synthetic_form_00679,a05-039,a05-039,dropout,1.1052093505859375,1.2609587907791138,0.15574944019317627,0.14092301942738178
synthetic_form_00680,b04-169,b04-169,thickening,0.6868406534194946,0.5284441709518433,-0.15839648246765137,-0.23061605246122296
synthetic_form_00681,g07-014b,g07-014b,dropout,0.810409665107727,0.7703539729118347,-0.040055692195892334,-0.04942647333346281
synthetic_form_00682,r02-006,r02-006,dropout,0.3929431736469269,0.585334300994873,0.19239112734794617,0.4896156374627847
synthetic_form_00683,n06-074,n06-074,thinning,0.87143474817276,0.6290156245231628,-0.24241912364959717,-0.27818390461944154
synthetic_form_00684,e04-008,e04-008,thickening,0.9226189255714417,0.9475091099739075,0.02489018440246582,0.026977751531892857
synthetic_form_00685,m02-095,m02-095,dropout,0.5712051391601562,0.6648485064506531,0.09364336729049683,0.16393999148673782
synthetic_form_00686,g06-031r,g06-031r,thickening,0.6841490864753723,0.620807409286499,-0.06334167718887329,-0.09258460986822838
synthetic_form_00687,e04-043,e04-043,thinning,0.22635723650455475,0.5509421229362488,0.32458488643169403,1.4339496147969035
synthetic_form_00688,m04-072,m04-072,dropout,0.6390693783760071,0.6237147450447083,-0.015354633331298828,-0.024026551123529444
synthetic_form_00689,p03-121,p03-121,dropout,0.6741140484809875,0.6159043908119202,-0.05820965766906738,-0.08634986459151126
synthetic_form_00690,f07-084a,f07-084a,dropout,1.1890922784805298,1.3170897960662842,0.1279975175857544,0.10764304741166458
synthetic_form_00691,e02-025,e02-025,thinning,0.774638295173645,0.8391415476799011,0.0645032525062561,0.08326886506315599
synthetic_form_00692,e04-062,e04-062,blur,1.067192792892456,1.0333664417266846,-0.033826351165771484,-0.03169656979890658
synthetic_form_00693,l04-066,l04-066,thinning,0.8579030632972717,0.8056811094284058,-0.05222195386886597,-0.06087162465586663
synthetic_form_00694,e01-102,e01-102,thinning,1.0381349325180054,1.2123109102249146,0.17417597770690918,0.16777778164796556
synthetic_form_00695,g01-043,g01-043,blur,1.0101606845855713,0.9300242066383362,-0.08013647794723511,-0.07933042572014933
synthetic_form_00696,r03-096,r03-096,thickening,1.1251590251922607,1.015468955039978,-0.10969007015228271,-0.097488503155058
synthetic_form_00697,p02-115,p02-115,thinning,0.40857964754104614,0.690166711807251,0.28158706426620483,0.6891852275780922
synthetic_form_00698,h06-085,h06-085,dropout,0.9491775035858154,1.2273980379104614,0.278220534324646,0.29311749419092403
synthetic_form_00699,a02-046,a02-046,thinning,0.7972235083580017,0.700964093208313,-0.09625941514968872,-0.12074332095464148
synthetic_form_00700,j04-111,j04-111,thinning,0.9785429835319519,1.131224513053894,0.15268152952194214,0.1560294545371518
synthetic_form_00701,f07-046a,f07-046a,thickening,0.8300302028656006,0.9419784545898438,0.11194825172424316,0.13487250221621744
synthetic_form_00702,b06-064,b06-064,thickening,0.8045340180397034,0.9651564955711365,0.1606224775314331,0.19964659285176495
synthetic_form_00703,g04-003,g04-003,thickening,0.25158658623695374,0.46186503767967224,0.2102784514427185,0.8358094373385072
synthetic_form_00704,e07-098,e07-098,dropout,0.7320876717567444,1.110015869140625,0.3779281973838806,0.5162335151945054
synthetic_form_00705,m04-222,m04-222,thinning,0.7867563366889954,0.5618901252746582,-0.22486621141433716,-0.28581429607866476
synthetic_form_00706,d01-085,d01-085,dropout,0.6367882490158081,0.8437533378601074,0.20696508884429932,0.3250139837128521
synthetic_form_00707,f01-081,f01-081,thinning,1.4493827819824219,0.6955695152282715,-0.7538132667541504,-0.5200926014328537
synthetic_form_00708,r02-081,r02-081,dropout,0.40676018595695496,0.25643980503082275,-0.1503203809261322,-0.36955528692399325
synthetic_form_00709,k07-185,k07-185,blur,0.9245914816856384,1.0270178318023682,0.10242635011672974,0.11078011320436718
synthetic_form_00710,m01-131,m01-131,thickening,0.4046879708766937,0.41707152128219604,0.01238355040550232,0.030600242633041088
synthetic_form_00711,b06-008,b06-008,thinning,1.0451650619506836,1.3089580535888672,0.2637929916381836,0.25239361581978964
synthetic_form_00712,f04-024,f04-024,blur,0.6966632008552551,0.8576173782348633,0.16095417737960815,0.23103585042478925
synthetic_form_00713,g06-050c,g06-050c,thinning,0.7664486169815063,0.6458944082260132,-0.12055420875549316,-0.15728935314330209
synthetic_form_00714,g01-016,g01-016,thickening,0.8101769685745239,1.0122021436691284,0.2020251750946045,0.24935931338120743
synthetic_form_00715,g06-011o,g06-011o,thinning,1.5519239902496338,1.310394048690796,-0.2415299415588379,-0.15563258350279185
synthetic_form_00716,h06-089,h06-089,dropout,0.9201194047927856,1.1400312185287476,0.21991181373596191,0.23900355779960025
synthetic_form_00717,b01-033,b01-033,thinning,0.9162564277648926,0.6809965372085571,-0.23525989055633545,-0.2567620601173905
synthetic_form_00718,g06-050m,g06-050m,blur,1.3006898164749146,0.8686952590942383,-0.43199455738067627,-0.3321272670760048
synthetic_form_00719,a01-072u,a01-072u,thickening,1.2405136823654175,1.5249415636062622,0.2844278812408447,0.2292823392368175
synthetic_form_00720,c03-007c,c03-007c,thickening,0.9195776581764221,1.1055973768234253,0.18601971864700317,0.20228820803781747
synthetic_form_00721,l04-179,l04-179,dropout,0.8612048625946045,0.8481211066246033,-0.01308375597000122,-0.015192384978713589
synthetic_form_00722,n02-028,n02-028,thinning,0.924377977848053,1.0426682233810425,0.1182902455329895,0.1279673976317508
synthetic_form_00723,b01-033,b01-033,dropout,0.9162564277648926,0.6770150065422058,-0.23924142122268677,-0.26110749279567413
synthetic_form_00724,p02-069,p02-069,blur,0.4648147523403168,0.3783889710903168,-0.08642578125,-0.18593596471603213
synthetic_form_00725,n02-127,n02-127,thickening,1.5705186128616333,0.9743755459785461,-0.5961430668830872,-0.3795835708059661
synthetic_form_00726,g06-018l,g06-018l,thinning,0.9587109684944153,0.8870404362678528,-0.0716705322265625,-0.07475718317017269
synthetic_form_00727,g03-004,g03-004,blur,0.7360003590583801,0.5678176283836365,-0.16818273067474365,-0.22850903035539546
synthetic_form_00728,n02-154,n02-154,thinning,1.015061616897583,1.1068627834320068,0.09180116653442383,0.09043900793984633
synthetic_form_00729,a01-102u,a01-102u,thickening,1.1617971658706665,1.3147810697555542,0.1529839038848877,0.13167866738033643
synthetic_form_00730,b03-109,b03-109,dropout,0.61092209815979,0.578917920589447,-0.03200417757034302,-0.05238667441049972
synthetic_form_00731,h04-078,h04-078,dropout,1.0973790884017944,1.0040862560272217,-0.09329283237457275,-0.08501422389987467
synthetic_form_00732,c03-087d,c03-087d,thinning,0.8843346834182739,1.1415408849716187,0.2572062015533447,0.2908471232301761
synthetic_form_00733,a02-106,a02-106,blur,0.8365099430084229,1.099846601486206,0.2633366584777832,0.31480397517174746
synthetic_form_00734,d03-117,d03-117,thinning,0.6012495160102844,0.6628028154373169,0.06155329942703247,0.10237563068944455
synthetic_form_00735,a06-008,a06-008,dropout,0.6554908752441406,0.6144910454750061,-0.04099982976913452,-0.06254828357203462
synthetic_form_00736,l04-130,l04-130,dropout,0.5320248007774353,0.34747225046157837,-0.18455255031585693,-0.34688711236262576
synthetic_form_00737,j04-061,j04-061,thinning,1.151064157485962,0.9017707109451294,-0.24929344654083252,-0.21657649815067573
synthetic_form_00738,e07-076,e07-076,thinning,0.9990817904472351,0.7447519898414612,-0.2543298006057739,-0.25456354073502707
synthetic_form_00739,g06-050h,g06-050h,thinning,0.7474084496498108,0.6879255175590515,-0.05948293209075928,-0.07958557509320845
synthetic_form_00740,a02-090,a02-090,thinning,0.30373647809028625,0.5506477952003479,0.24691131711006165,0.8129129254851554
synthetic_form_00741,l07-065,l07-065,thickening,1.6108862161636353,1.378782033920288,-0.23210418224334717,-0.14408477673566614
synthetic_form_00742,k04-110,k04-110,blur,0.7853143215179443,1.051608920097351,0.26629459857940674,0.33909300759185484
synthetic_form_00743,j04-019,j04-019,dropout,0.8791836500167847,1.2099989652633667,0.33081531524658203,0.3762755500258801
synthetic_form_00744,b02-105,b02-105,thickening,0.821695864200592,0.7445001602172852,-0.07719570398330688,-0.09394680733721428
synthetic_form_00745,k07-085,k07-085,blur,0.875640332698822,1.334754467010498,0.459114134311676,0.5243181611489423
synthetic_form_00746,g06-031o,g06-031o,dropout,1.4615259170532227,1.2717136144638062,-0.1898123025894165,-0.12987268927354742
synthetic_form_00747,a02-042,a02-042,thinning,0.4033835232257843,0.8694247603416443,0.46604123711586,1.1553303462563618
synthetic_form_00748,a02-053,a02-053,thickening,0.9788873195648193,0.8456438779830933,-0.13324344158172607,-0.1361172400106166
synthetic_form_00749,h01-027,h01-027,blur,1.1726181507110596,1.3424806594848633,0.1698625087738037,0.14485747745097297
synthetic_form_00750,e07-105,e07-105,thickening,0.8491250276565552,1.1572867631912231,0.30816173553466797,0.3629167930145405
synthetic_form_00751,b05-050,b05-050,blur,0.874248206615448,1.125388264656067,0.2511400580406189,0.28726402098122533
synthetic_form_00752,e02-018,e02-018,thickening,0.5549180507659912,0.84260094165802,0.2876828908920288,0.5184240903871834
synthetic_form_00753,g06-047j,g06-047j,dropout,0.31388139724731445,0.43432843685150146,0.12044703960418701,0.38373422835231524
synthetic_form_00754,j01-059,j01-059,thinning,0.25874805450439453,0.3910783529281616,0.1323302984237671,0.5114252687347913
synthetic_form_00755,f02-020,f02-020,thinning,0.7160587310791016,0.4964424967765808,-0.21961623430252075,-0.3067014222486255
synthetic_form_00756,c03-016d,c03-016d,thickening,0.5704928636550903,0.3556871712207794,-0.2148056924343109,-0.3765265130448913
synthetic_form_00757,a02-004,a02-004,thinning,0.6634726524353027,0.8475726842880249,0.18410003185272217,0.2774794536024675
synthetic_form_00758,g04-032,g04-032,thickening,1.1955318450927734,1.032470703125,-0.16306114196777344,-0.1363921348253158
synthetic_form_00759,a01-128u,a01-128u,dropout,1.2790107727050781,1.5351762771606445,0.2561655044555664,0.20028408510660273
synthetic_form_00760,c03-081a,c03-081a,blur,1.04334557056427,1.1831454038619995,0.1397998332977295,0.1339918775734133
synthetic_form_00761,f07-084b,f07-084b,thickening,0.6992055773735046,0.7682262659072876,0.06902068853378296,0.09871301056539353
synthetic_form_00762,a01-113u,a01-113u,thinning,1.1917576789855957,1.4215675592422485,0.22980988025665283,0.19283272294409376
synthetic_form_00763,n01-000,n01-000,blur,0.2940295338630676,0.22467955946922302,-0.0693499743938446,-0.23586056517552384
synthetic_form_00764,n02-000,n02-000,thickening,0.7152602076530457,0.6232720613479614,-0.09198814630508423,-0.1286079444022781
synthetic_form_00765,b05-017,b05-017,thickening,1.1825153827667236,0.7404176592826843,-0.4420977234840393,-0.3738621299885713
synthetic_form_00766,d06-086,d06-086,blur,1.050744891166687,1.3780572414398193,0.3273123502731323,0.3115050569455093
synthetic_form_00767,g06-042g,g06-042g,dropout,1.2180651426315308,0.687737762928009,-0.5303273797035217,-0.43538506832560847
synthetic_form_00768,d06-086,d06-086,dropout,1.050744891166687,1.3873202800750732,0.33657538890838623,0.3203207443925469
synthetic_form_00769,l04-071,l04-071,blur,0.6956678032875061,0.8532008528709412,0.15753304958343506,0.2264486678476379
synthetic_form_00770,k07-063a,k07-063a,blur,0.9431780576705933,0.9861732721328735,0.04299521446228027,0.04558546889079744
synthetic_form_00771,e07-072,e07-072,blur,1.1049906015396118,1.0219058990478516,-0.08308470249176025,-0.07519041485429112
synthetic_form_00772,e04-019,e04-019,blur,0.43037334084510803,0.712735652923584,0.28236231207847595,0.6560868871736869
synthetic_form_00773,n02-049,n02-049,thinning,1.3745673894882202,1.1705114841461182,-0.20405590534210205,-0.14845100023329252
synthetic_form_00774,j01-066,j01-066,dropout,0.7890195250511169,0.8510195016860962,0.06199997663497925,0.078578506463674
synthetic_form_00775,n02-127,n02-127,thickening,1.5705186128616333,0.9854434728622437,-0.5850751399993896,-0.37253626380649185
synthetic_form_00776,h07-020,h07-020,dropout,1.2580698728561401,1.204383134841919,-0.05368673801422119,-0.042673891765327515
synthetic_form_00777,g06-018c,g06-018c,thinning,1.0741832256317139,0.8409672975540161,-0.23321592807769775,-0.21711000538985917
synthetic_form_00778,r02-054,r02-054,dropout,0.723915159702301,0.8426559567451477,0.11874079704284668,0.1640258444807518
synthetic_form_00779,n04-044,n04-044,thinning,0.9635409712791443,1.1265037059783936,0.16296273469924927,0.169129012533446
synthetic_form_00780,e06-046,e06-046,blur,0.801121175289154,0.6759464740753174,-0.12517470121383667,-0.15624939586219594
synthetic_form_00781,r02-013,r02-013,blur,1.155641794204712,1.7352771759033203,0.5796353816986084,0.5015701055375902
synthetic_form_00782,n02-037,n02-037,thinning,0.5454443693161011,0.47864988446235657,-0.0667944848537445,-0.12245883794328208
synthetic_form_00783,g06-042a,g06-042a,blur,0.6935113668441772,0.42883026599884033,-0.2646811008453369,-0.38165358158905477
synthetic_form_00784,g07-026b,g07-026b,thickening,0.771652340888977,0.5895538926124573,-0.18209844827651978,-0.23598508844913701
synthetic_form_00785,c04-023,c04-023,blur,1.1178306341171265,0.9635027050971985,-0.15432792901992798,-0.13806020601789612
synthetic_form_00786,g06-037c,g06-037c,thinning,0.5268971920013428,0.5893831253051758,0.06248593330383301,0.11859226632156943
synthetic_form_00787,f07-076a,f07-076a,thinning,1.20003342628479,1.4407531023025513,0.24071967601776123,0.20059414074578671
synthetic_form_00788,p03-163,p03-163,dropout,0.8286510705947876,0.6610854864120483,-0.16756558418273926,-0.20221488646640554
synthetic_form_00789,f07-016,f07-016,thickening,1.2787394523620605,1.2414562702178955,-0.03728318214416504,-0.029156198929918324
synthetic_form_00790,g06-050n,g06-050n,thinning,1.122290015220642,1.3844135999679565,0.26212358474731445,0.2335613601268362
synthetic_form_00791,a06-039,a06-039,dropout,0.49108174443244934,0.7949405312538147,0.30385878682136536,0.6187539734041628
synthetic_form_00792,g06-026r,g06-026r,thickening,0.9139342308044434,0.8062180876731873,-0.1077161431312561,-0.11785983971499364
synthetic_form_00793,j07-009,j07-009,thickening,0.9387867450714111,1.2884374856948853,0.3496507406234741,0.37244958850839033
synthetic_form_00794,j06-030,j06-030,thinning,1.2694740295410156,1.3546017408370972,0.08512771129608154,0.06705746525297979
synthetic_form_00795,p01-168,p01-168,thickening,0.4127979278564453,0.29436638951301575,-0.11843153834342957,-0.2868995396595594
synthetic_form_00796,h07-040,h07-040,thickening,0.8078992962837219,0.7503670454025269,-0.05753225088119507,-0.0712121553190078
synthetic_form_00797,e06-021,e06-021,blur,1.1340903043746948,1.3386820554733276,0.2045917510986328,0.18040163865735764
synthetic_form_00798,g06-045k,g06-045k,blur,0.6924542784690857,0.6341695189476013,-0.058284759521484375,-0.08417127381843988
synthetic_form_00799,h05-012,h05-012,thinning,1.272458553314209,1.152167797088623,-0.12029075622558594,-0.0945341244843998
synthetic_form_00800,a01-063x,a01-063x,thinning,1.3327020406723022,1.2779127359390259,-0.05478930473327637,-0.04111144325593035
synthetic_form_00801,l04-130,l04-130,blur,0.5320248007774353,0.3494049310684204,-0.1826198697090149,-0.3432544234960711
synthetic_form_00802,p03-087,p03-087,dropout,0.45123210549354553,0.5441424250602722,0.09291031956672668,0.20590360565338725
synthetic_form_00803,m04-238,m04-238,thickening,1.0620418787002563,0.7385866045951843,-0.323455274105072,-0.3045598083715151
synthetic_form_00804,a03-011,a03-011,thickening,0.8125575184822083,1.110649824142456,0.2980923056602478,0.36685686269753737
synthetic_form_00805,b03-114,b03-114,thickening,1.7559911012649536,1.3567261695861816,-0.399264931678772,-0.22737297991853483
synthetic_form_00806,d06-091,d06-091,thinning,1.2104588747024536,1.1506472826004028,-0.05981159210205078,-0.04941232854575911
synthetic_form_00807,e07-090,e07-090,blur,1.1896361112594604,0.826364278793335,-0.3632718324661255,-0.3053638217386438
synthetic_form_00808,m03-020,m03-020,dropout,0.8945285081863403,0.6300397515296936,-0.26448875665664673,-0.29567392350206856
synthetic_form_00809,b01-073,b01-073,thickening,1.0855861902236938,1.2302964925765991,0.14471030235290527,0.13330153084396848
synthetic_form_00810,b03-092,b03-092,thinning,1.194657564163208,0.7860618829727173,-0.4085956811904907,-0.3420190772880585
synthetic_form_00811,e01-050,e01-050,dropout,0.5206299424171448,0.7308142781257629,0.21018433570861816,0.4037115704403652
synthetic_form_00812,e06-070,e06-070,dropout,1.129218578338623,1.4150389432907104,0.2858203649520874,0.2531134077172819
synthetic_form_00813,c06-005,c06-005,thickening,1.039209246635437,1.0285881757736206,-0.010621070861816406,-0.010220338968306904
synthetic_form_00814,n04-044,n04-044,dropout,0.9635409712791443,1.165262222290039,0.20172125101089478,0.2093540959130775
synthetic_form_00815,b06-075(1),b06-075,thickening,1.0756841897964478,1.1730040311813354,0.0973198413848877,0.09047250243454685
synthetic_form_00816,r02-000,r02-000,dropout,0.7505900263786316,1.137876033782959,0.3872860074043274,0.5159754175166839
synthetic_form_00817,e07-003,e07-003,thickening,1.084298849105835,1.368104100227356,0.283805251121521,0.26174080027674335
synthetic_form_00818,a02-057,a02-057,dropout,0.6787445545196533,0.8394845128059387,0.1607399582862854,0.23681951456958017
synthetic_form_00819,r03-110,r03-110,thickening,0.8299622535705566,0.6550928354263306,-0.17486941814422607,-0.2106956253552124
synthetic_form_00820,n03-064,n03-064,blur,1.1738682985305786,0.8132789731025696,-0.36058932542800903,-0.3071803905153437
synthetic_form_00821,g06-047b,g06-047b,blur,0.7115378379821777,0.7958970069885254,0.08435916900634766,0.1185589343498431
synthetic_form_00822,f07-076a,f07-076a,dropout,1.20003342628479,1.4409743547439575,0.24094092845916748,0.20077851264303254
synthetic_form_00823,g06-109,g06-109,dropout,0.9404518604278564,0.8571492433547974,-0.08330261707305908,-0.08857722515364953
synthetic_form_00824,g06-042c,g06-042c,thickening,0.9996029734611511,0.767619788646698,-0.23198318481445312,-0.23207532255576643
synthetic_form_00825,b01-057,b01-057,dropout,1.167291283607483,1.152876615524292,-0.014414668083190918,-0.012348818295939454
synthetic_form_00826,c03-084c,c03-084c,thickening,0.7215717434883118,1.0920567512512207,0.37048500776290894,0.5134416722548579
synthetic_form_00827,r02-065,r02-065,dropout,0.6086908578872681,0.500097930431366,-0.1085929274559021,-0.17840406877274512
synthetic_form_00828,b03-025,b03-025,thickening,0.8883251547813416,0.8001344799995422,-0.08819067478179932,-0.09927746987051433
synthetic_form_00829,n02-040,n02-040,thinning,0.9719703793525696,0.6976617574691772,-0.27430862188339233,-0.2822191137593292
synthetic_form_00830,j04-015,j04-015,thickening,0.722762942314148,0.9342944622039795,0.21153151988983154,0.29267067329965973
synthetic_form_00831,n02-154,n02-154,dropout,1.015061616897583,1.069920539855957,0.05485892295837402,0.05404491855932324
synthetic_form_00832,b06-071,b06-071,thickening,0.9656418561935425,1.0595239400863647,0.09388208389282227,0.09722246640247222
synthetic_form_00833,c02-012,c02-012,dropout,0.6521589756011963,0.9322254061698914,0.28006643056869507,0.4294450229962166
synthetic_form_00834,c03-000f,c03-000f,blur,1.014953851699829,1.2627859115600586,0.2478320598602295,0.24418061668849084
synthetic_form_00835,d05-025,d05-025,thinning,0.32413238286972046,0.7047383189201355,0.38060593605041504,1.1742298653976038
synthetic_form_00836,g06-026p,g06-026p,dropout,0.7467774152755737,0.7556619644165039,0.008884549140930176,0.011897184944565811
synthetic_form_00837,l01-111,l01-111,dropout,0.5064331889152527,0.775549590587616,0.2691164016723633,0.5313956554364786
synthetic_form_00838,f03-182,f03-182,thickening,0.9468734264373779,0.5902336239814758,-0.3566398024559021,-0.37664991828027555
synthetic_form_00839,g06-037b(1),g06-037b,thickening,0.8083679676055908,1.212373971939087,0.4040060043334961,0.49977982246423647
synthetic_form_00840,m01-026,m01-026,thinning,0.31503260135650635,0.44412460923194885,0.1290920078754425,0.4097734749414741
synthetic_form_00841,f07-046b,f07-046b,thinning,0.618927001953125,0.8745526671409607,0.2556256651878357,0.4130142331018439
synthetic_form_00842,f07-009,f07-009,dropout,1.3085591793060303,1.3949928283691406,0.08643364906311035,0.06605253302217748
synthetic_form_00843,p03-181,p03-181,thickening,0.8892027139663696,1.130483627319336,0.2412809133529663,0.27134522516610254
synthetic_form_00844,n02-109,n02-109,blur,1.2963718175888062,0.752034068107605,-0.5443377494812012,-0.4198932265395224
synthetic_form_00845,m04-113,m04-113,blur,1.5782370567321777,1.1718058586120605,-0.4064311981201172,-0.25752227386323795
synthetic_form_00846,p02-131,p02-131,dropout,0.8735567927360535,0.8360278606414795,-0.037528932094573975,-0.042961066729753805
synthetic_form_00847,b06-004,b06-004,thickening,1.1002347469329834,1.1445344686508179,0.04429972171783447,0.04026388135685194
synthetic_form_00848,m01-125,m01-125,dropout,0.9290429949760437,1.1321895122528076,0.20314651727676392,0.2186621245611792
synthetic_form_00849,c06-095,c06-095,blur,0.4016106128692627,0.9013803601264954,0.49976974725723267,1.244413665372402
synthetic_form_00850,b01-118,b01-118,thickening,1.4831291437149048,0.9614283442497253,-0.5217007994651794,-0.35175682317243673
synthetic_form_00851,g07-000a,g07-000a,thinning,1.4079196453094482,1.2995972633361816,-0.1083223819732666,-0.07693790023086104
synthetic_form_00852,a01-011,a01-011,dropout,0.7885568141937256,0.7452561259269714,-0.04330068826675415,-0.05491131005178699
synthetic_form_00853,h07-066b,h07-066b,thinning,0.7826735377311707,0.9549223184585571,0.17224878072738647,0.22007742720666182
synthetic_form_00854,b01-057,b01-057,blur,1.167291283607483,1.1682926416397095,0.0010013580322265625,0.0008578475978621343
synthetic_form_00855,h07-044a,h07-044a,thinning,0.6041476726531982,0.465152770280838,-0.13899490237236023,-0.23006775721119188
synthetic_form_00856,g06-026e,g06-026e,thinning,0.888939619064331,0.7197381258010864,-0.16920149326324463,-0.19034081475402398
synthetic_form_00857,g06-037b,g06-037b,blur,0.8083679676055908,1.2040746212005615,0.3957066535949707,0.48951302446079714
synthetic_form_00858,p03-096,p03-096,thinning,0.5000091195106506,0.5696606040000916,0.06965148448944092,0.13930042548944555
synthetic_form_00859,m03-095,m03-095,thinning,0.5896552801132202,0.9010124802589417,0.31135720014572144,0.5280325732105913
synthetic_form_00860,h07-040b,h07-040b,thickening,1.3180245161056519,1.0992106199264526,-0.21881389617919922,-0.16601655875534085
synthetic_form_00861,k07-077,k07-077,dropout,0.6925563216209412,0.8648615479469299,0.17230522632598877,0.2487959729177627
synthetic_form_00862,n04-075,n04-075,thickening,1.0725557804107666,0.9980750679969788,-0.07448071241378784,-0.06944227338072854
synthetic_form_00863,b01-094,b01-094,thickening,0.9601620435714722,1.2665305137634277,0.30636847019195557,0.31907996056745874
synthetic_form_00864,a03-071,a03-071,blur,1.1355986595153809,1.2761011123657227,0.1405024528503418,0.12372544686962475
synthetic_form_00865,n06-074,n06-074,blur,0.87143474817276,0.628997266292572,-0.242437481880188,-0.2782049712918672
synthetic_form_00866,c04-139,c04-139,blur,0.7162572741508484,0.6299792528152466,-0.0862780213356018,-0.12045674542477824
synthetic_form_00867,g06-050o,g06-050o,thinning,1.2784092426300049,1.3869761228561401,0.10856688022613525,0.08492341556726554
synthetic_form_00868,d04-117,d04-117,thickening,1.0032275915145874,0.823540210723877,-0.17968738079071045,-0.1791092873834749
synthetic_form_00869,g06-018a,g06-018a,thickening,0.7899988293647766,0.6703433394432068,-0.11965548992156982,-0.1514628679933031
synthetic_form_00870,r06-044,r06-044,dropout,0.7901121377944946,1.0691801309585571,0.2790679931640625,0.3532004841882865
synthetic_form_00871,d01-123,d01-123,thinning,0.6978558301925659,0.4538329839706421,-0.24402284622192383,-0.3496751508944717
synthetic_form_00872,e06-049,e06-049,thinning,1.1468647718429565,1.623480200767517,0.47661542892456055,0.4155811883582845
synthetic_form_00873,r03-050,r03-050,thickening,0.7925784587860107,0.8141690492630005,0.021590590476989746,0.027240950047583257
synthetic_form_00874,e04-038,e04-038,thinning,0.6856580972671509,0.3289826214313507,-0.35667547583580017,-0.5201943535057331
synthetic_form_00875,a01-014,a01-014,thickening,1.0510506629943848,0.9549098610877991,-0.0961408019065857,-0.09147113871559201
synthetic_form_00876,f04-046,f04-046,blur,0.7941828966140747,0.7590644359588623,-0.0351184606552124,-0.0442196128407456
synthetic_form_00877,h06-000,h06-000,thickening,0.8052938580513,0.9094569087028503,0.10416305065155029,0.1293478750851667
synthetic_form_00878,f04-007,f04-007,thickening,0.8215596079826355,0.43772822618484497,-0.3838313817977905,-0.4671984520615802
synthetic_form_00879,c02-035,c02-035,dropout,1.1445306539535522,0.5816529393196106,-0.5628777146339417,-0.49179784549379674
synthetic_form_00880,a06-095,a06-095,blur,1.1055457592010498,1.408854365348816,0.3033086061477661,0.2743519215554139
synthetic_form_00881,f07-006,f07-006,dropout,1.3825808763504028,1.2164497375488281,-0.1661311388015747,-0.1201601587593988
synthetic_form_00882,k07-063a,k07-063a,blur,0.9431780576705933,0.9841168522834778,0.04093879461288452,0.04340515965770153
synthetic_form_00883,g06-050a,g06-050a,thinning,0.33631715178489685,0.27354052662849426,-0.06277662515640259,-0.18665900016292813
synthetic_form_00884,n04-213,n04-213,thickening,0.7207056879997253,0.9214452505111694,0.2007395625114441,0.27853194871163706
synthetic_form_00885,d07-085,d07-085,thickening,0.42320919036865234,0.6022049784660339,0.1789957880973816,0.42294871647747867
synthetic_form_00886,g04-088,g04-088,dropout,1.0138198137283325,1.221868872642517,0.20804905891418457,0.20521305072639248
synthetic_form_00887,h04-055,h04-055,blur,0.9920855164527893,1.1090834140777588,0.11699789762496948,0.11793126147429699
synthetic_form_00888,h07-084,h07-084,thickening,1.2407150268554688,1.3146615028381348,0.07394647598266602,0.059599886989424845
synthetic_form_00889,a04-059,a04-059,dropout,1.0819494724273682,0.7377319931983948,-0.3442174792289734,-0.31814561106560807
synthetic_form_00890,b01-057,b01-057,thickening,1.167291283607483,1.1687194108963013,0.0014281272888183594,0.0012234540740938534
synthetic_form_00891,n06-123,n06-123,blur,0.5206182599067688,0.6314640641212463,0.11084580421447754,0.21291186003581386
synthetic_form_00892,a02-046,a02-046,thinning,0.7972235083580017,0.7057886719703674,-0.09143483638763428,-0.11469159436735844
synthetic_form_00893,k04-126,k04-126,blur,1.042500376701355,0.7968019247055054,-0.2456984519958496,-0.2356818809183184
synthetic_form_00894,g06-031h,g06-031h,dropout,0.6574930548667908,0.6378202438354492,-0.019672811031341553,-0.029920940740762486
synthetic_form_00895,f03-182,f03-182,thickening,0.9468734264373779,0.5908005237579346,-0.35607290267944336,-0.3760512112570944
synthetic_form_00896,p06-069,p06-069,thickening,1.7444466352462769,1.8471908569335938,0.1027442216873169,0.058897887170869426
synthetic_form_00897,a05-013,a05-013,blur,1.1904170513153076,1.5478284358978271,0.35741138458251953,0.3002404755419172
synthetic_form_00898,n06-119,n06-119,blur,0.9168404936790466,0.9266324639320374,0.009791970252990723,0.010680123984158693
synthetic_form_00899,g06-047b,g06-047b,dropout,0.7115378379821777,0.8239080905914307,0.11237025260925293,0.1579258966025761
synthetic_form_00900,c02-007,c02-007,dropout,0.6197773814201355,0.6343191862106323,0.014541804790496826,0.023462948135581807
synthetic_form_00901,k04-000,k04-000,blur,0.8372411131858826,1.1560461521148682,0.3188050389289856,0.3807804348117348
synthetic_form_00902,n04-139,n04-139,thinning,1.153702974319458,0.9233706593513489,-0.23033231496810913,-0.19964611177978075
synthetic_form_00903,a02-082,a02-082,dropout,1.1058002710342407,1.0016210079193115,-0.1041792631149292,-0.09421164463576703
synthetic_form_00904,k02-036,k02-036,thinning,0.8351444005966187,1.0332090854644775,0.1980646848678589,0.2371621989619298
synthetic_form_00905,c06-047,c06-047,thinning,1.5594583749771118,1.2895445823669434,-0.26991379261016846,-0.17308175403098686
synthetic_form_00906,c03-087b,c03-087b,thinning,1.1159814596176147,0.6692306399345398,-0.44675081968307495,-0.40032100159884537
synthetic_form_00907,c03-084c,c03-084c,thickening,0.7215717434883118,1.080008864402771,0.35843712091445923,0.4967449448813066
synthetic_form_00908,g07-014b,g07-014b,blur,0.810409665107727,0.8052424192428589,-0.005167245864868164,-0.0063760910359088275
synthetic_form_00909,n04-044,n04-044,thinning,0.9635409712791443,1.1316484212875366,0.16810745000839233,0.1744683965441948
synthetic_form_00910,f07-002,f07-002,thickening,1.1055883169174194,1.2347136735916138,0.12912535667419434,0.11679334299252167
synthetic_form_00911,m02-095,m02-095,dropout,0.5712051391601562,0.6590598225593567,0.08785468339920044,0.15380583233252237
synthetic_form_00912,g06-050k,g06-050k,thinning,0.39294639229774475,0.5334689021110535,0.14052250981330872,0.3576124097118759
synthetic_form_00913,f03-182,f03-182,blur,0.9468734264373779,0.5897918343544006,-0.3570815920829773,-0.37711649555457044
synthetic_form_00914,d06-030,d06-030,blur,1.0938185453414917,0.7361096739768982,-0.3577088713645935,-0.32702761314276324
synthetic_form_00915,g02-073,g02-073,dropout,0.8379215598106384,0.47760170698165894,-0.3603198528289795,-0.43001620415429576
synthetic_form_00916,g07-022b,g07-022b,dropout,0.6341782212257385,0.4140530228614807,-0.2201251983642578,-0.3471030500980777
synthetic_form_00917,k04-061,k04-061,thickening,0.5986843109130859,0.7503076791763306,0.15162336826324463,0.25326096402858117
synthetic_form_00918,b06-000,b06-000,thickening,0.4299182891845703,0.5864830017089844,0.15656471252441406,0.36417317620899525
synthetic_form_00919,a05-044,a05-044,thickening,1.2934266328811646,1.3920466899871826,0.09862005710601807,0.07624712050645376
synthetic_form_00920,l03-004,l03-004,thinning,0.7362529039382935,0.9567432999610901,0.22049039602279663,0.299476432416913
synthetic_form_00921,k04-061,k04-061,dropout,0.5986843109130859,0.7461600303649902,0.1474757194519043,0.24633302443428126
synthetic_form_00922,n02-033,n02-033,thinning,0.2444203943014145,0.3107111155986786,0.0662907212972641,0.2712159874161556
synthetic_form_00923,b05-045,b05-045,thickening,0.8908781409263611,0.6981631517410278,-0.19271498918533325,-0.21632025545237873
synthetic_form_00924,g03-058,g03-058,thinning,0.4757150411605835,0.19707870483398438,-0.2786363363265991,-0.5857210858618429
synthetic_form_00925,g06-050b,g06-050b,thinning,0.6612962484359741,0.880338191986084,0.21904194355010986,0.33123118535127355
synthetic_form_00926,g02-062,g02-062,thinning,0.617867112159729,0.8576476573944092,0.23978054523468018,0.3880778514262697
synthetic_form_00927,e01-062,e01-062,thinning,0.9294740557670593,1.0193580389022827,0.08988398313522339,0.09670413241820316
synthetic_form_00928,g06-018b,g06-018b,thickening,0.5160972476005554,0.8789083361625671,0.3628110885620117,0.7029897625280875
synthetic_form_00929,f04-057,f04-057,blur,0.5280402302742004,0.8609524369239807,0.3329122066497803,0.6304674933048773
synthetic_form_00930,r06-022,r06-022,thinning,0.5829657316207886,0.6467114090919495,0.06374567747116089,0.10934721017041614
synthetic_form_00931,n02-028,n02-028,thickening,0.924377977848053,1.0524711608886719,0.1280931830406189,0.1385722991292979
synthetic_form_00932,d06-082,d06-082,dropout,0.7509258389472961,0.8741161227226257,0.12319028377532959,0.1640511961973701
synthetic_form_00933,g01-031,g01-031,thickening,0.9505799412727356,1.1022605895996094,0.15168064832687378,0.15956642902450013
synthetic_form_00934,b05-088,b05-088,thickening,1.1470766067504883,0.7466744780540466,-0.40040212869644165,-0.34906310777280625
synthetic_form_00935,m06-048,m06-048,thinning,0.7458379864692688,0.8986767530441284,0.15283876657485962,0.2049222046857157
synthetic_form_00936,g03-040,g03-040,dropout,1.3443713188171387,0.8555638790130615,-0.48880743980407715,-0.3635955552802218
synthetic_form_00937,f07-000b,f07-000b,dropout,1.0052272081375122,1.150495171546936,0.14526796340942383,0.14451256471007293
synthetic_form_00938,c06-039,c06-039,thickening,0.3532593250274658,0.4789084792137146,0.12564915418624878,0.3556853046119208
synthetic_form_00939,a02-093,a02-093,thinning,0.5415480732917786,1.0501368045806885,0.5085887312889099,0.9391386415726438
synthetic_form_00940,m04-043,m04-043,thinning,1.0230481624603271,0.8818971514701843,-0.14115101099014282,-0.13797103087598403
synthetic_form_00941,c03-003b,c03-003b,dropout,1.381169319152832,0.9984172582626343,-0.38275206089019775,-0.27712174952868845
synthetic_form_00942,l07-138,l07-138,thickening,0.6769446134567261,0.7366952300071716,0.05975061655044556,0.08826514677867905
synthetic_form_00943,g06-050h,g06-050h,thinning,0.7474084496498108,0.6890893578529358,-0.058319091796875,-0.07802840741754476
synthetic_form_00944,g06-031o,g06-031o,thinning,1.4615259170532227,1.2627278566360474,-0.1987980604171753,-0.13602089209460594
synthetic_form_00945,c03-003e,c03-003e,thickening,1.1075859069824219,1.3683969974517822,0.26081109046936035,0.23547707357992673
synthetic_form_00946,g05-087,g05-087,thickening,0.5638191103935242,0.7549223303794861,0.19110321998596191,0.3389441987220638
synthetic_form_00947,j04-061,j04-061,thinning,1.151064157485962,0.9029884934425354,-0.2480756640434265,-0.21551853584778713
synthetic_form_00948,c03-081a,c03-081a,thickening,1.04334557056427,1.1896955966949463,0.14635002613067627,0.14026994397343032
synthetic_form_00949,h07-040,h07-040,thinning,0.8078992962837219,0.754834771156311,-0.05306452512741089,-0.06568210260199857
synthetic_form_00950,n04-156,n04-156,dropout,0.9895930886268616,0.6821372509002686,-0.307455837726593,-0.3106891490585496
synthetic_form_00951,g04-048,g04-048,dropout,1.094456672668457,1.0898888111114502,-0.004567861557006836,-0.004173633940330716
synthetic_form_00952,d04-028,d04-028,blur,0.9327675700187683,0.9862506985664368,0.05348312854766846,0.05733810832768471
synthetic_form_00953,l04-124,l04-124,thickening,1.0706772804260254,1.041537880897522,-0.029139399528503418,-0.02721585653218513
synthetic_form_00954,b05-045,b05-045,thickening,0.8908781409263611,0.7013049125671387,-0.1895732283592224,-0.21279366674566957
synthetic_form_00955,l07-131,l07-131,thinning,0.6815310716629028,1.0055317878723145,0.3240007162094116,0.4754012324997204
synthetic_form_00956,p03-057,p03-057,thickening,0.5842065811157227,0.5159087777137756,-0.06829780340194702,-0.11690693744401497
synthetic_form_00957,a01-020,a01-020,blur,0.5448026061058044,0.8416959047317505,0.29689329862594604,0.5449557139576717
synthetic_form_00958,g06-031k,g06-031k,dropout,0.6021151542663574,0.45255252718925476,-0.14956262707710266,-0.24839538339702186
synthetic_form_00959,n02-000,n02-000,dropout,0.7152602076530457,0.6325130462646484,-0.08274716138839722,-0.11568819199802852
synthetic_form_00960,k07-141,k07-141,dropout,0.48018166422843933,0.5201107263565063,0.03992906212806702,0.08315407328325353
synthetic_form_00961,c04-139,c04-139,dropout,0.7162572741508484,0.6246668696403503,-0.09159040451049805,-0.1278736098566622
synthetic_form_00962,c03-081d,c03-081d,dropout,0.9697751402854919,1.018584966659546,0.048809826374053955,0.050331075569099534
synthetic_form_00963,d06-100,d06-100,dropout,0.48426929116249084,1.1170133352279663,0.6327440440654755,1.306595405792955
synthetic_form_00964,r03-053,r03-053,thinning,0.803721010684967,0.4827606976032257,-0.32096031308174133,-0.3993429371900769
synthetic_form_00965,p02-105,p02-105,dropout,0.20480407774448395,0.5022843480110168,0.2974802702665329,1.4525113904839286
synthetic_form_00966,f07-039a,f07-039a,thickening,0.8075706362724304,0.8071637153625488,-0.0004069209098815918,-0.000503882739869075
synthetic_form_00967,g06-018d,g06-018d,thinning,0.7584421634674072,0.6614049673080444,-0.09703719615936279,-0.1279427747480511
synthetic_form_00968,l07-176,l07-176,blur,0.8787940144538879,1.2097272872924805,0.33093327283859253,0.37657660797619275
synthetic_form_00969,d01-056,d01-056,thickening,0.8624112010002136,1.1662925481796265,0.30388134717941284,0.35236247314894603
synthetic_form_00970,g06-011l,g06-011l,blur,0.6574416160583496,0.6312736868858337,-0.02616792917251587,-0.039802665568050594
synthetic_form_00971,p03-096,p03-096,dropout,0.5000091195106506,0.6039122939109802,0.10390317440032959,0.20780255452938956
synthetic_form_00972,g06-047e,g06-047e,blur,1.1878993511199951,1.1425254344940186,-0.04537391662597656,-0.03819676827100603
synthetic_form_00973,c04-023,c04-023,thinning,1.1178306341171265,0.932255208492279,-0.1855754256248474,-0.166013900765278
synthetic_form_00974,n04-075,n04-075,thickening,1.0725557804107666,0.9935239553451538,-0.07903182506561279,-0.07368551433146918
synthetic_form_00975,a06-020,a06-020,blur,0.9964957237243652,1.0588246583938599,0.06232893466949463,0.06254811993679349
synthetic_form_00976,n04-015,n04-015,thinning,0.6927564740180969,0.7637101411819458,0.07095366716384888,0.10242223465351981
synthetic_form_00977,r03-084,r03-084,blur,2.1332740783691406,1.6567665338516235,-0.4765075445175171,-0.22336911469346196
synthetic_form_00978,r02-054,r02-054,blur,0.723915159702301,0.8644857406616211,0.14057058095932007,0.19418101297300835
synthetic_form_00979,f07-101a,f07-101a,thinning,1.3072112798690796,1.5211544036865234,0.21394312381744385,0.16366376688719603
synthetic_form_00980,g06-031a,g06-031a,dropout,0.527077853679657,0.38822129368782043,-0.13885655999183655,-0.263446009708026
synthetic_form_00981,h07-060a,h07-060a,blur,0.5960147380828857,0.7156920433044434,0.11967730522155762,0.20079587897196546
synthetic_form_00982,f07-042b,f07-042b,blur,0.8667885065078735,1.0995343923568726,0.23274588584899902,0.26851519305618865
synthetic_form_00983,k02-053,k02-053,blur,0.5711131691932678,0.7330965399742126,0.16198337078094482,0.28362744317992483
synthetic_form_00984,p01-174,p01-174,dropout,1.8982852697372437,1.2531068325042725,-0.6451784372329712,-0.33987432980688514
synthetic_form_00985,d06-008,d06-008,dropout,0.9900423884391785,1.1795334815979004,0.18949109315872192,0.19139694770391488
synthetic_form_00986,l04-098,l04-098,blur,0.45112544298171997,0.7107455730438232,0.25962013006210327,0.5754943072844603
synthetic_form_00987,a04-081,a04-081,thinning,0.846726655960083,1.0282201766967773,0.18149352073669434,0.21434723628421834
synthetic_form_00988,g06-037b(1),g06-037b,thickening,0.8083679676055908,1.2117444276809692,0.4033764600753784,0.4990010382031597
synthetic_form_00989,e01-055,e01-055,dropout,1.4170079231262207,1.2824158668518066,-0.13459205627441406,-0.0949832764714841
synthetic_form_00990,n04-068,n04-068,thinning,1.088910460472107,0.86397385597229,-0.2249366044998169,-0.20657033851671353
synthetic_form_00991,f02-040,f02-040,blur,1.1415342092514038,1.2098824977874756,0.06834828853607178,0.05987406017569344
synthetic_form_00992,c03-084f,c03-084f,thinning,0.9055528044700623,1.1516083478927612,0.24605554342269897,0.2717186004956463
synthetic_form_00993,e01-086,e01-086,thinning,1.2032405138015747,0.7992061972618103,-0.4040343165397644,-0.33578848829263114
synthetic_form_00994,c02-003,c02-003,dropout,0.5943194031715393,0.5150670409202576,-0.07925236225128174,-0.13334977874668044
synthetic_form_00995,m02-052,m02-052,thickening,0.1968146413564682,0.22664953768253326,0.029834896326065063,0.15158879748250287
synthetic_form_00996,g04-055,g04-055,blur,0.6296956539154053,0.8217360973358154,0.19204044342041016,0.30497342514051246
synthetic_form_00997,h06-003,h06-003,blur,0.9386285543441772,1.020455002784729,0.08182644844055176,0.08717660163871548
synthetic_form_00998,g06-026e,g06-026e,thinning,0.888939619064331,0.7205901145935059,-0.1683495044708252,-0.18938238207247482
synthetic_form_00999,j04-098,j04-098,thickening,0.8109071254730225,1.030808448791504,0.21990132331848145,0.271179415865181
synthetic_form_01000,f07-101a,f07-101a,dropout,1.3072112798690796,1.5477524995803833,0.2405412197113037,0.1840109717346417
