sample_id,source_form,synthetic_image,ground_truth_mask,anomaly_type,label,mask_pixels
synthetic_form_00001,m04-222,data\synthetic_form_anomalies\images\synthetic_form_00001.png,data\synthetic_form_anomalies\masks\synthetic_form_00001_mask.png,thinning,1,5144
synthetic_form_00002,b05-098,data\synthetic_form_anomalies\images\synthetic_form_00002.png,data\synthetic_form_anomalies\masks\synthetic_form_00002_mask.png,thickening,1,22541
synthetic_form_00003,g06-042d,data\synthetic_form_anomalies\images\synthetic_form_00003.png,data\synthetic_form_anomalies\masks\synthetic_form_00003_mask.png,thinning,1,3070
synthetic_form_00004,h07-054a,data\synthetic_form_anomalies\images\synthetic_form_00004.png,data\synthetic_form_anomalies\masks\synthetic_form_00004_mask.png,thinning,1,5334
synthetic_form_00005,d01-024,data\synthetic_form_anomalies\images\synthetic_form_00005.png,data\synthetic_form_anomalies\masks\synthetic_form_00005_mask.png,thickening,1,9497
synthetic_form_00006,p02-081,data\synthetic_form_anomalies\images\synthetic_form_00006.png,data\synthetic_form_anomalies\masks\synthetic_form_00006_mask.png,thinning,1,2150
synthetic_form_00007,f07-028b,data\synthetic_form_anomalies\images\synthetic_form_00007.png,data\synthetic_form_anomalies\masks\synthetic_form_00007_mask.png,thickening,1,9812
synthetic_form_00008,f07-084a,data\synthetic_form_anomalies\images\synthetic_form_00008.png,data\synthetic_form_anomalies\masks\synthetic_form_00008_mask.png,dropout,1,1160
synthetic_form_00009,k02-023,data\synthetic_form_anomalies\images\synthetic_form_00009.png,data\synthetic_form_anomalies\masks\synthetic_form_00009_mask.png,blur,1,6790
synthetic_form_00010,m04-030,data\synthetic_form_anomalies\images\synthetic_form_00010.png,data\synthetic_form_anomalies\masks\synthetic_form_00010_mask.png,thinning,1,21512
synthetic_form_00011,a02-116,data\synthetic_form_anomalies\images\synthetic_form_00011.png,data\synthetic_form_anomalies\masks\synthetic_form_00011_mask.png,thickening,1,7080
synthetic_form_00012,b01-027,data\synthetic_form_anomalies\images\synthetic_form_00012.png,data\synthetic_form_anomalies\masks\synthetic_form_00012_mask.png,blur,1,5542
synthetic_form_00013,c03-000a,data\synthetic_form_anomalies\images\synthetic_form_00013.png,data\synthetic_form_anomalies\masks\synthetic_form_00013_mask.png,blur,1,3090
synthetic_form_00014,p02-131,data\synthetic_form_anomalies\images\synthetic_form_00014.png,data\synthetic_form_anomalies\masks\synthetic_form_00014_mask.png,thinning,1,5170
synthetic_form_00015,c03-000b,data\synthetic_form_anomalies\images\synthetic_form_00015.png,data\synthetic_form_anomalies\masks\synthetic_form_00015_mask.png,thinning,1,2268
synthetic_form_00016,a03-066,data\synthetic_form_anomalies\images\synthetic_form_00016.png,data\synthetic_form_anomalies\masks\synthetic_form_00016_mask.png,blur,1,9215
synthetic_form_00017,g06-026l,data\synthetic_form_anomalies\images\synthetic_form_00017.png,data\synthetic_form_anomalies\masks\synthetic_form_00017_mask.png,blur,1,6390
synthetic_form_00018,c06-058,data\synthetic_form_anomalies\images\synthetic_form_00018.png,data\synthetic_form_anomalies\masks\synthetic_form_00018_mask.png,dropout,1,4905
synthetic_form_00019,b06-023,data\synthetic_form_anomalies\images\synthetic_form_00019.png,data\synthetic_form_anomalies\masks\synthetic_form_00019_mask.png,blur,1,8623
synthetic_form_00020,r06-070,data\synthetic_form_anomalies\images\synthetic_form_00020.png,data\synthetic_form_anomalies\masks\synthetic_form_00020_mask.png,blur,1,5897
synthetic_form_00021,d01-016,data\synthetic_form_anomalies\images\synthetic_form_00021.png,data\synthetic_form_anomalies\masks\synthetic_form_00021_mask.png,thickening,1,13855
synthetic_form_00022,b01-136,data\synthetic_form_anomalies\images\synthetic_form_00022.png,data\synthetic_form_anomalies\masks\synthetic_form_00022_mask.png,dropout,1,18445
synthetic_form_00023,l07-085,data\synthetic_form_anomalies\images\synthetic_form_00023.png,data\synthetic_form_anomalies\masks\synthetic_form_00023_mask.png,dropout,1,10909
synthetic_form_00024,j06-014,data\synthetic_form_anomalies\images\synthetic_form_00024.png,data\synthetic_form_anomalies\masks\synthetic_form_00024_mask.png,thickening,1,3002
synthetic_form_00025,k02-029,data\synthetic_form_anomalies\images\synthetic_form_00025.png,data\synthetic_form_anomalies\masks\synthetic_form_00025_mask.png,thickening,1,7077
synthetic_form_00026,g06-045m,data\synthetic_form_anomalies\images\synthetic_form_00026.png,data\synthetic_form_anomalies\masks\synthetic_form_00026_mask.png,blur,1,8368
synthetic_form_00027,h07-030a,data\synthetic_form_anomalies\images\synthetic_form_00027.png,data\synthetic_form_anomalies\masks\synthetic_form_00027_mask.png,blur,1,7548
synthetic_form_00028,m04-216,data\synthetic_form_anomalies\images\synthetic_form_00028.png,data\synthetic_form_anomalies\masks\synthetic_form_00028_mask.png,thinning,1,3451
synthetic_form_00029,c02-078,data\synthetic_form_anomalies\images\synthetic_form_00029.png,data\synthetic_form_anomalies\masks\synthetic_form_00029_mask.png,thickening,1,11645
synthetic_form_00030,f04-057,data\synthetic_form_anomalies\images\synthetic_form_00030.png,data\synthetic_form_anomalies\masks\synthetic_form_00030_mask.png,blur,1,1632
synthetic_form_00031,f01-085,data\synthetic_form_anomalies\images\synthetic_form_00031.png,data\synthetic_form_anomalies\masks\synthetic_form_00031_mask.png,thickening,1,4522
synthetic_form_00032,r02-137,data\synthetic_form_anomalies\images\synthetic_form_00032.png,data\synthetic_form_anomalies\masks\synthetic_form_00032_mask.png,thinning,1,8100
synthetic_form_00033,n02-120,data\synthetic_form_anomalies\images\synthetic_form_00033.png,data\synthetic_form_anomalies\masks\synthetic_form_00033_mask.png,blur,1,6764
synthetic_form_00034,j06-000,data\synthetic_form_anomalies\images\synthetic_form_00034.png,data\synthetic_form_anomalies\masks\synthetic_form_00034_mask.png,thinning,1,5591
synthetic_form_00035,g06-026h,data\synthetic_form_anomalies\images\synthetic_form_00035.png,data\synthetic_form_anomalies\masks\synthetic_form_00035_mask.png,dropout,1,5313
synthetic_form_00036,j01-066,data\synthetic_form_anomalies\images\synthetic_form_00036.png,data\synthetic_form_anomalies\masks\synthetic_form_00036_mask.png,thinning,1,3140
synthetic_form_00037,f07-036,data\synthetic_form_anomalies\images\synthetic_form_00037.png,data\synthetic_form_anomalies\masks\synthetic_form_00037_mask.png,thinning,1,17756
synthetic_form_00038,a01-020,data\synthetic_form_anomalies\images\synthetic_form_00038.png,data\synthetic_form_anomalies\masks\synthetic_form_00038_mask.png,thinning,1,11067
synthetic_form_00039,a01-132u,data\synthetic_form_anomalies\images\synthetic_form_00039.png,data\synthetic_form_anomalies\masks\synthetic_form_00039_mask.png,thinning,1,2900
synthetic_form_00040,n04-009,data\synthetic_form_anomalies\images\synthetic_form_00040.png,data\synthetic_form_anomalies\masks\synthetic_form_00040_mask.png,thinning,1,5487
synthetic_form_00041,d06-003,data\synthetic_form_anomalies\images\synthetic_form_00041.png,data\synthetic_form_anomalies\masks\synthetic_form_00041_mask.png,thinning,1,3031
synthetic_form_00042,a06-152,data\synthetic_form_anomalies\images\synthetic_form_00042.png,data\synthetic_form_anomalies\masks\synthetic_form_00042_mask.png,dropout,1,4754
synthetic_form_00043,g07-044,data\synthetic_form_anomalies\images\synthetic_form_00043.png,data\synthetic_form_anomalies\masks\synthetic_form_00043_mask.png,thickening,1,3271
synthetic_form_00044,r02-078,data\synthetic_form_anomalies\images\synthetic_form_00044.png,data\synthetic_form_anomalies\masks\synthetic_form_00044_mask.png,thinning,1,3619
synthetic_form_00045,c03-096c,data\synthetic_form_anomalies\images\synthetic_form_00045.png,data\synthetic_form_anomalies\masks\synthetic_form_00045_mask.png,dropout,1,2802
synthetic_form_00046,c03-087a,data\synthetic_form_anomalies\images\synthetic_form_00046.png,data\synthetic_form_anomalies\masks\synthetic_form_00046_mask.png,thickening,1,10900
synthetic_form_00047,k04-054,data\synthetic_form_anomalies\images\synthetic_form_00047.png,data\synthetic_form_anomalies\masks\synthetic_form_00047_mask.png,thickening,1,8344
synthetic_form_00048,d04-101,data\synthetic_form_anomalies\images\synthetic_form_00048.png,data\synthetic_form_anomalies\masks\synthetic_form_00048_mask.png,dropout,1,13205
synthetic_form_00049,c06-080,data\synthetic_form_anomalies\images\synthetic_form_00049.png,data\synthetic_form_anomalies\masks\synthetic_form_00049_mask.png,dropout,1,1546
synthetic_form_00050,a01-003x,data\synthetic_form_anomalies\images\synthetic_form_00050.png,data\synthetic_form_anomalies\masks\synthetic_form_00050_mask.png,blur,1,7151
synthetic_form_00051,g06-042f,data\synthetic_form_anomalies\images\synthetic_form_00051.png,data\synthetic_form_anomalies\masks\synthetic_form_00051_mask.png,thinning,1,5206
synthetic_form_00052,e07-007,data\synthetic_form_anomalies\images\synthetic_form_00052.png,data\synthetic_form_anomalies\masks\synthetic_form_00052_mask.png,thickening,1,6604
synthetic_form_00053,f02-040,data\synthetic_form_anomalies\images\synthetic_form_00053.png,data\synthetic_form_anomalies\masks\synthetic_form_00053_mask.png,dropout,1,11575
synthetic_form_00054,h07-037a,data\synthetic_form_anomalies\images\synthetic_form_00054.png,data\synthetic_form_anomalies\masks\synthetic_form_00054_mask.png,thickening,1,5947
synthetic_form_00055,a05-094(1),data\synthetic_form_anomalies\images\synthetic_form_00055.png,data\synthetic_form_anomalies\masks\synthetic_form_00055_mask.png,thickening,1,11056
synthetic_form_00056,d04-086,data\synthetic_form_anomalies\images\synthetic_form_00056.png,data\synthetic_form_anomalies\masks\synthetic_form_00056_mask.png,thinning,1,5655
synthetic_form_00057,m02-095,data\synthetic_form_anomalies\images\synthetic_form_00057.png,data\synthetic_form_anomalies\masks\synthetic_form_00057_mask.png,blur,1,17516
synthetic_form_00058,e01-025,data\synthetic_form_anomalies\images\synthetic_form_00058.png,data\synthetic_form_anomalies\masks\synthetic_form_00058_mask.png,thinning,1,4931
synthetic_form_00059,g06-026a,data\synthetic_form_anomalies\images\synthetic_form_00059.png,data\synthetic_form_anomalies\masks\synthetic_form_00059_mask.png,dropout,1,15402
synthetic_form_00060,f03-182,data\synthetic_form_anomalies\images\synthetic_form_00060.png,data\synthetic_form_anomalies\masks\synthetic_form_00060_mask.png,thickening,1,6114
synthetic_form_00061,k02-053,data\synthetic_form_anomalies\images\synthetic_form_00061.png,data\synthetic_form_anomalies\masks\synthetic_form_00061_mask.png,thinning,1,15335
synthetic_form_00062,a04-089,data\synthetic_form_anomalies\images\synthetic_form_00062.png,data\synthetic_form_anomalies\masks\synthetic_form_00062_mask.png,blur,1,3850
synthetic_form_00063,c02-022,data\synthetic_form_anomalies\images\synthetic_form_00063.png,data\synthetic_form_anomalies\masks\synthetic_form_00063_mask.png,blur,1,11878
synthetic_form_00064,m01-131,data\synthetic_form_anomalies\images\synthetic_form_00064.png,data\synthetic_form_anomalies\masks\synthetic_form_00064_mask.png,thickening,1,1432
synthetic_form_00065,k04-093,data\synthetic_form_anomalies\images\synthetic_form_00065.png,data\synthetic_form_anomalies\masks\synthetic_form_00065_mask.png,thinning,1,14600
synthetic_form_00066,b03-109,data\synthetic_form_anomalies\images\synthetic_form_00066.png,data\synthetic_form_anomalies\masks\synthetic_form_00066_mask.png,thinning,1,31177
synthetic_form_00067,e04-079,data\synthetic_form_anomalies\images\synthetic_form_00067.png,data\synthetic_form_anomalies\masks\synthetic_form_00067_mask.png,thinning,1,4580
synthetic_form_00068,h07-057a,data\synthetic_form_anomalies\images\synthetic_form_00068.png,data\synthetic_form_anomalies\masks\synthetic_form_00068_mask.png,thickening,1,1367
synthetic_form_00069,g06-042g,data\synthetic_form_anomalies\images\synthetic_form_00069.png,data\synthetic_form_anomalies\masks\synthetic_form_00069_mask.png,blur,1,696
synthetic_form_00070,b04-195,data\synthetic_form_anomalies\images\synthetic_form_00070.png,data\synthetic_form_anomalies\masks\synthetic_form_00070_mask.png,dropout,1,3415
synthetic_form_00071,k04-061,data\synthetic_form_anomalies\images\synthetic_form_00071.png,data\synthetic_form_anomalies\masks\synthetic_form_00071_mask.png,thickening,1,9566
synthetic_form_00072,a05-044,data\synthetic_form_anomalies\images\synthetic_form_00072.png,data\synthetic_form_anomalies\masks\synthetic_form_00072_mask.png,blur,1,9864
synthetic_form_00073,l04-034,data\synthetic_form_anomalies\images\synthetic_form_00073.png,data\synthetic_form_anomalies\masks\synthetic_form_00073_mask.png,thinning,1,2092
synthetic_form_00074,f01-139,data\synthetic_form_anomalies\images\synthetic_form_00074.png,data\synthetic_form_anomalies\masks\synthetic_form_00074_mask.png,blur,1,6106
synthetic_form_00075,c06-031,data\synthetic_form_anomalies\images\synthetic_form_00075.png,data\synthetic_form_anomalies\masks\synthetic_form_00075_mask.png,blur,1,2402
synthetic_form_00076,k04-156,data\synthetic_form_anomalies\images\synthetic_form_00076.png,data\synthetic_form_anomalies\masks\synthetic_form_00076_mask.png,thinning,1,2124
synthetic_form_00077,c02-089,data\synthetic_form_anomalies\images\synthetic_form_00077.png,data\synthetic_form_anomalies\masks\synthetic_form_00077_mask.png,thinning,1,9289
synthetic_form_00078,g06-031r,data\synthetic_form_anomalies\images\synthetic_form_00078.png,data\synthetic_form_anomalies\masks\synthetic_form_00078_mask.png,blur,1,5007
synthetic_form_00079,c02-035,data\synthetic_form_anomalies\images\synthetic_form_00079.png,data\synthetic_form_anomalies\masks\synthetic_form_00079_mask.png,dropout,1,8051
synthetic_form_00080,d01-060,data\synthetic_form_anomalies\images\synthetic_form_00080.png,data\synthetic_form_anomalies\masks\synthetic_form_00080_mask.png,blur,1,32289
synthetic_form_00081,f01-066,data\synthetic_form_anomalies\images\synthetic_form_00081.png,data\synthetic_form_anomalies\masks\synthetic_form_00081_mask.png,thinning,1,7350
synthetic_form_00082,n02-120,data\synthetic_form_anomalies\images\synthetic_form_00082.png,data\synthetic_form_anomalies\masks\synthetic_form_00082_mask.png,blur,1,15299
synthetic_form_00083,a04-096,data\synthetic_form_anomalies\images\synthetic_form_00083.png,data\synthetic_form_anomalies\masks\synthetic_form_00083_mask.png,dropout,1,4337
synthetic_form_00084,n04-171,data\synthetic_form_anomalies\images\synthetic_form_00084.png,data\synthetic_form_anomalies\masks\synthetic_form_00084_mask.png,thickening,1,3754
synthetic_form_00085,c03-081c,data\synthetic_form_anomalies\images\synthetic_form_00085.png,data\synthetic_form_anomalies\masks\synthetic_form_00085_mask.png,dropout,1,2589
synthetic_form_00086,f07-088b,data\synthetic_form_anomalies\images\synthetic_form_00086.png,data\synthetic_form_anomalies\masks\synthetic_form_00086_mask.png,dropout,1,7889
synthetic_form_00087,m01-060,data\synthetic_form_anomalies\images\synthetic_form_00087.png,data\synthetic_form_anomalies\masks\synthetic_form_00087_mask.png,thinning,1,5009
synthetic_form_00088,a02-102,data\synthetic_form_anomalies\images\synthetic_form_00088.png,data\synthetic_form_anomalies\masks\synthetic_form_00088_mask.png,thinning,1,2099
synthetic_form_00089,g06-045f,data\synthetic_form_anomalies\images\synthetic_form_00089.png,data\synthetic_form_anomalies\masks\synthetic_form_00089_mask.png,blur,1,20319
synthetic_form_00090,n03-064,data\synthetic_form_anomalies\images\synthetic_form_00090.png,data\synthetic_form_anomalies\masks\synthetic_form_00090_mask.png,blur,1,16857
synthetic_form_00091,n03-106,data\synthetic_form_anomalies\images\synthetic_form_00091.png,data\synthetic_form_anomalies\masks\synthetic_form_00091_mask.png,blur,1,5898
synthetic_form_00092,k04-093,data\synthetic_form_anomalies\images\synthetic_form_00092.png,data\synthetic_form_anomalies\masks\synthetic_form_00092_mask.png,dropout,1,11874
synthetic_form_00093,n04-139,data\synthetic_form_anomalies\images\synthetic_form_00093.png,data\synthetic_form_anomalies\masks\synthetic_form_00093_mask.png,blur,1,10969
synthetic_form_00094,g06-031e,data\synthetic_form_anomalies\images\synthetic_form_00094.png,data\synthetic_form_anomalies\masks\synthetic_form_00094_mask.png,blur,1,6346
synthetic_form_00095,e04-124,data\synthetic_form_anomalies\images\synthetic_form_00095.png,data\synthetic_form_anomalies\masks\synthetic_form_00095_mask.png,blur,1,16691
synthetic_form_00096,g07-030,data\synthetic_form_anomalies\images\synthetic_form_00096.png,data\synthetic_form_anomalies\masks\synthetic_form_00096_mask.png,dropout,1,4272
synthetic_form_00097,r03-056,data\synthetic_form_anomalies\images\synthetic_form_00097.png,data\synthetic_form_anomalies\masks\synthetic_form_00097_mask.png,blur,1,9812
synthetic_form_00098,j01-045,data\synthetic_form_anomalies\images\synthetic_form_00098.png,data\synthetic_form_anomalies\masks\synthetic_form_00098_mask.png,blur,1,8566
synthetic_form_00099,a06-114,data\synthetic_form_anomalies\images\synthetic_form_00099.png,data\synthetic_form_anomalies\masks\synthetic_form_00099_mask.png,blur,1,5965
synthetic_form_00100,d01-118,data\synthetic_form_anomalies\images\synthetic_form_00100.png,data\synthetic_form_anomalies\masks\synthetic_form_00100_mask.png,thickening,1,3157
synthetic_form_00101,h01-027,data\synthetic_form_anomalies\images\synthetic_form_00101.png,data\synthetic_form_anomalies\masks\synthetic_form_00101_mask.png,dropout,1,8126
synthetic_form_00102,g06-037e,data\synthetic_form_anomalies\images\synthetic_form_00102.png,data\synthetic_form_anomalies\masks\synthetic_form_00102_mask.png,dropout,1,1016
synthetic_form_00103,g06-026i,data\synthetic_form_anomalies\images\synthetic_form_00103.png,data\synthetic_form_anomalies\masks\synthetic_form_00103_mask.png,thickening,1,3286
synthetic_form_00104,c06-138,data\synthetic_form_anomalies\images\synthetic_form_00104.png,data\synthetic_form_anomalies\masks\synthetic_form_00104_mask.png,dropout,1,12811
synthetic_form_00105,a03-023,data\synthetic_form_anomalies\images\synthetic_form_00105.png,data\synthetic_form_anomalies\masks\synthetic_form_00105_mask.png,dropout,1,2913
synthetic_form_00106,b05-042,data\synthetic_form_anomalies\images\synthetic_form_00106.png,data\synthetic_form_anomalies\masks\synthetic_form_00106_mask.png,blur,1,9491
synthetic_form_00107,g06-047l,data\synthetic_form_anomalies\images\synthetic_form_00107.png,data\synthetic_form_anomalies\masks\synthetic_form_00107_mask.png,dropout,1,10715
synthetic_form_00108,k04-022,data\synthetic_form_anomalies\images\synthetic_form_00108.png,data\synthetic_form_anomalies\masks\synthetic_form_00108_mask.png,dropout,1,4039
synthetic_form_00109,d07-102,data\synthetic_form_anomalies\images\synthetic_form_00109.png,data\synthetic_form_anomalies\masks\synthetic_form_00109_mask.png,dropout,1,3637
synthetic_form_00110,m04-007,data\synthetic_form_anomalies\images\synthetic_form_00110.png,data\synthetic_form_anomalies\masks\synthetic_form_00110_mask.png,thickening,1,14272
synthetic_form_00111,e04-114,data\synthetic_form_anomalies\images\synthetic_form_00111.png,data\synthetic_form_anomalies\masks\synthetic_form_00111_mask.png,blur,1,13560
synthetic_form_00112,k02-097,data\synthetic_form_anomalies\images\synthetic_form_00112.png,data\synthetic_form_anomalies\masks\synthetic_form_00112_mask.png,thinning,1,4516
synthetic_form_00113,p01-174,data\synthetic_form_anomalies\images\synthetic_form_00113.png,data\synthetic_form_anomalies\masks\synthetic_form_00113_mask.png,thickening,1,19139
synthetic_form_00114,g06-031h,data\synthetic_form_anomalies\images\synthetic_form_00114.png,data\synthetic_form_anomalies\masks\synthetic_form_00114_mask.png,dropout,1,17826
synthetic_form_00115,a04-031,data\synthetic_form_anomalies\images\synthetic_form_00115.png,data\synthetic_form_anomalies\masks\synthetic_form_00115_mask.png,dropout,1,34409
synthetic_form_00116,l04-066,data\synthetic_form_anomalies\images\synthetic_form_00116.png,data\synthetic_form_anomalies\masks\synthetic_form_00116_mask.png,dropout,1,659
synthetic_form_00117,h02-008,data\synthetic_form_anomalies\images\synthetic_form_00117.png,data\synthetic_form_anomalies\masks\synthetic_form_00117_mask.png,dropout,1,4291
synthetic_form_00118,g06-037o,data\synthetic_form_anomalies\images\synthetic_form_00118.png,data\synthetic_form_anomalies\masks\synthetic_form_00118_mask.png,thinning,1,19478
synthetic_form_00119,d01-016,data\synthetic_form_anomalies\images\synthetic_form_00119.png,data\synthetic_form_anomalies\masks\synthetic_form_00119_mask.png,thickening,1,7697
synthetic_form_00120,f07-028a,data\synthetic_form_anomalies\images\synthetic_form_00120.png,data\synthetic_form_anomalies\masks\synthetic_form_00120_mask.png,dropout,1,3631
synthetic_form_00121,b04-154,data\synthetic_form_anomalies\images\synthetic_form_00121.png,data\synthetic_form_anomalies\masks\synthetic_form_00121_mask.png,dropout,1,4611
synthetic_form_00122,l04-159,data\synthetic_form_anomalies\images\synthetic_form_00122.png,data\synthetic_form_anomalies\masks\synthetic_form_00122_mask.png,thickening,1,3597
synthetic_form_00123,g06-042r,data\synthetic_form_anomalies\images\synthetic_form_00123.png,data\synthetic_form_anomalies\masks\synthetic_form_00123_mask.png,thinning,1,20374
synthetic_form_00124,e01-018,data\synthetic_form_anomalies\images\synthetic_form_00124.png,data\synthetic_form_anomalies\masks\synthetic_form_00124_mask.png,dropout,1,2991
synthetic_form_00125,f04-079,data\synthetic_form_anomalies\images\synthetic_form_00125.png,data\synthetic_form_anomalies\masks\synthetic_form_00125_mask.png,blur,1,12228
synthetic_form_00126,r06-137,data\synthetic_form_anomalies\images\synthetic_form_00126.png,data\synthetic_form_anomalies\masks\synthetic_form_00126_mask.png,dropout,1,2123
synthetic_form_00127,a01-063x,data\synthetic_form_anomalies\images\synthetic_form_00127.png,data\synthetic_form_anomalies\masks\synthetic_form_00127_mask.png,thinning,1,2797
synthetic_form_00128,n02-000,data\synthetic_form_anomalies\images\synthetic_form_00128.png,data\synthetic_form_anomalies\masks\synthetic_form_00128_mask.png,thinning,1,4942
synthetic_form_00129,a01-072u,data\synthetic_form_anomalies\images\synthetic_form_00129.png,data\synthetic_form_anomalies\masks\synthetic_form_00129_mask.png,thinning,1,3049
synthetic_form_00130,n04-015,data\synthetic_form_anomalies\images\synthetic_form_00130.png,data\synthetic_form_anomalies\masks\synthetic_form_00130_mask.png,dropout,1,13011
synthetic_form_00131,p02-105,data\synthetic_form_anomalies\images\synthetic_form_00131.png,data\synthetic_form_anomalies\masks\synthetic_form_00131_mask.png,thinning,1,17650
synthetic_form_00132,c03-000c,data\synthetic_form_anomalies\images\synthetic_form_00132.png,data\synthetic_form_anomalies\masks\synthetic_form_00132_mask.png,thickening,1,5143
synthetic_form_00133,l01-173,data\synthetic_form_anomalies\images\synthetic_form_00133.png,data\synthetic_form_anomalies\masks\synthetic_form_00133_mask.png,thinning,1,7698
synthetic_form_00134,l04-159,data\synthetic_form_anomalies\images\synthetic_form_00134.png,data\synthetic_form_anomalies\masks\synthetic_form_00134_mask.png,thickening,1,5236
synthetic_form_00135,e07-094,data\synthetic_form_anomalies\images\synthetic_form_00135.png,data\synthetic_form_anomalies\masks\synthetic_form_00135_mask.png,thickening,1,1940
synthetic_form_00136,a02-078,data\synthetic_form_anomalies\images\synthetic_form_00136.png,data\synthetic_form_anomalies\masks\synthetic_form_00136_mask.png,blur,1,17863
synthetic_form_00137,a04-092,data\synthetic_form_anomalies\images\synthetic_form_00137.png,data\synthetic_form_anomalies\masks\synthetic_form_00137_mask.png,thickening,1,4779
synthetic_form_00138,h05-012,data\synthetic_form_anomalies\images\synthetic_form_00138.png,data\synthetic_form_anomalies\masks\synthetic_form_00138_mask.png,dropout,1,14791
synthetic_form_00139,p03-029,data\synthetic_form_anomalies\images\synthetic_form_00139.png,data\synthetic_form_anomalies\masks\synthetic_form_00139_mask.png,blur,1,8123
synthetic_form_00140,m02-069,data\synthetic_form_anomalies\images\synthetic_form_00140.png,data\synthetic_form_anomalies\masks\synthetic_form_00140_mask.png,dropout,1,9304
synthetic_form_00141,g06-045o,data\synthetic_form_anomalies\images\synthetic_form_00141.png,data\synthetic_form_anomalies\masks\synthetic_form_00141_mask.png,thinning,1,3793
synthetic_form_00142,e04-038,data\synthetic_form_anomalies\images\synthetic_form_00142.png,data\synthetic_form_anomalies\masks\synthetic_form_00142_mask.png,dropout,1,3544
synthetic_form_00143,f07-028a,data\synthetic_form_anomalies\images\synthetic_form_00143.png,data\synthetic_form_anomalies\masks\synthetic_form_00143_mask.png,thinning,1,11548
synthetic_form_00144,c06-052,data\synthetic_form_anomalies\images\synthetic_form_00144.png,data\synthetic_form_anomalies\masks\synthetic_form_00144_mask.png,blur,1,9644
synthetic_form_00145,e04-043,data\synthetic_form_anomalies\images\synthetic_form_00145.png,data\synthetic_form_anomalies\masks\synthetic_form_00145_mask.png,thinning,1,4065
synthetic_form_00146,d05-030,data\synthetic_form_anomalies\images\synthetic_form_00146.png,data\synthetic_form_anomalies\masks\synthetic_form_00146_mask.png,thinning,1,9394
synthetic_form_00147,m06-091,data\synthetic_form_anomalies\images\synthetic_form_00147.png,data\synthetic_form_anomalies\masks\synthetic_form_00147_mask.png,thickening,1,4609
synthetic_form_00148,e06-049,data\synthetic_form_anomalies\images\synthetic_form_00148.png,data\synthetic_form_anomalies\masks\synthetic_form_00148_mask.png,blur,1,4136
synthetic_form_00149,n03-066,data\synthetic_form_anomalies\images\synthetic_form_00149.png,data\synthetic_form_anomalies\masks\synthetic_form_00149_mask.png,blur,1,4073
synthetic_form_00150,g06-042k,data\synthetic_form_anomalies\images\synthetic_form_00150.png,data\synthetic_form_anomalies\masks\synthetic_form_00150_mask.png,blur,1,5770
synthetic_form_00151,p02-139,data\synthetic_form_anomalies\images\synthetic_form_00151.png,data\synthetic_form_anomalies\masks\synthetic_form_00151_mask.png,blur,1,2715
synthetic_form_00152,d04-047,data\synthetic_form_anomalies\images\synthetic_form_00152.png,data\synthetic_form_anomalies\masks\synthetic_form_00152_mask.png,blur,1,16846
synthetic_form_00153,b04-040,data\synthetic_form_anomalies\images\synthetic_form_00153.png,data\synthetic_form_anomalies\masks\synthetic_form_00153_mask.png,thinning,1,4613
synthetic_form_00154,r03-110,data\synthetic_form_anomalies\images\synthetic_form_00154.png,data\synthetic_form_anomalies\masks\synthetic_form_00154_mask.png,blur,1,7899
synthetic_form_00155,b01-023,data\synthetic_form_anomalies\images\synthetic_form_00155.png,data\synthetic_form_anomalies\masks\synthetic_form_00155_mask.png,blur,1,10517
synthetic_form_00156,c03-081e,data\synthetic_form_anomalies\images\synthetic_form_00156.png,data\synthetic_form_anomalies\masks\synthetic_form_00156_mask.png,thinning,1,5511
synthetic_form_00157,a02-116,data\synthetic_form_anomalies\images\synthetic_form_00157.png,data\synthetic_form_anomalies\masks\synthetic_form_00157_mask.png,thinning,1,14649
synthetic_form_00158,b01-049,data\synthetic_form_anomalies\images\synthetic_form_00158.png,data\synthetic_form_anomalies\masks\synthetic_form_00158_mask.png,dropout,1,10850
synthetic_form_00159,h02-022,data\synthetic_form_anomalies\images\synthetic_form_00159.png,data\synthetic_form_anomalies\masks\synthetic_form_00159_mask.png,thickening,1,2780
synthetic_form_00160,h02-017,data\synthetic_form_anomalies\images\synthetic_form_00160.png,data\synthetic_form_anomalies\masks\synthetic_form_00160_mask.png,dropout,1,14928
synthetic_form_00161,h06-082,data\synthetic_form_anomalies\images\synthetic_form_00161.png,data\synthetic_form_anomalies\masks\synthetic_form_00161_mask.png,thinning,1,11800
synthetic_form_00162,k07-085,data\synthetic_form_anomalies\images\synthetic_form_00162.png,data\synthetic_form_anomalies\masks\synthetic_form_00162_mask.png,thickening,1,1782
synthetic_form_00163,g06-037i,data\synthetic_form_anomalies\images\synthetic_form_00163.png,data\synthetic_form_anomalies\masks\synthetic_form_00163_mask.png,thinning,1,6231
synthetic_form_00164,g06-050k,data\synthetic_form_anomalies\images\synthetic_form_00164.png,data\synthetic_form_anomalies\masks\synthetic_form_00164_mask.png,dropout,1,8400
synthetic_form_00165,f01-066,data\synthetic_form_anomalies\images\synthetic_form_00165.png,data\synthetic_form_anomalies\masks\synthetic_form_00165_mask.png,thickening,1,5732
synthetic_form_00166,m03-118,data\synthetic_form_anomalies\images\synthetic_form_00166.png,data\synthetic_form_anomalies\masks\synthetic_form_00166_mask.png,thinning,1,8282
synthetic_form_00167,c03-016d,data\synthetic_form_anomalies\images\synthetic_form_00167.png,data\synthetic_form_anomalies\masks\synthetic_form_00167_mask.png,dropout,1,661
synthetic_form_00168,g06-050k,data\synthetic_form_anomalies\images\synthetic_form_00168.png,data\synthetic_form_anomalies\masks\synthetic_form_00168_mask.png,thinning,1,2828
synthetic_form_00169,p03-027,data\synthetic_form_anomalies\images\synthetic_form_00169.png,data\synthetic_form_anomalies\masks\synthetic_form_00169_mask.png,thickening,1,10035
synthetic_form_00170,d04-071,data\synthetic_form_anomalies\images\synthetic_form_00170.png,data\synthetic_form_anomalies\masks\synthetic_form_00170_mask.png,thinning,1,26830
synthetic_form_00171,b03-104,data\synthetic_form_anomalies\images\synthetic_form_00171.png,data\synthetic_form_anomalies\masks\synthetic_form_00171_mask.png,blur,1,2576
synthetic_form_00172,b06-019,data\synthetic_form_anomalies\images\synthetic_form_00172.png,data\synthetic_form_anomalies\masks\synthetic_form_00172_mask.png,blur,1,6843
synthetic_form_00173,l07-065,data\synthetic_form_anomalies\images\synthetic_form_00173.png,data\synthetic_form_anomalies\masks\synthetic_form_00173_mask.png,thickening,1,1208
synthetic_form_00174,n06-156,data\synthetic_form_anomalies\images\synthetic_form_00174.png,data\synthetic_form_anomalies\masks\synthetic_form_00174_mask.png,blur,1,18978
synthetic_form_00175,h07-030,data\synthetic_form_anomalies\images\synthetic_form_00175.png,data\synthetic_form_anomalies\masks\synthetic_form_00175_mask.png,thickening,1,1993
synthetic_form_00176,r03-035,data\synthetic_form_anomalies\images\synthetic_form_00176.png,data\synthetic_form_anomalies\masks\synthetic_form_00176_mask.png,thickening,1,6904
synthetic_form_00177,d04-021,data\synthetic_form_anomalies\images\synthetic_form_00177.png,data\synthetic_form_anomalies\masks\synthetic_form_00177_mask.png,blur,1,2955
synthetic_form_00178,l01-179,data\synthetic_form_anomalies\images\synthetic_form_00178.png,data\synthetic_form_anomalies\masks\synthetic_form_00178_mask.png,dropout,1,14431
synthetic_form_00179,j04-012,data\synthetic_form_anomalies\images\synthetic_form_00179.png,data\synthetic_form_anomalies\masks\synthetic_form_00179_mask.png,thinning,1,2121
synthetic_form_00180,m04-138,data\synthetic_form_anomalies\images\synthetic_form_00180.png,data\synthetic_form_anomalies\masks\synthetic_form_00180_mask.png,blur,1,3930
synthetic_form_00181,g06-031j,data\synthetic_form_anomalies\images\synthetic_form_00181.png,data\synthetic_form_anomalies\masks\synthetic_form_00181_mask.png,thinning,1,4306
synthetic_form_00182,g06-031r,data\synthetic_form_anomalies\images\synthetic_form_00182.png,data\synthetic_form_anomalies\masks\synthetic_form_00182_mask.png,dropout,1,3687
synthetic_form_00183,k04-050,data\synthetic_form_anomalies\images\synthetic_form_00183.png,data\synthetic_form_anomalies\masks\synthetic_form_00183_mask.png,blur,1,4761
synthetic_form_00184,d06-086,data\synthetic_form_anomalies\images\synthetic_form_00184.png,data\synthetic_form_anomalies\masks\synthetic_form_00184_mask.png,thickening,1,5749
synthetic_form_00185,k03-138,data\synthetic_form_anomalies\images\synthetic_form_00185.png,data\synthetic_form_anomalies\masks\synthetic_form_00185_mask.png,thinning,1,3468
synthetic_form_00186,m03-020,data\synthetic_form_anomalies\images\synthetic_form_00186.png,data\synthetic_form_anomalies\masks\synthetic_form_00186_mask.png,thickening,1,6707
synthetic_form_00187,e01-107,data\synthetic_form_anomalies\images\synthetic_form_00187.png,data\synthetic_form_anomalies\masks\synthetic_form_00187_mask.png,dropout,1,2967
synthetic_form_00188,p02-090,data\synthetic_form_anomalies\images\synthetic_form_00188.png,data\synthetic_form_anomalies\masks\synthetic_form_00188_mask.png,thinning,1,3756
synthetic_form_00189,f02-017,data\synthetic_form_anomalies\images\synthetic_form_00189.png,data\synthetic_form_anomalies\masks\synthetic_form_00189_mask.png,thickening,1,14677
synthetic_form_00190,b03-087,data\synthetic_form_anomalies\images\synthetic_form_00190.png,data\synthetic_form_anomalies\masks\synthetic_form_00190_mask.png,dropout,1,3046
synthetic_form_00191,p03-181,data\synthetic_form_anomalies\images\synthetic_form_00191.png,data\synthetic_form_anomalies\masks\synthetic_form_00191_mask.png,dropout,1,4091
synthetic_form_00192,h04-000,data\synthetic_form_anomalies\images\synthetic_form_00192.png,data\synthetic_form_anomalies\masks\synthetic_form_00192_mask.png,thinning,1,7403
synthetic_form_00193,c03-096d,data\synthetic_form_anomalies\images\synthetic_form_00193.png,data\synthetic_form_anomalies\masks\synthetic_form_00193_mask.png,thinning,1,6566
synthetic_form_00194,e04-015,data\synthetic_form_anomalies\images\synthetic_form_00194.png,data\synthetic_form_anomalies\masks\synthetic_form_00194_mask.png,blur,1,6639
synthetic_form_00195,a01-007,data\synthetic_form_anomalies\images\synthetic_form_00195.png,data\synthetic_form_anomalies\masks\synthetic_form_00195_mask.png,dropout,1,15939
synthetic_form_00196,b06-071,data\synthetic_form_anomalies\images\synthetic_form_00196.png,data\synthetic_form_anomalies\masks\synthetic_form_00196_mask.png,blur,1,12721
synthetic_form_00197,f07-013,data\synthetic_form_anomalies\images\synthetic_form_00197.png,data\synthetic_form_anomalies\masks\synthetic_form_00197_mask.png,dropout,1,14487
synthetic_form_00198,g06-101,data\synthetic_form_anomalies\images\synthetic_form_00198.png,data\synthetic_form_anomalies\masks\synthetic_form_00198_mask.png,thinning,1,3163
synthetic_form_00199,d04-071,data\synthetic_form_anomalies\images\synthetic_form_00199.png,data\synthetic_form_anomalies\masks\synthetic_form_00199_mask.png,thickening,1,2017
synthetic_form_00200,r06-053,data\synthetic_form_anomalies\images\synthetic_form_00200.png,data\synthetic_form_anomalies\masks\synthetic_form_00200_mask.png,dropout,1,8045
synthetic_form_00201,n03-066,data\synthetic_form_anomalies\images\synthetic_form_00201.png,data\synthetic_form_anomalies\masks\synthetic_form_00201_mask.png,thickening,1,5115
synthetic_form_00202,h07-037,data\synthetic_form_anomalies\images\synthetic_form_00202.png,data\synthetic_form_anomalies\masks\synthetic_form_00202_mask.png,dropout,1,3374
synthetic_form_00203,b01-018,data\synthetic_form_anomalies\images\synthetic_form_00203.png,data\synthetic_form_anomalies\masks\synthetic_form_00203_mask.png,thinning,1,4560
synthetic_form_00204,n02-037,data\synthetic_form_anomalies\images\synthetic_form_00204.png,data\synthetic_form_anomalies\masks\synthetic_form_00204_mask.png,blur,1,7891
synthetic_form_00205,f07-039a,data\synthetic_form_anomalies\images\synthetic_form_00205.png,data\synthetic_form_anomalies\masks\synthetic_form_00205_mask.png,thickening,1,5375
synthetic_form_00206,n04-084,data\synthetic_form_anomalies\images\synthetic_form_00206.png,data\synthetic_form_anomalies\masks\synthetic_form_00206_mask.png,dropout,1,4178
synthetic_form_00207,k02-112,data\synthetic_form_anomalies\images\synthetic_form_00207.png,data\synthetic_form_anomalies\masks\synthetic_form_00207_mask.png,thinning,1,5987
synthetic_form_00208,d04-008,data\synthetic_form_anomalies\images\synthetic_form_00208.png,data\synthetic_form_anomalies\masks\synthetic_form_00208_mask.png,thickening,1,8365
synthetic_form_00209,c03-003b,data\synthetic_form_anomalies\images\synthetic_form_00209.png,data\synthetic_form_anomalies\masks\synthetic_form_00209_mask.png,thickening,1,2734
synthetic_form_00210,a03-066,data\synthetic_form_anomalies\images\synthetic_form_00210.png,data\synthetic_form_anomalies\masks\synthetic_form_00210_mask.png,dropout,1,6258
synthetic_form_00211,b06-049,data\synthetic_form_anomalies\images\synthetic_form_00211.png,data\synthetic_form_anomalies\masks\synthetic_form_00211_mask.png,thinning,1,6809
synthetic_form_00212,c03-021b,data\synthetic_form_anomalies\images\synthetic_form_00212.png,data\synthetic_form_anomalies\masks\synthetic_form_00212_mask.png,thinning,1,21736
synthetic_form_00213,l04-052,data\synthetic_form_anomalies\images\synthetic_form_00213.png,data\synthetic_form_anomalies\masks\synthetic_form_00213_mask.png,blur,1,9427
synthetic_form_00214,g07-007b,data\synthetic_form_anomalies\images\synthetic_form_00214.png,data\synthetic_form_anomalies\masks\synthetic_form_00214_mask.png,dropout,1,10175
synthetic_form_00215,e04-132,data\synthetic_form_anomalies\images\synthetic_form_00215.png,data\synthetic_form_anomalies\masks\synthetic_form_00215_mask.png,blur,1,4158
synthetic_form_00216,l04-106,data\synthetic_form_anomalies\images\synthetic_form_00216.png,data\synthetic_form_anomalies\masks\synthetic_form_00216_mask.png,blur,1,10417
synthetic_form_00217,g06-115,data\synthetic_form_anomalies\images\synthetic_form_00217.png,data\synthetic_form_anomalies\masks\synthetic_form_00217_mask.png,dropout,1,1203
synthetic_form_00218,h04-007,data\synthetic_form_anomalies\images\synthetic_form_00218.png,data\synthetic_form_anomalies\masks\synthetic_form_00218_mask.png,blur,1,10871
synthetic_form_00219,l01-143,data\synthetic_form_anomalies\images\synthetic_form_00219.png,data\synthetic_form_anomalies\masks\synthetic_form_00219_mask.png,thickening,1,4715
synthetic_form_00220,g06-026a,data\synthetic_form_anomalies\images\synthetic_form_00220.png,data\synthetic_form_anomalies\masks\synthetic_form_00220_mask.png,thickening,1,3813
synthetic_form_00221,r06-057,data\synthetic_form_anomalies\images\synthetic_form_00221.png,data\synthetic_form_anomalies\masks\synthetic_form_00221_mask.png,thinning,1,7677
synthetic_form_00222,c06-138,data\synthetic_form_anomalies\images\synthetic_form_00222.png,data\synthetic_form_anomalies\masks\synthetic_form_00222_mask.png,thinning,1,8223
synthetic_form_00223,m04-019,data\synthetic_form_anomalies\images\synthetic_form_00223.png,data\synthetic_form_anomalies\masks\synthetic_form_00223_mask.png,dropout,1,2324
synthetic_form_00224,a02-008,data\synthetic_form_anomalies\images\synthetic_form_00224.png,data\synthetic_form_anomalies\masks\synthetic_form_00224_mask.png,thickening,1,3501
synthetic_form_00225,f04-079,data\synthetic_form_anomalies\images\synthetic_form_00225.png,data\synthetic_form_anomalies\masks\synthetic_form_00225_mask.png,thinning,1,2675
synthetic_form_00226,j06-030,data\synthetic_form_anomalies\images\synthetic_form_00226.png,data\synthetic_form_anomalies\masks\synthetic_form_00226_mask.png,blur,1,3372
synthetic_form_00227,h02-043,data\synthetic_form_anomalies\images\synthetic_form_00227.png,data\synthetic_form_anomalies\masks\synthetic_form_00227_mask.png,blur,1,2272
synthetic_form_00228,b03-104,data\synthetic_form_anomalies\images\synthetic_form_00228.png,data\synthetic_form_anomalies\masks\synthetic_form_00228_mask.png,thinning,1,1555
synthetic_form_00229,k04-119,data\synthetic_form_anomalies\images\synthetic_form_00229.png,data\synthetic_form_anomalies\masks\synthetic_form_00229_mask.png,thickening,1,1867
synthetic_form_00230,k02-023,data\synthetic_form_anomalies\images\synthetic_form_00230.png,data\synthetic_form_anomalies\masks\synthetic_form_00230_mask.png,blur,1,11512
synthetic_form_00231,l04-071,data\synthetic_form_anomalies\images\synthetic_form_00231.png,data\synthetic_form_anomalies\masks\synthetic_form_00231_mask.png,thickening,1,19721
synthetic_form_00232,d04-071,data\synthetic_form_anomalies\images\synthetic_form_00232.png,data\synthetic_form_anomalies\masks\synthetic_form_00232_mask.png,blur,1,8014
synthetic_form_00233,m01-115,data\synthetic_form_anomalies\images\synthetic_form_00233.png,data\synthetic_form_anomalies\masks\synthetic_form_00233_mask.png,dropout,1,6885
synthetic_form_00234,p02-121,data\synthetic_form_anomalies\images\synthetic_form_00234.png,data\synthetic_form_anomalies\masks\synthetic_form_00234_mask.png,thickening,1,8676
synthetic_form_00235,a02-111,data\synthetic_form_anomalies\images\synthetic_form_00235.png,data\synthetic_form_anomalies\masks\synthetic_form_00235_mask.png,thickening,1,12464
synthetic_form_00236,d04-081,data\synthetic_form_anomalies\images\synthetic_form_00236.png,data\synthetic_form_anomalies\masks\synthetic_form_00236_mask.png,dropout,1,1625
synthetic_form_00237,g06-089,data\synthetic_form_anomalies\images\synthetic_form_00237.png,data\synthetic_form_anomalies\masks\synthetic_form_00237_mask.png,dropout,1,13823
synthetic_form_00238,l04-102,data\synthetic_form_anomalies\images\synthetic_form_00238.png,data\synthetic_form_anomalies\masks\synthetic_form_00238_mask.png,dropout,1,3769
synthetic_form_00239,n02-040,data\synthetic_form_anomalies\images\synthetic_form_00239.png,data\synthetic_form_anomalies\masks\synthetic_form_00239_mask.png,dropout,1,21549
synthetic_form_00240,e04-043,data\synthetic_form_anomalies\images\synthetic_form_00240.png,data\synthetic_form_anomalies\masks\synthetic_form_00240_mask.png,thinning,1,14912
synthetic_form_00241,g06-047p,data\synthetic_form_anomalies\images\synthetic_form_00241.png,data\synthetic_form_anomalies\masks\synthetic_form_00241_mask.png,thickening,1,4642
synthetic_form_00242,g04-022,data\synthetic_form_anomalies\images\synthetic_form_00242.png,data\synthetic_form_anomalies\masks\synthetic_form_00242_mask.png,thickening,1,7277
synthetic_form_00243,e04-015,data\synthetic_form_anomalies\images\synthetic_form_00243.png,data\synthetic_form_anomalies\masks\synthetic_form_00243_mask.png,thickening,1,9097
synthetic_form_00244,c06-052,data\synthetic_form_anomalies\images\synthetic_form_00244.png,data\synthetic_form_anomalies\masks\synthetic_form_00244_mask.png,thickening,1,16693
synthetic_form_00245,f07-019b,data\synthetic_form_anomalies\images\synthetic_form_00245.png,data\synthetic_form_anomalies\masks\synthetic_form_00245_mask.png,thinning,1,4395
synthetic_form_00246,k04-093,data\synthetic_form_anomalies\images\synthetic_form_00246.png,data\synthetic_form_anomalies\masks\synthetic_form_00246_mask.png,thinning,1,20134
synthetic_form_00247,b06-064,data\synthetic_form_anomalies\images\synthetic_form_00247.png,data\synthetic_form_anomalies\masks\synthetic_form_00247_mask.png,blur,1,2444
synthetic_form_00248,b06-042,data\synthetic_form_anomalies\images\synthetic_form_00248.png,data\synthetic_form_anomalies\masks\synthetic_form_00248_mask.png,thinning,1,16064
synthetic_form_00249,n02-146,data\synthetic_form_anomalies\images\synthetic_form_00249.png,data\synthetic_form_anomalies\masks\synthetic_form_00249_mask.png,thickening,1,2364
synthetic_form_00250,d04-121,data\synthetic_form_anomalies\images\synthetic_form_00250.png,data\synthetic_form_anomalies\masks\synthetic_form_00250_mask.png,thinning,1,1544
synthetic_form_00251,a03-040,data\synthetic_form_anomalies\images\synthetic_form_00251.png,data\synthetic_form_anomalies\masks\synthetic_form_00251_mask.png,thickening,1,19216
synthetic_form_00252,a04-043,data\synthetic_form_anomalies\images\synthetic_form_00252.png,data\synthetic_form_anomalies\masks\synthetic_form_00252_mask.png,thickening,1,4661
synthetic_form_00253,h07-040b,data\synthetic_form_anomalies\images\synthetic_form_00253.png,data\synthetic_form_anomalies\masks\synthetic_form_00253_mask.png,blur,1,4778
synthetic_form_00254,g07-003a,data\synthetic_form_anomalies\images\synthetic_form_00254.png,data\synthetic_form_anomalies\masks\synthetic_form_00254_mask.png,dropout,1,2150
synthetic_form_00255,g06-026m,data\synthetic_form_anomalies\images\synthetic_form_00255.png,data\synthetic_form_anomalies\masks\synthetic_form_00255_mask.png,dropout,1,5658
synthetic_form_00256,p03-103,data\synthetic_form_anomalies\images\synthetic_form_00256.png,data\synthetic_form_anomalies\masks\synthetic_form_00256_mask.png,blur,1,2322
synthetic_form_00257,m01-095,data\synthetic_form_anomalies\images\synthetic_form_00257.png,data\synthetic_form_anomalies\masks\synthetic_form_00257_mask.png,blur,1,6223
synthetic_form_00258,m03-095,data\synthetic_form_anomalies\images\synthetic_form_00258.png,data\synthetic_form_anomalies\masks\synthetic_form_00258_mask.png,blur,1,12005
synthetic_form_00259,g06-011e,data\synthetic_form_anomalies\images\synthetic_form_00259.png,data\synthetic_form_anomalies\masks\synthetic_form_00259_mask.png,dropout,1,5837
synthetic_form_00260,h07-057a,data\synthetic_form_anomalies\images\synthetic_form_00260.png,data\synthetic_form_anomalies\masks\synthetic_form_00260_mask.png,thickening,1,3036
synthetic_form_00261,n01-057,data\synthetic_form_anomalies\images\synthetic_form_00261.png,data\synthetic_form_anomalies\masks\synthetic_form_00261_mask.png,thinning,1,9529
synthetic_form_00262,f07-039b,data\synthetic_form_anomalies\images\synthetic_form_00262.png,data\synthetic_form_anomalies\masks\synthetic_form_00262_mask.png,thickening,1,7621
synthetic_form_00263,g06-042n,data\synthetic_form_anomalies\images\synthetic_form_00263.png,data\synthetic_form_anomalies\masks\synthetic_form_00263_mask.png,blur,1,5731
synthetic_form_00264,b06-097,data\synthetic_form_anomalies\images\synthetic_form_00264.png,data\synthetic_form_anomalies\masks\synthetic_form_00264_mask.png,thickening,1,2783
synthetic_form_00265,a06-110,data\synthetic_form_anomalies\images\synthetic_form_00265.png,data\synthetic_form_anomalies\masks\synthetic_form_00265_mask.png,thinning,1,2712
synthetic_form_00266,l04-098,data\synthetic_form_anomalies\images\synthetic_form_00266.png,data\synthetic_form_anomalies\masks\synthetic_form_00266_mask.png,thickening,1,3931
synthetic_form_00267,g01-037,data\synthetic_form_anomalies\images\synthetic_form_00267.png,data\synthetic_form_anomalies\masks\synthetic_form_00267_mask.png,thickening,1,4486
synthetic_form_00268,l07-176,data\synthetic_form_anomalies\images\synthetic_form_00268.png,data\synthetic_form_anomalies\masks\synthetic_form_00268_mask.png,thinning,1,3631
synthetic_form_00269,n02-054,data\synthetic_form_anomalies\images\synthetic_form_00269.png,data\synthetic_form_anomalies\masks\synthetic_form_00269_mask.png,blur,1,3708
synthetic_form_00270,k04-110,data\synthetic_form_anomalies\images\synthetic_form_00270.png,data\synthetic_form_anomalies\masks\synthetic_form_00270_mask.png,thinning,1,3486
synthetic_form_00271,k07-059a,data\synthetic_form_anomalies\images\synthetic_form_00271.png,data\synthetic_form_anomalies\masks\synthetic_form_00271_mask.png,thickening,1,11074
synthetic_form_00272,n02-098,data\synthetic_form_anomalies\images\synthetic_form_00272.png,data\synthetic_form_anomalies\masks\synthetic_form_00272_mask.png,thickening,1,2079
synthetic_form_00273,e02-100,data\synthetic_form_anomalies\images\synthetic_form_00273.png,data\synthetic_form_anomalies\masks\synthetic_form_00273_mask.png,blur,1,2105
synthetic_form_00274,g01-019,data\synthetic_form_anomalies\images\synthetic_form_00274.png,data\synthetic_form_anomalies\masks\synthetic_form_00274_mask.png,dropout,1,2657
synthetic_form_00275,a04-096,data\synthetic_form_anomalies\images\synthetic_form_00275.png,data\synthetic_form_anomalies\masks\synthetic_form_00275_mask.png,thickening,1,13465
synthetic_form_00276,j06-026,data\synthetic_form_anomalies\images\synthetic_form_00276.png,data\synthetic_form_anomalies\masks\synthetic_form_00276_mask.png,dropout,1,16832
synthetic_form_00277,f07-046b,data\synthetic_form_anomalies\images\synthetic_form_00277.png,data\synthetic_form_anomalies\masks\synthetic_form_00277_mask.png,blur,1,10572
synthetic_form_00278,k07-185,data\synthetic_form_anomalies\images\synthetic_form_00278.png,data\synthetic_form_anomalies\masks\synthetic_form_00278_mask.png,thinning,1,6977
synthetic_form_00279,n04-075,data\synthetic_form_anomalies\images\synthetic_form_00279.png,data\synthetic_form_anomalies\masks\synthetic_form_00279_mask.png,dropout,1,11508
synthetic_form_00280,h04-049,data\synthetic_form_anomalies\images\synthetic_form_00280.png,data\synthetic_form_anomalies\masks\synthetic_form_00280_mask.png,blur,1,2487
synthetic_form_00281,c06-095,data\synthetic_form_anomalies\images\synthetic_form_00281.png,data\synthetic_form_anomalies\masks\synthetic_form_00281_mask.png,blur,1,1484
synthetic_form_00282,g06-045c,data\synthetic_form_anomalies\images\synthetic_form_00282.png,data\synthetic_form_anomalies\masks\synthetic_form_00282_mask.png,dropout,1,16295
synthetic_form_00283,j04-115,data\synthetic_form_anomalies\images\synthetic_form_00283.png,data\synthetic_form_anomalies\masks\synthetic_form_00283_mask.png,thinning,1,3381
synthetic_form_00284,l07-138,data\synthetic_form_anomalies\images\synthetic_form_00284.png,data\synthetic_form_anomalies\masks\synthetic_form_00284_mask.png,blur,1,4723
synthetic_form_00285,c06-043,data\synthetic_form_anomalies\images\synthetic_form_00285.png,data\synthetic_form_anomalies\masks\synthetic_form_00285_mask.png,blur,1,2431
synthetic_form_00286,f04-087,data\synthetic_form_anomalies\images\synthetic_form_00286.png,data\synthetic_form_anomalies\masks\synthetic_form_00286_mask.png,dropout,1,8774
synthetic_form_00287,c03-021c,data\synthetic_form_anomalies\images\synthetic_form_00287.png,data\synthetic_form_anomalies\masks\synthetic_form_00287_mask.png,thinning,1,16406
synthetic_form_00288,a05-009,data\synthetic_form_anomalies\images\synthetic_form_00288.png,data\synthetic_form_anomalies\masks\synthetic_form_00288_mask.png,dropout,1,4412
synthetic_form_00289,a01-063u,data\synthetic_form_anomalies\images\synthetic_form_00289.png,data\synthetic_form_anomalies\masks\synthetic_form_00289_mask.png,dropout,1,1362
synthetic_form_00290,l01-119,data\synthetic_form_anomalies\images\synthetic_form_00290.png,data\synthetic_form_anomalies\masks\synthetic_form_00290_mask.png,blur,1,9624
synthetic_form_00291,b03-104,data\synthetic_form_anomalies\images\synthetic_form_00291.png,data\synthetic_form_anomalies\masks\synthetic_form_00291_mask.png,thinning,1,1323
synthetic_form_00292,n06-169,data\synthetic_form_anomalies\images\synthetic_form_00292.png,data\synthetic_form_anomalies\masks\synthetic_form_00292_mask.png,thickening,1,2069
synthetic_form_00293,g06-045o,data\synthetic_form_anomalies\images\synthetic_form_00293.png,data\synthetic_form_anomalies\masks\synthetic_form_00293_mask.png,thickening,1,9419
synthetic_form_00294,f02-003,data\synthetic_form_anomalies\images\synthetic_form_00294.png,data\synthetic_form_anomalies\masks\synthetic_form_00294_mask.png,thinning,1,2741
synthetic_form_00295,h07-071a,data\synthetic_form_anomalies\images\synthetic_form_00295.png,data\synthetic_form_anomalies\masks\synthetic_form_00295_mask.png,thinning,1,6936
synthetic_form_00296,g01-022,data\synthetic_form_anomalies\images\synthetic_form_00296.png,data\synthetic_form_anomalies\masks\synthetic_form_00296_mask.png,thinning,1,3427
synthetic_form_00297,b06-053,data\synthetic_form_anomalies\images\synthetic_form_00297.png,data\synthetic_form_anomalies\masks\synthetic_form_00297_mask.png,thinning,1,2443
synthetic_form_00298,c03-021f,data\synthetic_form_anomalies\images\synthetic_form_00298.png,data\synthetic_form_anomalies\masks\synthetic_form_00298_mask.png,dropout,1,7907
synthetic_form_00299,n04-195,data\synthetic_form_anomalies\images\synthetic_form_00299.png,data\synthetic_form_anomalies\masks\synthetic_form_00299_mask.png,blur,1,14734
synthetic_form_00300,m04-012,data\synthetic_form_anomalies\images\synthetic_form_00300.png,data\synthetic_form_anomalies\masks\synthetic_form_00300_mask.png,thickening,1,1438
synthetic_form_00301,g06-047k,data\synthetic_form_anomalies\images\synthetic_form_00301.png,data\synthetic_form_anomalies\masks\synthetic_form_00301_mask.png,thickening,1,4034
synthetic_form_00302,h07-063b,data\synthetic_form_anomalies\images\synthetic_form_00302.png,data\synthetic_form_anomalies\masks\synthetic_form_00302_mask.png,dropout,1,15612
synthetic_form_00303,a02-046,data\synthetic_form_anomalies\images\synthetic_form_00303.png,data\synthetic_form_anomalies\masks\synthetic_form_00303_mask.png,thickening,1,11855
synthetic_form_00304,a06-064,data\synthetic_form_anomalies\images\synthetic_form_00304.png,data\synthetic_form_anomalies\masks\synthetic_form_00304_mask.png,dropout,1,7428
synthetic_form_00305,g07-022b,data\synthetic_form_anomalies\images\synthetic_form_00305.png,data\synthetic_form_anomalies\masks\synthetic_form_00305_mask.png,dropout,1,5544
synthetic_form_00306,l01-082,data\synthetic_form_anomalies\images\synthetic_form_00306.png,data\synthetic_form_anomalies\masks\synthetic_form_00306_mask.png,dropout,1,13606
synthetic_form_00307,h07-033,data\synthetic_form_anomalies\images\synthetic_form_00307.png,data\synthetic_form_anomalies\masks\synthetic_form_00307_mask.png,thickening,1,10861
synthetic_form_00308,p03-142,data\synthetic_form_anomalies\images\synthetic_form_00308.png,data\synthetic_form_anomalies\masks\synthetic_form_00308_mask.png,thickening,1,12090
synthetic_form_00309,p03-033,data\synthetic_form_anomalies\images\synthetic_form_00309.png,data\synthetic_form_anomalies\masks\synthetic_form_00309_mask.png,thinning,1,8191
synthetic_form_00310,g04-068,data\synthetic_form_anomalies\images\synthetic_form_00310.png,data\synthetic_form_anomalies\masks\synthetic_form_00310_mask.png,blur,1,4261
synthetic_form_00311,n04-163,data\synthetic_form_anomalies\images\synthetic_form_00311.png,data\synthetic_form_anomalies\masks\synthetic_form_00311_mask.png,thickening,1,3636
synthetic_form_00312,a06-124,data\synthetic_form_anomalies\images\synthetic_form_00312.png,data\synthetic_form_anomalies\masks\synthetic_form_00312_mask.png,blur,1,1828
synthetic_form_00313,d06-086,data\synthetic_form_anomalies\images\synthetic_form_00313.png,data\synthetic_form_anomalies\masks\synthetic_form_00313_mask.png,thinning,1,25829
synthetic_form_00314,a05-099,data\synthetic_form_anomalies\images\synthetic_form_00314.png,data\synthetic_form_anomalies\masks\synthetic_form_00314_mask.png,blur,1,2595
synthetic_form_00315,f02-003,data\synthetic_form_anomalies\images\synthetic_form_00315.png,data\synthetic_form_anomalies\masks\synthetic_form_00315_mask.png,thickening,1,3700
synthetic_form_00316,k04-142,data\synthetic_form_anomalies\images\synthetic_form_00316.png,data\synthetic_form_anomalies\masks\synthetic_form_00316_mask.png,thinning,1,3952
synthetic_form_00317,m06-098,data\synthetic_form_anomalies\images\synthetic_form_00317.png,data\synthetic_form_anomalies\masks\synthetic_form_00317_mask.png,blur,1,1360
synthetic_form_00318,a01-063,data\synthetic_form_anomalies\images\synthetic_form_00318.png,data\synthetic_form_anomalies\masks\synthetic_form_00318_mask.png,thinning,1,8164
synthetic_form_00319,h04-052,data\synthetic_form_anomalies\images\synthetic_form_00319.png,data\synthetic_form_anomalies\masks\synthetic_form_00319_mask.png,thinning,1,8403
synthetic_form_00320,e07-000,data\synthetic_form_anomalies\images\synthetic_form_00320.png,data\synthetic_form_anomalies\masks\synthetic_form_00320_mask.png,thickening,1,18578
synthetic_form_00321,f07-028b,data\synthetic_form_anomalies\images\synthetic_form_00321.png,data\synthetic_form_anomalies\masks\synthetic_form_00321_mask.png,dropout,1,8589
synthetic_form_00322,c01-009,data\synthetic_form_anomalies\images\synthetic_form_00322.png,data\synthetic_form_anomalies\masks\synthetic_form_00322_mask.png,thinning,1,10676
synthetic_form_00323,a02-098,data\synthetic_form_anomalies\images\synthetic_form_00323.png,data\synthetic_form_anomalies\masks\synthetic_form_00323_mask.png,dropout,1,4940
synthetic_form_00324,m01-121,data\synthetic_form_anomalies\images\synthetic_form_00324.png,data\synthetic_form_anomalies\masks\synthetic_form_00324_mask.png,thinning,1,12824
synthetic_form_00325,f01-147,data\synthetic_form_anomalies\images\synthetic_form_00325.png,data\synthetic_form_anomalies\masks\synthetic_form_00325_mask.png,blur,1,8058
synthetic_form_00326,n04-156,data\synthetic_form_anomalies\images\synthetic_form_00326.png,data\synthetic_form_anomalies\masks\synthetic_form_00326_mask.png,blur,1,8574
synthetic_form_00327,g06-011g,data\synthetic_form_anomalies\images\synthetic_form_00327.png,data\synthetic_form_anomalies\masks\synthetic_form_00327_mask.png,thinning,1,7631
synthetic_form_00328,m01-032,data\synthetic_form_anomalies\images\synthetic_form_00328.png,data\synthetic_form_anomalies\masks\synthetic_form_00328_mask.png,thickening,1,20385
synthetic_form_00329,h02-037,data\synthetic_form_anomalies\images\synthetic_form_00329.png,data\synthetic_form_anomalies\masks\synthetic_form_00329_mask.png,thickening,1,3321
synthetic_form_00330,a05-121,data\synthetic_form_anomalies\images\synthetic_form_00330.png,data\synthetic_form_anomalies\masks\synthetic_form_00330_mask.png,dropout,1,1397
synthetic_form_00331,h07-080a,data\synthetic_form_anomalies\images\synthetic_form_00331.png,data\synthetic_form_anomalies\masks\synthetic_form_00331_mask.png,thickening,1,30466
synthetic_form_00332,g06-050l,data\synthetic_form_anomalies\images\synthetic_form_00332.png,data\synthetic_form_anomalies\masks\synthetic_form_00332_mask.png,thickening,1,5694
synthetic_form_00333,h07-037,data\synthetic_form_anomalies\images\synthetic_form_00333.png,data\synthetic_form_anomalies\masks\synthetic_form_00333_mask.png,thickening,1,3924
synthetic_form_00334,d01-104,data\synthetic_form_anomalies\images\synthetic_form_00334.png,data\synthetic_form_anomalies\masks\synthetic_form_00334_mask.png,blur,1,3831
synthetic_form_00335,b06-053,data\synthetic_form_anomalies\images\synthetic_form_00335.png,data\synthetic_form_anomalies\masks\synthetic_form_00335_mask.png,dropout,1,6200
synthetic_form_00336,p02-022,data\synthetic_form_anomalies\images\synthetic_form_00336.png,data\synthetic_form_anomalies\masks\synthetic_form_00336_mask.png,dropout,1,21085
synthetic_form_00337,m02-066,data\synthetic_form_anomalies\images\synthetic_form_00337.png,data\synthetic_form_anomalies\masks\synthetic_form_00337_mask.png,blur,1,2352
synthetic_form_00338,c06-095,data\synthetic_form_anomalies\images\synthetic_form_00338.png,data\synthetic_form_anomalies\masks\synthetic_form_00338_mask.png,dropout,1,14829
synthetic_form_00339,b02-045,data\synthetic_form_anomalies\images\synthetic_form_00339.png,data\synthetic_form_anomalies\masks\synthetic_form_00339_mask.png,thickening,1,3853
synthetic_form_00340,d04-125,data\synthetic_form_anomalies\images\synthetic_form_00340.png,data\synthetic_form_anomalies\masks\synthetic_form_00340_mask.png,dropout,1,13265
synthetic_form_00341,a04-035,data\synthetic_form_anomalies\images\synthetic_form_00341.png,data\synthetic_form_anomalies\masks\synthetic_form_00341_mask.png,thickening,1,29717
synthetic_form_00342,j01-045,data\synthetic_form_anomalies\images\synthetic_form_00342.png,data\synthetic_form_anomalies\masks\synthetic_form_00342_mask.png,blur,1,1289
synthetic_form_00343,g06-045b,data\synthetic_form_anomalies\images\synthetic_form_00343.png,data\synthetic_form_anomalies\masks\synthetic_form_00343_mask.png,thinning,1,10399
synthetic_form_00344,c03-094c,data\synthetic_form_anomalies\images\synthetic_form_00344.png,data\synthetic_form_anomalies\masks\synthetic_form_00344_mask.png,thickening,1,18677
synthetic_form_00345,k03-157,data\synthetic_form_anomalies\images\synthetic_form_00345.png,data\synthetic_form_anomalies\masks\synthetic_form_00345_mask.png,thickening,1,8802
synthetic_form_00346,g07-074a,data\synthetic_form_anomalies\images\synthetic_form_00346.png,data\synthetic_form_anomalies\masks\synthetic_form_00346_mask.png,blur,1,23520
synthetic_form_00347,d06-100,data\synthetic_form_anomalies\images\synthetic_form_00347.png,data\synthetic_form_anomalies\masks\synthetic_form_00347_mask.png,blur,1,2805
synthetic_form_00348,d05-025,data\synthetic_form_anomalies\images\synthetic_form_00348.png,data\synthetic_form_anomalies\masks\synthetic_form_00348_mask.png,blur,1,28082
synthetic_form_00349,b05-042,data\synthetic_form_anomalies\images\synthetic_form_00349.png,data\synthetic_form_anomalies\masks\synthetic_form_00349_mask.png,blur,1,12826
synthetic_form_00350,m06-042,data\synthetic_form_anomalies\images\synthetic_form_00350.png,data\synthetic_form_anomalies\masks\synthetic_form_00350_mask.png,dropout,1,26246
synthetic_form_00351,m04-081,data\synthetic_form_anomalies\images\synthetic_form_00351.png,data\synthetic_form_anomalies\masks\synthetic_form_00351_mask.png,thickening,1,7862
synthetic_form_00352,g07-000b,data\synthetic_form_anomalies\images\synthetic_form_00352.png,data\synthetic_form_anomalies\masks\synthetic_form_00352_mask.png,thickening,1,10102
synthetic_form_00353,a02-082,data\synthetic_form_anomalies\images\synthetic_form_00353.png,data\synthetic_form_anomalies\masks\synthetic_form_00353_mask.png,dropout,1,13613
synthetic_form_00354,k03-144,data\synthetic_form_anomalies\images\synthetic_form_00354.png,data\synthetic_form_anomalies\masks\synthetic_form_00354_mask.png,thinning,1,2764
synthetic_form_00355,g01-083,data\synthetic_form_anomalies\images\synthetic_form_00355.png,data\synthetic_form_anomalies\masks\synthetic_form_00355_mask.png,blur,1,2873
synthetic_form_00356,b04-107,data\synthetic_form_anomalies\images\synthetic_form_00356.png,data\synthetic_form_anomalies\masks\synthetic_form_00356_mask.png,dropout,1,3406
synthetic_form_00357,g06-011p,data\synthetic_form_anomalies\images\synthetic_form_00357.png,data\synthetic_form_anomalies\masks\synthetic_form_00357_mask.png,dropout,1,6391
synthetic_form_00358,g04-022,data\synthetic_form_anomalies\images\synthetic_form_00358.png,data\synthetic_form_anomalies\masks\synthetic_form_00358_mask.png,thickening,1,2647
synthetic_form_00359,g06-042i,data\synthetic_form_anomalies\images\synthetic_form_00359.png,data\synthetic_form_anomalies\masks\synthetic_form_00359_mask.png,thinning,1,11831
synthetic_form_00360,f04-035,data\synthetic_form_anomalies\images\synthetic_form_00360.png,data\synthetic_form_anomalies\masks\synthetic_form_00360_mask.png,blur,1,6390
synthetic_form_00361,f01-075,data\synthetic_form_anomalies\images\synthetic_form_00361.png,data\synthetic_form_anomalies\masks\synthetic_form_00361_mask.png,thinning,1,11048
synthetic_form_00362,g01-022,data\synthetic_form_anomalies\images\synthetic_form_00362.png,data\synthetic_form_anomalies\masks\synthetic_form_00362_mask.png,dropout,1,2115
synthetic_form_00363,e04-004,data\synthetic_form_anomalies\images\synthetic_form_00363.png,data\synthetic_form_anomalies\masks\synthetic_form_00363_mask.png,thickening,1,8117
synthetic_form_00364,m04-190,data\synthetic_form_anomalies\images\synthetic_form_00364.png,data\synthetic_form_anomalies\masks\synthetic_form_00364_mask.png,thinning,1,10606
synthetic_form_00365,b06-023,data\synthetic_form_anomalies\images\synthetic_form_00365.png,data\synthetic_form_anomalies\masks\synthetic_form_00365_mask.png,thickening,1,1864
synthetic_form_00366,a04-072,data\synthetic_form_anomalies\images\synthetic_form_00366.png,data\synthetic_form_anomalies\masks\synthetic_form_00366_mask.png,blur,1,25328
synthetic_form_00367,g06-011i,data\synthetic_form_anomalies\images\synthetic_form_00367.png,data\synthetic_form_anomalies\masks\synthetic_form_00367_mask.png,thinning,1,4706
synthetic_form_00368,g04-052,data\synthetic_form_anomalies\images\synthetic_form_00368.png,data\synthetic_form_anomalies\masks\synthetic_form_00368_mask.png,thinning,1,2733
synthetic_form_00369,g06-026f,data\synthetic_form_anomalies\images\synthetic_form_00369.png,data\synthetic_form_anomalies\masks\synthetic_form_00369_mask.png,thinning,1,4966
synthetic_form_00370,a01-107,data\synthetic_form_anomalies\images\synthetic_form_00370.png,data\synthetic_form_anomalies\masks\synthetic_form_00370_mask.png,dropout,1,16150
synthetic_form_00371,k07-067a,data\synthetic_form_anomalies\images\synthetic_form_00371.png,data\synthetic_form_anomalies\masks\synthetic_form_00371_mask.png,dropout,1,9034
synthetic_form_00372,c06-087,data\synthetic_form_anomalies\images\synthetic_form_00372.png,data\synthetic_form_anomalies\masks\synthetic_form_00372_mask.png,thinning,1,7238
synthetic_form_00373,b05-058,data\synthetic_form_anomalies\images\synthetic_form_00373.png,data\synthetic_form_anomalies\masks\synthetic_form_00373_mask.png,dropout,1,6696
synthetic_form_00374,a06-036,data\synthetic_form_anomalies\images\synthetic_form_00374.png,data\synthetic_form_anomalies\masks\synthetic_form_00374_mask.png,thickening,1,8898
synthetic_form_00375,k03-117,data\synthetic_form_anomalies\images\synthetic_form_00375.png,data\synthetic_form_anomalies\masks\synthetic_form_00375_mask.png,thinning,1,5106
synthetic_form_00376,h07-066b,data\synthetic_form_anomalies\images\synthetic_form_00376.png,data\synthetic_form_anomalies\masks\synthetic_form_00376_mask.png,thinning,1,1641
synthetic_form_00377,h06-096,data\synthetic_form_anomalies\images\synthetic_form_00377.png,data\synthetic_form_anomalies\masks\synthetic_form_00377_mask.png,blur,1,12277
synthetic_form_00378,g07-047,data\synthetic_form_anomalies\images\synthetic_form_00378.png,data\synthetic_form_anomalies\masks\synthetic_form_00378_mask.png,thickening,1,8734
synthetic_form_00379,f01-147,data\synthetic_form_anomalies\images\synthetic_form_00379.png,data\synthetic_form_anomalies\masks\synthetic_form_00379_mask.png,dropout,1,11747
synthetic_form_00380,g06-031l,data\synthetic_form_anomalies\images\synthetic_form_00380.png,data\synthetic_form_anomalies\masks\synthetic_form_00380_mask.png,blur,1,1835
synthetic_form_00381,m06-031,data\synthetic_form_anomalies\images\synthetic_form_00381.png,data\synthetic_form_anomalies\masks\synthetic_form_00381_mask.png,blur,1,20500
synthetic_form_00382,b04-162,data\synthetic_form_anomalies\images\synthetic_form_00382.png,data\synthetic_form_anomalies\masks\synthetic_form_00382_mask.png,thinning,1,2030
synthetic_form_00383,g06-045i,data\synthetic_form_anomalies\images\synthetic_form_00383.png,data\synthetic_form_anomalies\masks\synthetic_form_00383_mask.png,thickening,1,4944
synthetic_form_00384,b06-100,data\synthetic_form_anomalies\images\synthetic_form_00384.png,data\synthetic_form_anomalies\masks\synthetic_form_00384_mask.png,blur,1,1292
synthetic_form_00385,p03-057,data\synthetic_form_anomalies\images\synthetic_form_00385.png,data\synthetic_form_anomalies\masks\synthetic_form_00385_mask.png,blur,1,7097
synthetic_form_00386,a05-080,data\synthetic_form_anomalies\images\synthetic_form_00386.png,data\synthetic_form_anomalies\masks\synthetic_form_00386_mask.png,blur,1,14268
synthetic_form_00387,b04-121,data\synthetic_form_anomalies\images\synthetic_form_00387.png,data\synthetic_form_anomalies\masks\synthetic_form_00387_mask.png,thickening,1,6725
synthetic_form_00388,m04-246,data\synthetic_form_anomalies\images\synthetic_form_00388.png,data\synthetic_form_anomalies\masks\synthetic_form_00388_mask.png,thinning,1,18123
synthetic_form_00389,n02-109,data\synthetic_form_anomalies\images\synthetic_form_00389.png,data\synthetic_form_anomalies\masks\synthetic_form_00389_mask.png,blur,1,14069
synthetic_form_00390,k07-125,data\synthetic_form_anomalies\images\synthetic_form_00390.png,data\synthetic_form_anomalies\masks\synthetic_form_00390_mask.png,thickening,1,6643
synthetic_form_00391,m04-251,data\synthetic_form_anomalies\images\synthetic_form_00391.png,data\synthetic_form_anomalies\masks\synthetic_form_00391_mask.png,dropout,1,2995
synthetic_form_00392,m02-083,data\synthetic_form_anomalies\images\synthetic_form_00392.png,data\synthetic_form_anomalies\masks\synthetic_form_00392_mask.png,blur,1,20882
synthetic_form_00393,m06-019,data\synthetic_form_anomalies\images\synthetic_form_00393.png,data\synthetic_form_anomalies\masks\synthetic_form_00393_mask.png,dropout,1,12000
synthetic_form_00394,e07-061,data\synthetic_form_anomalies\images\synthetic_form_00394.png,data\synthetic_form_anomalies\masks\synthetic_form_00394_mask.png,thinning,1,1852
synthetic_form_00395,g06-037h,data\synthetic_form_anomalies\images\synthetic_form_00395.png,data\synthetic_form_anomalies\masks\synthetic_form_00395_mask.png,blur,1,2849
synthetic_form_00396,m01-079,data\synthetic_form_anomalies\images\synthetic_form_00396.png,data\synthetic_form_anomalies\masks\synthetic_form_00396_mask.png,blur,1,6318
synthetic_form_00397,g06-026g,data\synthetic_form_anomalies\images\synthetic_form_00397.png,data\synthetic_form_anomalies\masks\synthetic_form_00397_mask.png,thickening,1,21281
synthetic_form_00398,d05-040,data\synthetic_form_anomalies\images\synthetic_form_00398.png,data\synthetic_form_anomalies\masks\synthetic_form_00398_mask.png,dropout,1,1349
synthetic_form_00399,d06-046,data\synthetic_form_anomalies\images\synthetic_form_00399.png,data\synthetic_form_anomalies\masks\synthetic_form_00399_mask.png,blur,1,5461
synthetic_form_00400,g06-011k,data\synthetic_form_anomalies\images\synthetic_form_00400.png,data\synthetic_form_anomalies\masks\synthetic_form_00400_mask.png,blur,1,2867
synthetic_form_00401,l01-199,data\synthetic_form_anomalies\images\synthetic_form_00401.png,data\synthetic_form_anomalies\masks\synthetic_form_00401_mask.png,dropout,1,4156
synthetic_form_00402,j01-042,data\synthetic_form_anomalies\images\synthetic_form_00402.png,data\synthetic_form_anomalies\masks\synthetic_form_00402_mask.png,dropout,1,1343
synthetic_form_00403,a01-087u,data\synthetic_form_anomalies\images\synthetic_form_00403.png,data\synthetic_form_anomalies\masks\synthetic_form_00403_mask.png,dropout,1,13260
synthetic_form_00404,d05-025,data\synthetic_form_anomalies\images\synthetic_form_00404.png,data\synthetic_form_anomalies\masks\synthetic_form_00404_mask.png,thickening,1,4412
synthetic_form_00405,e04-068,data\synthetic_form_anomalies\images\synthetic_form_00405.png,data\synthetic_form_anomalies\masks\synthetic_form_00405_mask.png,blur,1,9663
synthetic_form_00406,k02-029,data\synthetic_form_anomalies\images\synthetic_form_00406.png,data\synthetic_form_anomalies\masks\synthetic_form_00406_mask.png,dropout,1,5297
synthetic_form_00407,b05-045,data\synthetic_form_anomalies\images\synthetic_form_00407.png,data\synthetic_form_anomalies\masks\synthetic_form_00407_mask.png,dropout,1,6038
synthetic_form_00408,g04-011,data\synthetic_form_anomalies\images\synthetic_form_00408.png,data\synthetic_form_anomalies\masks\synthetic_form_00408_mask.png,thinning,1,2851
synthetic_form_00409,k04-079,data\synthetic_form_anomalies\images\synthetic_form_00409.png,data\synthetic_form_anomalies\masks\synthetic_form_00409_mask.png,dropout,1,2846
synthetic_form_00410,k04-050,data\synthetic_form_anomalies\images\synthetic_form_00410.png,data\synthetic_form_anomalies\masks\synthetic_form_00410_mask.png,thickening,1,13541
synthetic_form_00411,a06-152,data\synthetic_form_anomalies\images\synthetic_form_00411.png,data\synthetic_form_anomalies\masks\synthetic_form_00411_mask.png,blur,1,4847
synthetic_form_00412,b06-036,data\synthetic_form_anomalies\images\synthetic_form_00412.png,data\synthetic_form_anomalies\masks\synthetic_form_00412_mask.png,dropout,1,23017
synthetic_form_00413,h07-030,data\synthetic_form_anomalies\images\synthetic_form_00413.png,data\synthetic_form_anomalies\masks\synthetic_form_00413_mask.png,thinning,1,3857
synthetic_form_00414,h01-014,data\synthetic_form_anomalies\images\synthetic_form_00414.png,data\synthetic_form_anomalies\masks\synthetic_form_00414_mask.png,thinning,1,1358
synthetic_form_00415,m01-160,data\synthetic_form_anomalies\images\synthetic_form_00415.png,data\synthetic_form_anomalies\masks\synthetic_form_00415_mask.png,blur,1,4254
synthetic_form_00416,l04-174,data\synthetic_form_anomalies\images\synthetic_form_00416.png,data\synthetic_form_anomalies\masks\synthetic_form_00416_mask.png,dropout,1,5879
synthetic_form_00417,p03-047,data\synthetic_form_anomalies\images\synthetic_form_00417.png,data\synthetic_form_anomalies\masks\synthetic_form_00417_mask.png,blur,1,5782
synthetic_form_00418,f07-006,data\synthetic_form_anomalies\images\synthetic_form_00418.png,data\synthetic_form_anomalies\masks\synthetic_form_00418_mask.png,blur,1,15682
synthetic_form_00419,r02-013,data\synthetic_form_anomalies\images\synthetic_form_00419.png,data\synthetic_form_anomalies\masks\synthetic_form_00419_mask.png,dropout,1,4917
synthetic_form_00420,e01-086,data\synthetic_form_anomalies\images\synthetic_form_00420.png,data\synthetic_form_anomalies\masks\synthetic_form_00420_mask.png,thickening,1,2797
synthetic_form_00421,h02-035,data\synthetic_form_anomalies\images\synthetic_form_00421.png,data\synthetic_form_anomalies\masks\synthetic_form_00421_mask.png,dropout,1,23304
synthetic_form_00422,b06-064,data\synthetic_form_anomalies\images\synthetic_form_00422.png,data\synthetic_form_anomalies\masks\synthetic_form_00422_mask.png,thickening,1,3852
synthetic_form_00423,p02-115,data\synthetic_form_anomalies\images\synthetic_form_00423.png,data\synthetic_form_anomalies\masks\synthetic_form_00423_mask.png,dropout,1,4411
synthetic_form_00424,f02-040,data\synthetic_form_anomalies\images\synthetic_form_00424.png,data\synthetic_form_anomalies\masks\synthetic_form_00424_mask.png,thinning,1,5886
synthetic_form_00425,h07-033a,data\synthetic_form_anomalies\images\synthetic_form_00425.png,data\synthetic_form_anomalies\masks\synthetic_form_00425_mask.png,thinning,1,6845
synthetic_form_00426,k07-059a,data\synthetic_form_anomalies\images\synthetic_form_00426.png,data\synthetic_form_anomalies\masks\synthetic_form_00426_mask.png,dropout,1,22206
synthetic_form_00427,f02-040,data\synthetic_form_anomalies\images\synthetic_form_00427.png,data\synthetic_form_anomalies\masks\synthetic_form_00427_mask.png,blur,1,20681
synthetic_form_00428,k04-005,data\synthetic_form_anomalies\images\synthetic_form_00428.png,data\synthetic_form_anomalies\masks\synthetic_form_00428_mask.png,dropout,1,7610
synthetic_form_00429,c04-000,data\synthetic_form_anomalies\images\synthetic_form_00429.png,data\synthetic_form_anomalies\masks\synthetic_form_00429_mask.png,blur,1,10420
synthetic_form_00430,d01-118,data\synthetic_form_anomalies\images\synthetic_form_00430.png,data\synthetic_form_anomalies\masks\synthetic_form_00430_mask.png,thinning,1,8525
synthetic_form_00431,f04-004,data\synthetic_form_anomalies\images\synthetic_form_00431.png,data\synthetic_form_anomalies\masks\synthetic_form_00431_mask.png,blur,1,11619
synthetic_form_00432,e04-132,data\synthetic_form_anomalies\images\synthetic_form_00432.png,data\synthetic_form_anomalies\masks\synthetic_form_00432_mask.png,dropout,1,11933
synthetic_form_00433,g06-018p,data\synthetic_form_anomalies\images\synthetic_form_00433.png,data\synthetic_form_anomalies\masks\synthetic_form_00433_mask.png,blur,1,3742
synthetic_form_00434,a02-086,data\synthetic_form_anomalies\images\synthetic_form_00434.png,data\synthetic_form_anomalies\masks\synthetic_form_00434_mask.png,blur,1,10875
synthetic_form_00435,g06-047k,data\synthetic_form_anomalies\images\synthetic_form_00435.png,data\synthetic_form_anomalies\masks\synthetic_form_00435_mask.png,thinning,1,5231
synthetic_form_00436,k02-067,data\synthetic_form_anomalies\images\synthetic_form_00436.png,data\synthetic_form_anomalies\masks\synthetic_form_00436_mask.png,thinning,1,5709
synthetic_form_00437,m02-066,data\synthetic_form_anomalies\images\synthetic_form_00437.png,data\synthetic_form_anomalies\masks\synthetic_form_00437_mask.png,thinning,1,5603
synthetic_form_00438,n04-015,data\synthetic_form_anomalies\images\synthetic_form_00438.png,data\synthetic_form_anomalies\masks\synthetic_form_00438_mask.png,thinning,1,1505
synthetic_form_00439,b01-023,data\synthetic_form_anomalies\images\synthetic_form_00439.png,data\synthetic_form_anomalies\masks\synthetic_form_00439_mask.png,thickening,1,10056
synthetic_form_00440,b05-074,data\synthetic_form_anomalies\images\synthetic_form_00440.png,data\synthetic_form_anomalies\masks\synthetic_form_00440_mask.png,dropout,1,7161
synthetic_form_00441,n02-016,data\synthetic_form_anomalies\images\synthetic_form_00441.png,data\synthetic_form_anomalies\masks\synthetic_form_00441_mask.png,blur,1,3563
synthetic_form_00442,f04-035,data\synthetic_form_anomalies\images\synthetic_form_00442.png,data\synthetic_form_anomalies\masks\synthetic_form_00442_mask.png,thickening,1,3552
synthetic_form_00443,l01-129,data\synthetic_form_anomalies\images\synthetic_form_00443.png,data\synthetic_form_anomalies\masks\synthetic_form_00443_mask.png,thinning,1,7854
synthetic_form_00444,c03-021d,data\synthetic_form_anomalies\images\synthetic_form_00444.png,data\synthetic_form_anomalies\masks\synthetic_form_00444_mask.png,dropout,1,18639
synthetic_form_00445,c03-094a,data\synthetic_form_anomalies\images\synthetic_form_00445.png,data\synthetic_form_anomalies\masks\synthetic_form_00445_mask.png,blur,1,1762
synthetic_form_00446,l01-000,data\synthetic_form_anomalies\images\synthetic_form_00446.png,data\synthetic_form_anomalies\masks\synthetic_form_00446_mask.png,blur,1,5617
synthetic_form_00447,g06-093,data\synthetic_form_anomalies\images\synthetic_form_00447.png,data\synthetic_form_anomalies\masks\synthetic_form_00447_mask.png,thinning,1,5331
synthetic_form_00448,e02-094,data\synthetic_form_anomalies\images\synthetic_form_00448.png,data\synthetic_form_anomalies\masks\synthetic_form_00448_mask.png,blur,1,11053
synthetic_form_00449,c02-089,data\synthetic_form_anomalies\images\synthetic_form_00449.png,data\synthetic_form_anomalies\masks\synthetic_form_00449_mask.png,thinning,1,3857
synthetic_form_00450,r03-065,data\synthetic_form_anomalies\images\synthetic_form_00450.png,data\synthetic_form_anomalies\masks\synthetic_form_00450_mask.png,thinning,1,6073
synthetic_form_00451,m01-125,data\synthetic_form_anomalies\images\synthetic_form_00451.png,data\synthetic_form_anomalies\masks\synthetic_form_00451_mask.png,dropout,1,1089
synthetic_form_00452,j01-045,data\synthetic_form_anomalies\images\synthetic_form_00452.png,data\synthetic_form_anomalies\masks\synthetic_form_00452_mask.png,thickening,1,8223
synthetic_form_00453,b06-004,data\synthetic_form_anomalies\images\synthetic_form_00453.png,data\synthetic_form_anomalies\masks\synthetic_form_00453_mask.png,thickening,1,3462
synthetic_form_00454,g06-011j,data\synthetic_form_anomalies\images\synthetic_form_00454.png,data\synthetic_form_anomalies\masks\synthetic_form_00454_mask.png,blur,1,5381
synthetic_form_00455,e07-098,data\synthetic_form_anomalies\images\synthetic_form_00455.png,data\synthetic_form_anomalies\masks\synthetic_form_00455_mask.png,thickening,1,10846
synthetic_form_00456,n02-028,data\synthetic_form_anomalies\images\synthetic_form_00456.png,data\synthetic_form_anomalies\masks\synthetic_form_00456_mask.png,thickening,1,8404
synthetic_form_00457,b04-026,data\synthetic_form_anomalies\images\synthetic_form_00457.png,data\synthetic_form_anomalies\masks\synthetic_form_00457_mask.png,dropout,1,2901
synthetic_form_00458,n06-123,data\synthetic_form_anomalies\images\synthetic_form_00458.png,data\synthetic_form_anomalies\masks\synthetic_form_00458_mask.png,thickening,1,4125
synthetic_form_00459,e06-070,data\synthetic_form_anomalies\images\synthetic_form_00459.png,data\synthetic_form_anomalies\masks\synthetic_form_00459_mask.png,thinning,1,5827
synthetic_form_00460,h02-019,data\synthetic_form_anomalies\images\synthetic_form_00460.png,data\synthetic_form_anomalies\masks\synthetic_form_00460_mask.png,blur,1,30041
synthetic_form_00461,g06-037h,data\synthetic_form_anomalies\images\synthetic_form_00461.png,data\synthetic_form_anomalies\masks\synthetic_form_00461_mask.png,thinning,1,7021
synthetic_form_00462,n04-190,data\synthetic_form_anomalies\images\synthetic_form_00462.png,data\synthetic_form_anomalies\masks\synthetic_form_00462_mask.png,dropout,1,1642
synthetic_form_00463,j06-005,data\synthetic_form_anomalies\images\synthetic_form_00463.png,data\synthetic_form_anomalies\masks\synthetic_form_00463_mask.png,thickening,1,3825
synthetic_form_00464,k04-017,data\synthetic_form_anomalies\images\synthetic_form_00464.png,data\synthetic_form_anomalies\masks\synthetic_form_00464_mask.png,thinning,1,1494
synthetic_form_00465,f04-087,data\synthetic_form_anomalies\images\synthetic_form_00465.png,data\synthetic_form_anomalies\masks\synthetic_form_00465_mask.png,thinning,1,3379
synthetic_form_00466,a06-075,data\synthetic_form_anomalies\images\synthetic_form_00466.png,data\synthetic_form_anomalies\masks\synthetic_form_00466_mask.png,dropout,1,1473
synthetic_form_00467,b05-017,data\synthetic_form_anomalies\images\synthetic_form_00467.png,data\synthetic_form_anomalies\masks\synthetic_form_00467_mask.png,thickening,1,6386
synthetic_form_00468,g07-022a,data\synthetic_form_anomalies\images\synthetic_form_00468.png,data\synthetic_form_anomalies\masks\synthetic_form_00468_mask.png,dropout,1,4430
synthetic_form_00469,d06-107,data\synthetic_form_anomalies\images\synthetic_form_00469.png,data\synthetic_form_anomalies\masks\synthetic_form_00469_mask.png,thickening,1,3334
synthetic_form_00470,g06-042g,data\synthetic_form_anomalies\images\synthetic_form_00470.png,data\synthetic_form_anomalies\masks\synthetic_form_00470_mask.png,thickening,1,5766
synthetic_form_00471,h01-000,data\synthetic_form_anomalies\images\synthetic_form_00471.png,data\synthetic_form_anomalies\masks\synthetic_form_00471_mask.png,thinning,1,9002
synthetic_form_00472,m04-251,data\synthetic_form_anomalies\images\synthetic_form_00472.png,data\synthetic_form_anomalies\masks\synthetic_form_00472_mask.png,dropout,1,2819
synthetic_form_00473,g04-108,data\synthetic_form_anomalies\images\synthetic_form_00473.png,data\synthetic_form_anomalies\masks\synthetic_form_00473_mask.png,thinning,1,3076
synthetic_form_00474,b04-026,data\synthetic_form_anomalies\images\synthetic_form_00474.png,data\synthetic_form_anomalies\masks\synthetic_form_00474_mask.png,thinning,1,21554
synthetic_form_00475,a01-007x,data\synthetic_form_anomalies\images\synthetic_form_00475.png,data\synthetic_form_anomalies\masks\synthetic_form_00475_mask.png,dropout,1,2060
synthetic_form_00476,n04-068,data\synthetic_form_anomalies\images\synthetic_form_00476.png,data\synthetic_form_anomalies\masks\synthetic_form_00476_mask.png,thinning,1,6014
synthetic_form_00477,g07-014,data\synthetic_form_anomalies\images\synthetic_form_00477.png,data\synthetic_form_anomalies\masks\synthetic_form_00477_mask.png,thinning,1,2189
synthetic_form_00478,a01-132x,data\synthetic_form_anomalies\images\synthetic_form_00478.png,data\synthetic_form_anomalies\masks\synthetic_form_00478_mask.png,thickening,1,7558
synthetic_form_00479,c04-165,data\synthetic_form_anomalies\images\synthetic_form_00479.png,data\synthetic_form_anomalies\masks\synthetic_form_00479_mask.png,thickening,1,11854
synthetic_form_00480,l07-118,data\synthetic_form_anomalies\images\synthetic_form_00480.png,data\synthetic_form_anomalies\masks\synthetic_form_00480_mask.png,dropout,1,5398
synthetic_form_00481,g06-047d,data\synthetic_form_anomalies\images\synthetic_form_00481.png,data\synthetic_form_anomalies\masks\synthetic_form_00481_mask.png,thickening,1,14305
synthetic_form_00482,h07-040b,data\synthetic_form_anomalies\images\synthetic_form_00482.png,data\synthetic_form_anomalies\masks\synthetic_form_00482_mask.png,blur,1,6757
synthetic_form_00483,l01-195,data\synthetic_form_anomalies\images\synthetic_form_00483.png,data\synthetic_form_anomalies\masks\synthetic_form_00483_mask.png,thinning,1,3438
synthetic_form_00484,b06-027,data\synthetic_form_anomalies\images\synthetic_form_00484.png,data\synthetic_form_anomalies\masks\synthetic_form_00484_mask.png,dropout,1,4002
synthetic_form_00485,e07-086,data\synthetic_form_anomalies\images\synthetic_form_00485.png,data\synthetic_form_anomalies\masks\synthetic_form_00485_mask.png,thinning,1,6248
synthetic_form_00486,k04-106,data\synthetic_form_anomalies\images\synthetic_form_00486.png,data\synthetic_form_anomalies\masks\synthetic_form_00486_mask.png,dropout,1,2920
synthetic_form_00487,j04-080,data\synthetic_form_anomalies\images\synthetic_form_00487.png,data\synthetic_form_anomalies\masks\synthetic_form_00487_mask.png,dropout,1,10370
synthetic_form_00488,b06-075(1),data\synthetic_form_anomalies\images\synthetic_form_00488.png,data\synthetic_form_anomalies\masks\synthetic_form_00488_mask.png,dropout,1,3168
synthetic_form_00489,d05-025,data\synthetic_form_anomalies\images\synthetic_form_00489.png,data\synthetic_form_anomalies\masks\synthetic_form_00489_mask.png,dropout,1,3297
synthetic_form_00490,a03-089,data\synthetic_form_anomalies\images\synthetic_form_00490.png,data\synthetic_form_anomalies\masks\synthetic_form_00490_mask.png,thinning,1,3833
synthetic_form_00491,d06-003,data\synthetic_form_anomalies\images\synthetic_form_00491.png,data\synthetic_form_anomalies\masks\synthetic_form_00491_mask.png,thickening,1,11297
synthetic_form_00492,g04-052,data\synthetic_form_anomalies\images\synthetic_form_00492.png,data\synthetic_form_anomalies\masks\synthetic_form_00492_mask.png,thickening,1,12229
synthetic_form_00493,g04-104,data\synthetic_form_anomalies\images\synthetic_form_00493.png,data\synthetic_form_anomalies\masks\synthetic_form_00493_mask.png,thickening,1,10704
synthetic_form_00494,c03-094e,data\synthetic_form_anomalies\images\synthetic_form_00494.png,data\synthetic_form_anomalies\masks\synthetic_form_00494_mask.png,thinning,1,11559
synthetic_form_00495,c06-014,data\synthetic_form_anomalies\images\synthetic_form_00495.png,data\synthetic_form_anomalies\masks\synthetic_form_00495_mask.png,thinning,1,4787
synthetic_form_00496,r06-018,data\synthetic_form_anomalies\images\synthetic_form_00496.png,data\synthetic_form_anomalies\masks\synthetic_form_00496_mask.png,thinning,1,21064
synthetic_form_00497,g06-026c,data\synthetic_form_anomalies\images\synthetic_form_00497.png,data\synthetic_form_anomalies\masks\synthetic_form_00497_mask.png,blur,1,14501
synthetic_form_00498,g06-011c,data\synthetic_form_anomalies\images\synthetic_form_00498.png,data\synthetic_form_anomalies\masks\synthetic_form_00498_mask.png,blur,1,3694
synthetic_form_00499,e01-029,data\synthetic_form_anomalies\images\synthetic_form_00499.png,data\synthetic_form_anomalies\masks\synthetic_form_00499_mask.png,dropout,1,4523
synthetic_form_00500,b01-004,data\synthetic_form_anomalies\images\synthetic_form_00500.png,data\synthetic_form_anomalies\masks\synthetic_form_00500_mask.png,thinning,1,1969
synthetic_form_00501,f02-036,data\synthetic_form_anomalies\images\synthetic_form_00501.png,data\synthetic_form_anomalies\masks\synthetic_form_00501_mask.png,thinning,1,4378
synthetic_form_00502,a01-053x,data\synthetic_form_anomalies\images\synthetic_form_00502.png,data\synthetic_form_anomalies\masks\synthetic_form_00502_mask.png,dropout,1,18456
synthetic_form_00503,e06-070,data\synthetic_form_anomalies\images\synthetic_form_00503.png,data\synthetic_form_anomalies\masks\synthetic_form_00503_mask.png,thinning,1,9193
synthetic_form_00504,l01-023,data\synthetic_form_anomalies\images\synthetic_form_00504.png,data\synthetic_form_anomalies\masks\synthetic_form_00504_mask.png,blur,1,3135
synthetic_form_00505,d07-093,data\synthetic_form_anomalies\images\synthetic_form_00505.png,data\synthetic_form_anomalies\masks\synthetic_form_00505_mask.png,dropout,1,10417
synthetic_form_00506,c03-003f,data\synthetic_form_anomalies\images\synthetic_form_00506.png,data\synthetic_form_anomalies\masks\synthetic_form_00506_mask.png,dropout,1,3529
synthetic_form_00507,c03-087b,data\synthetic_form_anomalies\images\synthetic_form_00507.png,data\synthetic_form_anomalies\masks\synthetic_form_00507_mask.png,thickening,1,9898
synthetic_form_00508,a03-014,data\synthetic_form_anomalies\images\synthetic_form_00508.png,data\synthetic_form_anomalies\masks\synthetic_form_00508_mask.png,thinning,1,4131
synthetic_form_00509,p03-029,data\synthetic_form_anomalies\images\synthetic_form_00509.png,data\synthetic_form_anomalies\masks\synthetic_form_00509_mask.png,dropout,1,5508
synthetic_form_00510,g04-072,data\synthetic_form_anomalies\images\synthetic_form_00510.png,data\synthetic_form_anomalies\masks\synthetic_form_00510_mask.png,dropout,1,28168
synthetic_form_00511,n02-114,data\synthetic_form_anomalies\images\synthetic_form_00511.png,data\synthetic_form_anomalies\masks\synthetic_form_00511_mask.png,dropout,1,913
synthetic_form_00512,a01-038x,data\synthetic_form_anomalies\images\synthetic_form_00512.png,data\synthetic_form_anomalies\masks\synthetic_form_00512_mask.png,blur,1,5812
synthetic_form_00513,a01-058u,data\synthetic_form_anomalies\images\synthetic_form_00513.png,data\synthetic_form_anomalies\masks\synthetic_form_00513_mask.png,thinning,1,2098
synthetic_form_00514,a06-147,data\synthetic_form_anomalies\images\synthetic_form_00514.png,data\synthetic_form_anomalies\masks\synthetic_form_00514_mask.png,thinning,1,1218
synthetic_form_00515,g01-039,data\synthetic_form_anomalies\images\synthetic_form_00515.png,data\synthetic_form_anomalies\masks\synthetic_form_00515_mask.png,thickening,1,8973
synthetic_form_00516,g06-031e,data\synthetic_form_anomalies\images\synthetic_form_00516.png,data\synthetic_form_anomalies\masks\synthetic_form_00516_mask.png,thinning,1,5375
synthetic_form_00517,n06-082,data\synthetic_form_anomalies\images\synthetic_form_00517.png,data\synthetic_form_anomalies\masks\synthetic_form_00517_mask.png,thickening,1,9191
synthetic_form_00518,g05-098,data\synthetic_form_anomalies\images\synthetic_form_00518.png,data\synthetic_form_anomalies\masks\synthetic_form_00518_mask.png,thickening,1,5292
synthetic_form_00519,a01-026x,data\synthetic_form_anomalies\images\synthetic_form_00519.png,data\synthetic_form_anomalies\masks\synthetic_form_00519_mask.png,dropout,1,3705
synthetic_form_00520,m06-076,data\synthetic_form_anomalies\images\synthetic_form_00520.png,data\synthetic_form_anomalies\masks\synthetic_form_00520_mask.png,thickening,1,4151
synthetic_form_00521,c06-043,data\synthetic_form_anomalies\images\synthetic_form_00521.png,data\synthetic_form_anomalies\masks\synthetic_form_00521_mask.png,dropout,1,3846
synthetic_form_00522,e02-082,data\synthetic_form_anomalies\images\synthetic_form_00522.png,data\synthetic_form_anomalies\masks\synthetic_form_00522_mask.png,thickening,1,7083
synthetic_form_00523,f02-076,data\synthetic_form_anomalies\images\synthetic_form_00523.png,data\synthetic_form_anomalies\masks\synthetic_form_00523_mask.png,thinning,1,9917
synthetic_form_00524,a05-058,data\synthetic_form_anomalies\images\synthetic_form_00524.png,data\synthetic_form_anomalies\masks\synthetic_form_00524_mask.png,thinning,1,11334
synthetic_form_00525,n04-130,data\synthetic_form_anomalies\images\synthetic_form_00525.png,data\synthetic_form_anomalies\masks\synthetic_form_00525_mask.png,thinning,1,7485
synthetic_form_00526,h07-030a,data\synthetic_form_anomalies\images\synthetic_form_00526.png,data\synthetic_form_anomalies\masks\synthetic_form_00526_mask.png,dropout,1,2295
synthetic_form_00527,d04-058,data\synthetic_form_anomalies\images\synthetic_form_00527.png,data\synthetic_form_anomalies\masks\synthetic_form_00527_mask.png,dropout,1,16974
synthetic_form_00528,f04-074,data\synthetic_form_anomalies\images\synthetic_form_00528.png,data\synthetic_form_anomalies\masks\synthetic_form_00528_mask.png,dropout,1,16095
synthetic_form_00529,h06-000,data\synthetic_form_anomalies\images\synthetic_form_00529.png,data\synthetic_form_anomalies\masks\synthetic_form_00529_mask.png,dropout,1,17957
synthetic_form_00530,g06-045g,data\synthetic_form_anomalies\images\synthetic_form_00530.png,data\synthetic_form_anomalies\masks\synthetic_form_00530_mask.png,dropout,1,23257
synthetic_form_00531,a06-008,data\synthetic_form_anomalies\images\synthetic_form_00531.png,data\synthetic_form_anomalies\masks\synthetic_form_00531_mask.png,thinning,1,7668
synthetic_form_00532,a05-108,data\synthetic_form_anomalies\images\synthetic_form_00532.png,data\synthetic_form_anomalies\masks\synthetic_form_00532_mask.png,thinning,1,8879
synthetic_form_00533,f03-191,data\synthetic_form_anomalies\images\synthetic_form_00533.png,data\synthetic_form_anomalies\masks\synthetic_form_00533_mask.png,thickening,1,2579
synthetic_form_00534,g06-047p,data\synthetic_form_anomalies\images\synthetic_form_00534.png,data\synthetic_form_anomalies\masks\synthetic_form_00534_mask.png,thickening,1,7371
synthetic_form_00535,a06-025,data\synthetic_form_anomalies\images\synthetic_form_00535.png,data\synthetic_form_anomalies\masks\synthetic_form_00535_mask.png,dropout,1,16545
synthetic_form_00536,b01-053,data\synthetic_form_anomalies\images\synthetic_form_00536.png,data\synthetic_form_anomalies\masks\synthetic_form_00536_mask.png,thickening,1,5273
synthetic_form_00537,l07-118,data\synthetic_form_anomalies\images\synthetic_form_00537.png,data\synthetic_form_anomalies\masks\synthetic_form_00537_mask.png,thickening,1,11839
synthetic_form_00538,g06-037d,data\synthetic_form_anomalies\images\synthetic_form_00538.png,data\synthetic_form_anomalies\masks\synthetic_form_00538_mask.png,thinning,1,6070
synthetic_form_00539,n06-111,data\synthetic_form_anomalies\images\synthetic_form_00539.png,data\synthetic_form_anomalies\masks\synthetic_form_00539_mask.png,blur,1,1900
synthetic_form_00540,e07-090,data\synthetic_form_anomalies\images\synthetic_form_00540.png,data\synthetic_form_anomalies\masks\synthetic_form_00540_mask.png,thickening,1,3487
synthetic_form_00541,g06-045m,data\synthetic_form_anomalies\images\synthetic_form_00541.png,data\synthetic_form_anomalies\masks\synthetic_form_00541_mask.png,dropout,1,11601
synthetic_form_00542,a05-058,data\synthetic_form_anomalies\images\synthetic_form_00542.png,data\synthetic_form_anomalies\masks\synthetic_form_00542_mask.png,dropout,1,2560
synthetic_form_00543,l04-179,data\synthetic_form_anomalies\images\synthetic_form_00543.png,data\synthetic_form_anomalies\masks\synthetic_form_00543_mask.png,thickening,1,2448
synthetic_form_00544,f01-053,data\synthetic_form_anomalies\images\synthetic_form_00544.png,data\synthetic_form_anomalies\masks\synthetic_form_00544_mask.png,dropout,1,9432
synthetic_form_00545,f04-100,data\synthetic_form_anomalies\images\synthetic_form_00545.png,data\synthetic_form_anomalies\masks\synthetic_form_00545_mask.png,thinning,1,4744
synthetic_form_00546,f04-032,data\synthetic_form_anomalies\images\synthetic_form_00546.png,data\synthetic_form_anomalies\masks\synthetic_form_00546_mask.png,dropout,1,3691
synthetic_form_00547,f02-044,data\synthetic_form_anomalies\images\synthetic_form_00547.png,data\synthetic_form_anomalies\masks\synthetic_form_00547_mask.png,blur,1,16984
synthetic_form_00548,r03-050,data\synthetic_form_anomalies\images\synthetic_form_00548.png,data\synthetic_form_anomalies\masks\synthetic_form_00548_mask.png,thinning,1,5078
synthetic_form_00549,g04-098,data\synthetic_form_anomalies\images\synthetic_form_00549.png,data\synthetic_form_anomalies\masks\synthetic_form_00549_mask.png,blur,1,14391
synthetic_form_00550,b03-092,data\synthetic_form_anomalies\images\synthetic_form_00550.png,data\synthetic_form_anomalies\masks\synthetic_form_00550_mask.png,thinning,1,8139
synthetic_form_00551,r02-065,data\synthetic_form_anomalies\images\synthetic_form_00551.png,data\synthetic_form_anomalies\masks\synthetic_form_00551_mask.png,dropout,1,5562
synthetic_form_00552,e06-026,data\synthetic_form_anomalies\images\synthetic_form_00552.png,data\synthetic_form_anomalies\masks\synthetic_form_00552_mask.png,dropout,1,23608
synthetic_form_00553,b05-098,data\synthetic_form_anomalies\images\synthetic_form_00553.png,data\synthetic_form_anomalies\masks\synthetic_form_00553_mask.png,thinning,1,4176
synthetic_form_00554,g04-104,data\synthetic_form_anomalies\images\synthetic_form_00554.png,data\synthetic_form_anomalies\masks\synthetic_form_00554_mask.png,dropout,1,17379
synthetic_form_00555,l04-034,data\synthetic_form_anomalies\images\synthetic_form_00555.png,data\synthetic_form_anomalies\masks\synthetic_form_00555_mask.png,dropout,1,6330
synthetic_form_00556,k03-152,data\synthetic_form_anomalies\images\synthetic_form_00556.png,data\synthetic_form_anomalies\masks\synthetic_form_00556_mask.png,thickening,1,11988
synthetic_form_00557,d06-050,data\synthetic_form_anomalies\images\synthetic_form_00557.png,data\synthetic_form_anomalies\masks\synthetic_form_00557_mask.png,thinning,1,6742
synthetic_form_00558,k07-122,data\synthetic_form_anomalies\images\synthetic_form_00558.png,data\synthetic_form_anomalies\masks\synthetic_form_00558_mask.png,blur,1,7491
synthetic_form_00559,g06-045d,data\synthetic_form_anomalies\images\synthetic_form_00559.png,data\synthetic_form_anomalies\masks\synthetic_form_00559_mask.png,blur,1,3638
synthetic_form_00560,d01-056,data\synthetic_form_anomalies\images\synthetic_form_00560.png,data\synthetic_form_anomalies\masks\synthetic_form_00560_mask.png,thinning,1,7016
synthetic_form_00561,g04-081,data\synthetic_form_anomalies\images\synthetic_form_00561.png,data\synthetic_form_anomalies\masks\synthetic_form_00561_mask.png,thinning,1,8716
synthetic_form_00562,a01-096u,data\synthetic_form_anomalies\images\synthetic_form_00562.png,data\synthetic_form_anomalies\masks\synthetic_form_00562_mask.png,dropout,1,2783
synthetic_form_00563,a06-008,data\synthetic_form_anomalies\images\synthetic_form_00563.png,data\synthetic_form_anomalies\masks\synthetic_form_00563_mask.png,blur,1,15416
synthetic_form_00564,f02-030,data\synthetic_form_anomalies\images\synthetic_form_00564.png,data\synthetic_form_anomalies\masks\synthetic_form_00564_mask.png,dropout,1,2681
synthetic_form_00565,g01-000,data\synthetic_form_anomalies\images\synthetic_form_00565.png,data\synthetic_form_anomalies\masks\synthetic_form_00565_mask.png,dropout,1,5511
synthetic_form_00566,f04-020,data\synthetic_form_anomalies\images\synthetic_form_00566.png,data\synthetic_form_anomalies\masks\synthetic_form_00566_mask.png,thickening,1,5478
synthetic_form_00567,f07-081a,data\synthetic_form_anomalies\images\synthetic_form_00567.png,data\synthetic_form_anomalies\masks\synthetic_form_00567_mask.png,thinning,1,17097
synthetic_form_00568,k04-064,data\synthetic_form_anomalies\images\synthetic_form_00568.png,data\synthetic_form_anomalies\masks\synthetic_form_00568_mask.png,dropout,1,13953
synthetic_form_00569,g07-022a,data\synthetic_form_anomalies\images\synthetic_form_00569.png,data\synthetic_form_anomalies\masks\synthetic_form_00569_mask.png,thinning,1,6844
synthetic_form_00570,m04-238,data\synthetic_form_anomalies\images\synthetic_form_00570.png,data\synthetic_form_anomalies\masks\synthetic_form_00570_mask.png,thickening,1,1496
synthetic_form_00571,m02-052,data\synthetic_form_anomalies\images\synthetic_form_00571.png,data\synthetic_form_anomalies\masks\synthetic_form_00571_mask.png,dropout,1,3292
synthetic_form_00572,g06-018d,data\synthetic_form_anomalies\images\synthetic_form_00572.png,data\synthetic_form_anomalies\masks\synthetic_form_00572_mask.png,thinning,1,8808
synthetic_form_00573,r06-137,data\synthetic_form_anomalies\images\synthetic_form_00573.png,data\synthetic_form_anomalies\masks\synthetic_form_00573_mask.png,thinning,1,11064
synthetic_form_00574,f04-071,data\synthetic_form_anomalies\images\synthetic_form_00574.png,data\synthetic_form_anomalies\masks\synthetic_form_00574_mask.png,blur,1,10894
synthetic_form_00575,n04-031,data\synthetic_form_anomalies\images\synthetic_form_00575.png,data\synthetic_form_anomalies\masks\synthetic_form_00575_mask.png,blur,1,8840
synthetic_form_00576,l07-103,data\synthetic_form_anomalies\images\synthetic_form_00576.png,data\synthetic_form_anomalies\masks\synthetic_form_00576_mask.png,thickening,1,7311
synthetic_form_00577,g01-025,data\synthetic_form_anomalies\images\synthetic_form_00577.png,data\synthetic_form_anomalies\masks\synthetic_form_00577_mask.png,blur,1,2168
synthetic_form_00578,m02-055,data\synthetic_form_anomalies\images\synthetic_form_00578.png,data\synthetic_form_anomalies\masks\synthetic_form_00578_mask.png,blur,1,14409
synthetic_form_00579,b04-020,data\synthetic_form_anomalies\images\synthetic_form_00579.png,data\synthetic_form_anomalies\masks\synthetic_form_00579_mask.png,thinning,1,7025
synthetic_form_00580,p01-168,data\synthetic_form_anomalies\images\synthetic_form_00580.png,data\synthetic_form_anomalies\masks\synthetic_form_00580_mask.png,dropout,1,18398
synthetic_form_00581,l07-085,data\synthetic_form_anomalies\images\synthetic_form_00581.png,data\synthetic_form_anomalies\masks\synthetic_form_00581_mask.png,dropout,1,21976
synthetic_form_00582,c03-087f,data\synthetic_form_anomalies\images\synthetic_form_00582.png,data\synthetic_form_anomalies\masks\synthetic_form_00582_mask.png,thinning,1,10693
synthetic_form_00583,h04-082,data\synthetic_form_anomalies\images\synthetic_form_00583.png,data\synthetic_form_anomalies\masks\synthetic_form_00583_mask.png,blur,1,3215
synthetic_form_00584,g06-050l,data\synthetic_form_anomalies\images\synthetic_form_00584.png,data\synthetic_form_anomalies\masks\synthetic_form_00584_mask.png,thickening,1,1165
synthetic_form_00585,b05-067,data\synthetic_form_anomalies\images\synthetic_form_00585.png,data\synthetic_form_anomalies\masks\synthetic_form_00585_mask.png,dropout,1,26528
synthetic_form_00586,g06-031k,data\synthetic_form_anomalies\images\synthetic_form_00586.png,data\synthetic_form_anomalies\masks\synthetic_form_00586_mask.png,dropout,1,5490
synthetic_form_00587,c03-003d,data\synthetic_form_anomalies\images\synthetic_form_00587.png,data\synthetic_form_anomalies\masks\synthetic_form_00587_mask.png,thinning,1,10215
synthetic_form_00588,a02-000,data\synthetic_form_anomalies\images\synthetic_form_00588.png,data\synthetic_form_anomalies\masks\synthetic_form_00588_mask.png,blur,1,12415
synthetic_form_00589,c03-003f,data\synthetic_form_anomalies\images\synthetic_form_00589.png,data\synthetic_form_anomalies\masks\synthetic_form_00589_mask.png,thickening,1,9859
synthetic_form_00590,b03-092,data\synthetic_form_anomalies\images\synthetic_form_00590.png,data\synthetic_form_anomalies\masks\synthetic_form_00590_mask.png,blur,1,30056
synthetic_form_00591,k03-117,data\synthetic_form_anomalies\images\synthetic_form_00591.png,data\synthetic_form_anomalies\masks\synthetic_form_00591_mask.png,dropout,1,6208
synthetic_form_00592,k04-005,data\synthetic_form_anomalies\images\synthetic_form_00592.png,data\synthetic_form_anomalies\masks\synthetic_form_00592_mask.png,thinning,1,9982
synthetic_form_00593,a02-000,data\synthetic_form_anomalies\images\synthetic_form_00593.png,data\synthetic_form_anomalies\masks\synthetic_form_00593_mask.png,thickening,1,4466
synthetic_form_00594,b04-010,data\synthetic_form_anomalies\images\synthetic_form_00594.png,data\synthetic_form_anomalies\masks\synthetic_form_00594_mask.png,thinning,1,3250
synthetic_form_00595,p03-080,data\synthetic_form_anomalies\images\synthetic_form_00595.png,data\synthetic_form_anomalies\masks\synthetic_form_00595_mask.png,thinning,1,4953
synthetic_form_00596,c04-170,data\synthetic_form_anomalies\images\synthetic_form_00596.png,data\synthetic_form_anomalies\masks\synthetic_form_00596_mask.png,blur,1,15154
synthetic_form_00597,l07-103,data\synthetic_form_anomalies\images\synthetic_form_00597.png,data\synthetic_form_anomalies\masks\synthetic_form_00597_mask.png,blur,1,2566
synthetic_form_00598,e06-006,data\synthetic_form_anomalies\images\synthetic_form_00598.png,data\synthetic_form_anomalies\masks\synthetic_form_00598_mask.png,thickening,1,10734
synthetic_form_00599,r06-115,data\synthetic_form_anomalies\images\synthetic_form_00599.png,data\synthetic_form_anomalies\masks\synthetic_form_00599_mask.png,thinning,1,1735
synthetic_form_00600,d06-063,data\synthetic_form_anomalies\images\synthetic_form_00600.png,data\synthetic_form_anomalies\masks\synthetic_form_00600_mask.png,thinning,1,26995
synthetic_form_00601,h04-082,data\synthetic_form_anomalies\images\synthetic_form_00601.png,data\synthetic_form_anomalies\masks\synthetic_form_00601_mask.png,dropout,1,19828
synthetic_form_00602,g04-092,data\synthetic_form_anomalies\images\synthetic_form_00602.png,data\synthetic_form_anomalies\masks\synthetic_form_00602_mask.png,dropout,1,1801
synthetic_form_00603,j01-045,data\synthetic_form_anomalies\images\synthetic_form_00603.png,data\synthetic_form_anomalies\masks\synthetic_form_00603_mask.png,dropout,1,1043
synthetic_form_00604,h04-071,data\synthetic_form_anomalies\images\synthetic_form_00604.png,data\synthetic_form_anomalies\masks\synthetic_form_00604_mask.png,thickening,1,1981
synthetic_form_00605,g07-003a,data\synthetic_form_anomalies\images\synthetic_form_00605.png,data\synthetic_form_anomalies\masks\synthetic_form_00605_mask.png,thickening,1,5942
synthetic_form_00606,g06-026e,data\synthetic_form_anomalies\images\synthetic_form_00606.png,data\synthetic_form_anomalies\masks\synthetic_form_00606_mask.png,dropout,1,10284
synthetic_form_00607,e02-000,data\synthetic_form_anomalies\images\synthetic_form_00607.png,data\synthetic_form_anomalies\masks\synthetic_form_00607_mask.png,blur,1,12635
synthetic_form_00608,k04-014,data\synthetic_form_anomalies\images\synthetic_form_00608.png,data\synthetic_form_anomalies\masks\synthetic_form_00608_mask.png,dropout,1,4938
synthetic_form_00609,f07-081b,data\synthetic_form_anomalies\images\synthetic_form_00609.png,data\synthetic_form_anomalies\masks\synthetic_form_00609_mask.png,thickening,1,1949
synthetic_form_00610,m04-000,data\synthetic_form_anomalies\images\synthetic_form_00610.png,data\synthetic_form_anomalies\masks\synthetic_form_00610_mask.png,thinning,1,1728
synthetic_form_00611,g06-109,data\synthetic_form_anomalies\images\synthetic_form_00611.png,data\synthetic_form_anomalies\masks\synthetic_form_00611_mask.png,thinning,1,5668
synthetic_form_00612,c02-030,data\synthetic_form_anomalies\images\synthetic_form_00612.png,data\synthetic_form_anomalies\masks\synthetic_form_00612_mask.png,blur,1,3061
synthetic_form_00613,a05-108,data\synthetic_form_anomalies\images\synthetic_form_00613.png,data\synthetic_form_anomalies\masks\synthetic_form_00613_mask.png,thickening,1,4198
synthetic_form_00614,m03-118,data\synthetic_form_anomalies\images\synthetic_form_00614.png,data\synthetic_form_anomalies\masks\synthetic_form_00614_mask.png,dropout,1,3549
synthetic_form_00615,n02-045,data\synthetic_form_anomalies\images\synthetic_form_00615.png,data\synthetic_form_anomalies\masks\synthetic_form_00615_mask.png,thickening,1,9918
synthetic_form_00616,h02-008,data\synthetic_form_anomalies\images\synthetic_form_00616.png,data\synthetic_form_anomalies\masks\synthetic_form_00616_mask.png,thinning,1,7649
synthetic_form_00617,a01-026x,data\synthetic_form_anomalies\images\synthetic_form_00617.png,data\synthetic_form_anomalies\masks\synthetic_form_00617_mask.png,thickening,1,7829
synthetic_form_00618,p01-174,data\synthetic_form_anomalies\images\synthetic_form_00618.png,data\synthetic_form_anomalies\masks\synthetic_form_00618_mask.png,thinning,1,9300
synthetic_form_00619,a06-051,data\synthetic_form_anomalies\images\synthetic_form_00619.png,data\synthetic_form_anomalies\masks\synthetic_form_00619_mask.png,blur,1,7471
synthetic_form_00620,e07-076,data\synthetic_form_anomalies\images\synthetic_form_00620.png,data\synthetic_form_anomalies\masks\synthetic_form_00620_mask.png,thinning,1,6072
synthetic_form_00621,j06-026,data\synthetic_form_anomalies\images\synthetic_form_00621.png,data\synthetic_form_anomalies\masks\synthetic_form_00621_mask.png,thinning,1,3461
synthetic_form_00622,g01-022,data\synthetic_form_anomalies\images\synthetic_form_00622.png,data\synthetic_form_anomalies\masks\synthetic_form_00622_mask.png,dropout,1,1562
synthetic_form_00623,m02-069,data\synthetic_form_anomalies\images\synthetic_form_00623.png,data\synthetic_form_anomalies\masks\synthetic_form_00623_mask.png,thickening,1,6698
synthetic_form_00624,b06-000,data\synthetic_form_anomalies\images\synthetic_form_00624.png,data\synthetic_form_anomalies\masks\synthetic_form_00624_mask.png,dropout,1,3107
synthetic_form_00625,g01-022,data\synthetic_form_anomalies\images\synthetic_form_00625.png,data\synthetic_form_anomalies\masks\synthetic_form_00625_mask.png,thinning,1,3439
synthetic_form_00626,m06-076,data\synthetic_form_anomalies\images\synthetic_form_00626.png,data\synthetic_form_anomalies\masks\synthetic_form_00626_mask.png,blur,1,9017
synthetic_form_00627,n06-182,data\synthetic_form_anomalies\images\synthetic_form_00627.png,data\synthetic_form_anomalies\masks\synthetic_form_00627_mask.png,thinning,1,14675
synthetic_form_00628,r06-090,data\synthetic_form_anomalies\images\synthetic_form_00628.png,data\synthetic_form_anomalies\masks\synthetic_form_00628_mask.png,thinning,1,6501
synthetic_form_00629,g06-011o,data\synthetic_form_anomalies\images\synthetic_form_00629.png,data\synthetic_form_anomalies\masks\synthetic_form_00629_mask.png,thickening,1,14836
synthetic_form_00630,a01-038x,data\synthetic_form_anomalies\images\synthetic_form_00630.png,data\synthetic_form_anomalies\masks\synthetic_form_00630_mask.png,dropout,1,4359
synthetic_form_00631,l01-007,data\synthetic_form_anomalies\images\synthetic_form_00631.png,data\synthetic_form_anomalies\masks\synthetic_form_00631_mask.png,thinning,1,9236
synthetic_form_00632,a05-017,data\synthetic_form_anomalies\images\synthetic_form_00632.png,data\synthetic_form_anomalies\masks\synthetic_form_00632_mask.png,thickening,1,5576
synthetic_form_00633,c06-095,data\synthetic_form_anomalies\images\synthetic_form_00633.png,data\synthetic_form_anomalies\masks\synthetic_form_00633_mask.png,blur,1,7624
synthetic_form_00634,m04-030,data\synthetic_form_anomalies\images\synthetic_form_00634.png,data\synthetic_form_anomalies\masks\synthetic_form_00634_mask.png,dropout,1,10310
synthetic_form_00635,p02-131,data\synthetic_form_anomalies\images\synthetic_form_00635.png,data\synthetic_form_anomalies\masks\synthetic_form_00635_mask.png,thinning,1,1428
synthetic_form_00636,a05-121,data\synthetic_form_anomalies\images\synthetic_form_00636.png,data\synthetic_form_anomalies\masks\synthetic_form_00636_mask.png,thinning,1,7259
synthetic_form_00637,k02-023,data\synthetic_form_anomalies\images\synthetic_form_00637.png,data\synthetic_form_anomalies\masks\synthetic_form_00637_mask.png,thickening,1,18141
synthetic_form_00638,p02-090,data\synthetic_form_anomalies\images\synthetic_form_00638.png,data\synthetic_form_anomalies\masks\synthetic_form_00638_mask.png,thickening,1,5002
synthetic_form_00639,a06-014,data\synthetic_form_anomalies\images\synthetic_form_00639.png,data\synthetic_form_anomalies\masks\synthetic_form_00639_mask.png,thickening,1,3672
synthetic_form_00640,n03-103,data\synthetic_form_anomalies\images\synthetic_form_00640.png,data\synthetic_form_anomalies\masks\synthetic_form_00640_mask.png,thickening,1,7031
synthetic_form_00641,p03-033,data\synthetic_form_anomalies\images\synthetic_form_00641.png,data\synthetic_form_anomalies\masks\synthetic_form_00641_mask.png,thinning,1,10525
synthetic_form_00642,f07-096,data\synthetic_form_anomalies\images\synthetic_form_00642.png,data\synthetic_form_anomalies\masks\synthetic_form_00642_mask.png,thinning,1,6664
synthetic_form_00643,b04-140,data\synthetic_form_anomalies\images\synthetic_form_00643.png,data\synthetic_form_anomalies\masks\synthetic_form_00643_mask.png,thickening,1,5625
synthetic_form_00644,g06-045b,data\synthetic_form_anomalies\images\synthetic_form_00644.png,data\synthetic_form_anomalies\masks\synthetic_form_00644_mask.png,blur,1,8006
synthetic_form_00645,p03-103,data\synthetic_form_anomalies\images\synthetic_form_00645.png,data\synthetic_form_anomalies\masks\synthetic_form_00645_mask.png,blur,1,16225
synthetic_form_00646,a03-063,data\synthetic_form_anomalies\images\synthetic_form_00646.png,data\synthetic_form_anomalies\masks\synthetic_form_00646_mask.png,thinning,1,13790
synthetic_form_00647,c02-017,data\synthetic_form_anomalies\images\synthetic_form_00647.png,data\synthetic_form_anomalies\masks\synthetic_form_00647_mask.png,thickening,1,5390
synthetic_form_00648,r06-011,data\synthetic_form_anomalies\images\synthetic_form_00648.png,data\synthetic_form_anomalies\masks\synthetic_form_00648_mask.png,thickening,1,1969
synthetic_form_00649,a02-120,data\synthetic_form_anomalies\images\synthetic_form_00649.png,data\synthetic_form_anomalies\masks\synthetic_form_00649_mask.png,thinning,1,4875
synthetic_form_00650,a02-024,data\synthetic_form_anomalies\images\synthetic_form_00650.png,data\synthetic_form_anomalies\masks\synthetic_form_00650_mask.png,thinning,1,5578
synthetic_form_00651,d06-050,data\synthetic_form_anomalies\images\synthetic_form_00651.png,data\synthetic_form_anomalies\masks\synthetic_form_00651_mask.png,blur,1,6092
synthetic_form_00652,a05-069,data\synthetic_form_anomalies\images\synthetic_form_00652.png,data\synthetic_form_anomalies\masks\synthetic_form_00652_mask.png,thickening,1,2030
synthetic_form_00653,d01-085,data\synthetic_form_anomalies\images\synthetic_form_00653.png,data\synthetic_form_anomalies\masks\synthetic_form_00653_mask.png,dropout,1,5807
synthetic_form_00654,a04-092,data\synthetic_form_anomalies\images\synthetic_form_00654.png,data\synthetic_form_anomalies\masks\synthetic_form_00654_mask.png,blur,1,3169
synthetic_form_00655,f04-083,data\synthetic_form_anomalies\images\synthetic_form_00655.png,data\synthetic_form_anomalies\masks\synthetic_form_00655_mask.png,thickening,1,23654
synthetic_form_00656,c04-098,data\synthetic_form_anomalies\images\synthetic_form_00656.png,data\synthetic_form_anomalies\masks\synthetic_form_00656_mask.png,thinning,1,14484
synthetic_form_00657,g04-032,data\synthetic_form_anomalies\images\synthetic_form_00657.png,data\synthetic_form_anomalies\masks\synthetic_form_00657_mask.png,thinning,1,7621
synthetic_form_00658,a01-014x,data\synthetic_form_anomalies\images\synthetic_form_00658.png,data\synthetic_form_anomalies\masks\synthetic_form_00658_mask.png,blur,1,2882
synthetic_form_00659,m04-152,data\synthetic_form_anomalies\images\synthetic_form_00659.png,data\synthetic_form_anomalies\masks\synthetic_form_00659_mask.png,thickening,1,1885
synthetic_form_00660,g04-098,data\synthetic_form_anomalies\images\synthetic_form_00660.png,data\synthetic_form_anomalies\masks\synthetic_form_00660_mask.png,thickening,1,3172
synthetic_form_00661,j06-022,data\synthetic_form_anomalies\images\synthetic_form_00661.png,data\synthetic_form_anomalies\masks\synthetic_form_00661_mask.png,thickening,1,8726
synthetic_form_00662,p03-096,data\synthetic_form_anomalies\images\synthetic_form_00662.png,data\synthetic_form_anomalies\masks\synthetic_form_00662_mask.png,thinning,1,3169
synthetic_form_00663,p02-121,data\synthetic_form_anomalies\images\synthetic_form_00663.png,data\synthetic_form_anomalies\masks\synthetic_form_00663_mask.png,thickening,1,4930
synthetic_form_00664,b05-042,data\synthetic_form_anomalies\images\synthetic_form_00664.png,data\synthetic_form_anomalies\masks\synthetic_form_00664_mask.png,thickening,1,8813
synthetic_form_00665,k07-185,data\synthetic_form_anomalies\images\synthetic_form_00665.png,data\synthetic_form_anomalies\masks\synthetic_form_00665_mask.png,thinning,1,9910
synthetic_form_00666,e01-025,data\synthetic_form_anomalies\images\synthetic_form_00666.png,data\synthetic_form_anomalies\masks\synthetic_form_00666_mask.png,blur,1,11127
synthetic_form_00667,f04-011,data\synthetic_form_anomalies\images\synthetic_form_00667.png,data\synthetic_form_anomalies\masks\synthetic_form_00667_mask.png,thickening,1,3861
synthetic_form_00668,b05-062,data\synthetic_form_anomalies\images\synthetic_form_00668.png,data\synthetic_form_anomalies\masks\synthetic_form_00668_mask.png,thickening,1,2953
synthetic_form_00669,g06-050i,data\synthetic_form_anomalies\images\synthetic_form_00669.png,data\synthetic_form_anomalies\masks\synthetic_form_00669_mask.png,thickening,1,4629
synthetic_form_00670,g02-059,data\synthetic_form_anomalies\images\synthetic_form_00670.png,data\synthetic_form_anomalies\masks\synthetic_form_00670_mask.png,dropout,1,6805
synthetic_form_00671,e01-081,data\synthetic_form_anomalies\images\synthetic_form_00671.png,data\synthetic_form_anomalies\masks\synthetic_form_00671_mask.png,blur,1,5821
synthetic_form_00672,p03-004,data\synthetic_form_anomalies\images\synthetic_form_00672.png,data\synthetic_form_anomalies\masks\synthetic_form_00672_mask.png,thinning,1,3967
synthetic_form_00673,b06-068,data\synthetic_form_anomalies\images\synthetic_form_00673.png,data\synthetic_form_anomalies\masks\synthetic_form_00673_mask.png,blur,1,22880
synthetic_form_00674,g06-026b,data\synthetic_form_anomalies\images\synthetic_form_00674.png,data\synthetic_form_anomalies\masks\synthetic_form_00674_mask.png,blur,1,1444
synthetic_form_00675,c03-016e,data\synthetic_form_anomalies\images\synthetic_form_00675.png,data\synthetic_form_anomalies\masks\synthetic_form_00675_mask.png,thinning,1,15197
synthetic_form_00676,g07-022a,data\synthetic_form_anomalies\images\synthetic_form_00676.png,data\synthetic_form_anomalies\masks\synthetic_form_00676_mask.png,thickening,1,18938
synthetic_form_00677,a04-027,data\synthetic_form_anomalies\images\synthetic_form_00677.png,data\synthetic_form_anomalies\masks\synthetic_form_00677_mask.png,thinning,1,7948
synthetic_form_00678,g06-026k,data\synthetic_form_anomalies\images\synthetic_form_00678.png,data\synthetic_form_anomalies\masks\synthetic_form_00678_mask.png,blur,1,6108
synthetic_form_00679,a05-039,data\synthetic_form_anomalies\images\synthetic_form_00679.png,data\synthetic_form_anomalies\masks\synthetic_form_00679_mask.png,dropout,1,6432
synthetic_form_00680,b04-169,data\synthetic_form_anomalies\images\synthetic_form_00680.png,data\synthetic_form_anomalies\masks\synthetic_form_00680_mask.png,thickening,1,19697
synthetic_form_00681,g07-014b,data\synthetic_form_anomalies\images\synthetic_form_00681.png,data\synthetic_form_anomalies\masks\synthetic_form_00681_mask.png,dropout,1,10301
synthetic_form_00682,r02-006,data\synthetic_form_anomalies\images\synthetic_form_00682.png,data\synthetic_form_anomalies\masks\synthetic_form_00682_mask.png,dropout,1,3664
synthetic_form_00683,n06-074,data\synthetic_form_anomalies\images\synthetic_form_00683.png,data\synthetic_form_anomalies\masks\synthetic_form_00683_mask.png,thinning,1,2264
synthetic_form_00684,e04-008,data\synthetic_form_anomalies\images\synthetic_form_00684.png,data\synthetic_form_anomalies\masks\synthetic_form_00684_mask.png,thickening,1,4834
synthetic_form_00685,m02-095,data\synthetic_form_anomalies\images\synthetic_form_00685.png,data\synthetic_form_anomalies\masks\synthetic_form_00685_mask.png,dropout,1,4553
synthetic_form_00686,g06-031r,data\synthetic_form_anomalies\images\synthetic_form_00686.png,data\synthetic_form_anomalies\masks\synthetic_form_00686_mask.png,thickening,1,8022
synthetic_form_00687,e04-043,data\synthetic_form_anomalies\images\synthetic_form_00687.png,data\synthetic_form_anomalies\masks\synthetic_form_00687_mask.png,thinning,1,4929
synthetic_form_00688,m04-072,data\synthetic_form_anomalies\images\synthetic_form_00688.png,data\synthetic_form_anomalies\masks\synthetic_form_00688_mask.png,dropout,1,4992
synthetic_form_00689,p03-121,data\synthetic_form_anomalies\images\synthetic_form_00689.png,data\synthetic_form_anomalies\masks\synthetic_form_00689_mask.png,dropout,1,8962
synthetic_form_00690,f07-084a,data\synthetic_form_anomalies\images\synthetic_form_00690.png,data\synthetic_form_anomalies\masks\synthetic_form_00690_mask.png,dropout,1,5387
synthetic_form_00691,e02-025,data\synthetic_form_anomalies\images\synthetic_form_00691.png,data\synthetic_form_anomalies\masks\synthetic_form_00691_mask.png,thinning,1,6418
synthetic_form_00692,e04-062,data\synthetic_form_anomalies\images\synthetic_form_00692.png,data\synthetic_form_anomalies\masks\synthetic_form_00692_mask.png,blur,1,28590
synthetic_form_00693,l04-066,data\synthetic_form_anomalies\images\synthetic_form_00693.png,data\synthetic_form_anomalies\masks\synthetic_form_00693_mask.png,thinning,1,6015
synthetic_form_00694,e01-102,data\synthetic_form_anomalies\images\synthetic_form_00694.png,data\synthetic_form_anomalies\masks\synthetic_form_00694_mask.png,thinning,1,4592
synthetic_form_00695,g01-043,data\synthetic_form_anomalies\images\synthetic_form_00695.png,data\synthetic_form_anomalies\masks\synthetic_form_00695_mask.png,blur,1,1677
synthetic_form_00696,r03-096,data\synthetic_form_anomalies\images\synthetic_form_00696.png,data\synthetic_form_anomalies\masks\synthetic_form_00696_mask.png,thickening,1,9784
synthetic_form_00697,p02-115,data\synthetic_form_anomalies\images\synthetic_form_00697.png,data\synthetic_form_anomalies\masks\synthetic_form_00697_mask.png,thinning,1,9878
synthetic_form_00698,h06-085,data\synthetic_form_anomalies\images\synthetic_form_00698.png,data\synthetic_form_anomalies\masks\synthetic_form_00698_mask.png,dropout,1,2262
synthetic_form_00699,a02-046,data\synthetic_form_anomalies\images\synthetic_form_00699.png,data\synthetic_form_anomalies\masks\synthetic_form_00699_mask.png,thinning,1,5686
synthetic_form_00700,j04-111,data\synthetic_form_anomalies\images\synthetic_form_00700.png,data\synthetic_form_anomalies\masks\synthetic_form_00700_mask.png,thinning,1,1651
synthetic_form_00701,f07-046a,data\synthetic_form_anomalies\images\synthetic_form_00701.png,data\synthetic_form_anomalies\masks\synthetic_form_00701_mask.png,thickening,1,17435
synthetic_form_00702,b06-064,data\synthetic_form_anomalies\images\synthetic_form_00702.png,data\synthetic_form_anomalies\masks\synthetic_form_00702_mask.png,thickening,1,3316
synthetic_form_00703,g04-003,data\synthetic_form_anomalies\images\synthetic_form_00703.png,data\synthetic_form_anomalies\masks\synthetic_form_00703_mask.png,thickening,1,11681
synthetic_form_00704,e07-098,data\synthetic_form_anomalies\images\synthetic_form_00704.png,data\synthetic_form_anomalies\masks\synthetic_form_00704_mask.png,dropout,1,4709
synthetic_form_00705,m04-222,data\synthetic_form_anomalies\images\synthetic_form_00705.png,data\synthetic_form_anomalies\masks\synthetic_form_00705_mask.png,thinning,1,5351
synthetic_form_00706,d01-085,data\synthetic_form_anomalies\images\synthetic_form_00706.png,data\synthetic_form_anomalies\masks\synthetic_form_00706_mask.png,dropout,1,7449
synthetic_form_00707,f01-081,data\synthetic_form_anomalies\images\synthetic_form_00707.png,data\synthetic_form_anomalies\masks\synthetic_form_00707_mask.png,thinning,1,8792
synthetic_form_00708,r02-081,data\synthetic_form_anomalies\images\synthetic_form_00708.png,data\synthetic_form_anomalies\masks\synthetic_form_00708_mask.png,dropout,1,12518
synthetic_form_00709,k07-185,data\synthetic_form_anomalies\images\synthetic_form_00709.png,data\synthetic_form_anomalies\masks\synthetic_form_00709_mask.png,blur,1,10250
synthetic_form_00710,m01-131,data\synthetic_form_anomalies\images\synthetic_form_00710.png,data\synthetic_form_anomalies\masks\synthetic_form_00710_mask.png,thickening,1,20923
synthetic_form_00711,b06-008,data\synthetic_form_anomalies\images\synthetic_form_00711.png,data\synthetic_form_anomalies\masks\synthetic_form_00711_mask.png,thinning,1,6399
synthetic_form_00712,f04-024,data\synthetic_form_anomalies\images\synthetic_form_00712.png,data\synthetic_form_anomalies\masks\synthetic_form_00712_mask.png,blur,1,12624
synthetic_form_00713,g06-050c,data\synthetic_form_anomalies\images\synthetic_form_00713.png,data\synthetic_form_anomalies\masks\synthetic_form_00713_mask.png,thinning,1,5708
synthetic_form_00714,g01-016,data\synthetic_form_anomalies\images\synthetic_form_00714.png,data\synthetic_form_anomalies\masks\synthetic_form_00714_mask.png,thickening,1,8526
synthetic_form_00715,g06-011o,data\synthetic_form_anomalies\images\synthetic_form_00715.png,data\synthetic_form_anomalies\masks\synthetic_form_00715_mask.png,thinning,1,12226
synthetic_form_00716,h06-089,data\synthetic_form_anomalies\images\synthetic_form_00716.png,data\synthetic_form_anomalies\masks\synthetic_form_00716_mask.png,dropout,1,6371
synthetic_form_00717,b01-033,data\synthetic_form_anomalies\images\synthetic_form_00717.png,data\synthetic_form_anomalies\masks\synthetic_form_00717_mask.png,thinning,1,18620
synthetic_form_00718,g06-050m,data\synthetic_form_anomalies\images\synthetic_form_00718.png,data\synthetic_form_anomalies\masks\synthetic_form_00718_mask.png,blur,1,14975
synthetic_form_00719,a01-072u,data\synthetic_form_anomalies\images\synthetic_form_00719.png,data\synthetic_form_anomalies\masks\synthetic_form_00719_mask.png,thickening,1,3094
synthetic_form_00720,c03-007c,data\synthetic_form_anomalies\images\synthetic_form_00720.png,data\synthetic_form_anomalies\masks\synthetic_form_00720_mask.png,thickening,1,3278
synthetic_form_00721,l04-179,data\synthetic_form_anomalies\images\synthetic_form_00721.png,data\synthetic_form_anomalies\masks\synthetic_form_00721_mask.png,dropout,1,3214
synthetic_form_00722,n02-028,data\synthetic_form_anomalies\images\synthetic_form_00722.png,data\synthetic_form_anomalies\masks\synthetic_form_00722_mask.png,thinning,1,9930
synthetic_form_00723,b01-033,data\synthetic_form_anomalies\images\synthetic_form_00723.png,data\synthetic_form_anomalies\masks\synthetic_form_00723_mask.png,dropout,1,4026
synthetic_form_00724,p02-069,data\synthetic_form_anomalies\images\synthetic_form_00724.png,data\synthetic_form_anomalies\masks\synthetic_form_00724_mask.png,blur,1,13692
synthetic_form_00725,n02-127,data\synthetic_form_anomalies\images\synthetic_form_00725.png,data\synthetic_form_anomalies\masks\synthetic_form_00725_mask.png,thickening,1,5016
synthetic_form_00726,g06-018l,data\synthetic_form_anomalies\images\synthetic_form_00726.png,data\synthetic_form_anomalies\masks\synthetic_form_00726_mask.png,thinning,1,6281
synthetic_form_00727,g03-004,data\synthetic_form_anomalies\images\synthetic_form_00727.png,data\synthetic_form_anomalies\masks\synthetic_form_00727_mask.png,blur,1,4851
synthetic_form_00728,n02-154,data\synthetic_form_anomalies\images\synthetic_form_00728.png,data\synthetic_form_anomalies\masks\synthetic_form_00728_mask.png,thinning,1,129
synthetic_form_00729,a01-102u,data\synthetic_form_anomalies\images\synthetic_form_00729.png,data\synthetic_form_anomalies\masks\synthetic_form_00729_mask.png,thickening,1,8727
synthetic_form_00730,b03-109,data\synthetic_form_anomalies\images\synthetic_form_00730.png,data\synthetic_form_anomalies\masks\synthetic_form_00730_mask.png,dropout,1,7434
synthetic_form_00731,h04-078,data\synthetic_form_anomalies\images\synthetic_form_00731.png,data\synthetic_form_anomalies\masks\synthetic_form_00731_mask.png,dropout,1,3522
synthetic_form_00732,c03-087d,data\synthetic_form_anomalies\images\synthetic_form_00732.png,data\synthetic_form_anomalies\masks\synthetic_form_00732_mask.png,thinning,1,6175
synthetic_form_00733,a02-106,data\synthetic_form_anomalies\images\synthetic_form_00733.png,data\synthetic_form_anomalies\masks\synthetic_form_00733_mask.png,blur,1,3755
synthetic_form_00734,d03-117,data\synthetic_form_anomalies\images\synthetic_form_00734.png,data\synthetic_form_anomalies\masks\synthetic_form_00734_mask.png,thinning,1,6848
synthetic_form_00735,a06-008,data\synthetic_form_anomalies\images\synthetic_form_00735.png,data\synthetic_form_anomalies\masks\synthetic_form_00735_mask.png,dropout,1,9375
synthetic_form_00736,l04-130,data\synthetic_form_anomalies\images\synthetic_form_00736.png,data\synthetic_form_anomalies\masks\synthetic_form_00736_mask.png,dropout,1,12171
synthetic_form_00737,j04-061,data\synthetic_form_anomalies\images\synthetic_form_00737.png,data\synthetic_form_anomalies\masks\synthetic_form_00737_mask.png,thinning,1,5869
synthetic_form_00738,e07-076,data\synthetic_form_anomalies\images\synthetic_form_00738.png,data\synthetic_form_anomalies\masks\synthetic_form_00738_mask.png,thinning,1,9638
synthetic_form_00739,g06-050h,data\synthetic_form_anomalies\images\synthetic_form_00739.png,data\synthetic_form_anomalies\masks\synthetic_form_00739_mask.png,thinning,1,10558
synthetic_form_00740,a02-090,data\synthetic_form_anomalies\images\synthetic_form_00740.png,data\synthetic_form_anomalies\masks\synthetic_form_00740_mask.png,thinning,1,2522
synthetic_form_00741,l07-065,data\synthetic_form_anomalies\images\synthetic_form_00741.png,data\synthetic_form_anomalies\masks\synthetic_form_00741_mask.png,thickening,1,7067
synthetic_form_00742,k04-110,data\synthetic_form_anomalies\images\synthetic_form_00742.png,data\synthetic_form_anomalies\masks\synthetic_form_00742_mask.png,blur,1,3623
synthetic_form_00743,j04-019,data\synthetic_form_anomalies\images\synthetic_form_00743.png,data\synthetic_form_anomalies\masks\synthetic_form_00743_mask.png,dropout,1,4371
synthetic_form_00744,b02-105,data\synthetic_form_anomalies\images\synthetic_form_00744.png,data\synthetic_form_anomalies\masks\synthetic_form_00744_mask.png,thickening,1,2310
synthetic_form_00745,k07-085,data\synthetic_form_anomalies\images\synthetic_form_00745.png,data\synthetic_form_anomalies\masks\synthetic_form_00745_mask.png,blur,1,24242
synthetic_form_00746,g06-031o,data\synthetic_form_anomalies\images\synthetic_form_00746.png,data\synthetic_form_anomalies\masks\synthetic_form_00746_mask.png,dropout,1,10624
synthetic_form_00747,a02-042,data\synthetic_form_anomalies\images\synthetic_form_00747.png,data\synthetic_form_anomalies\masks\synthetic_form_00747_mask.png,thinning,1,14768
synthetic_form_00748,a02-053,data\synthetic_form_anomalies\images\synthetic_form_00748.png,data\synthetic_form_anomalies\masks\synthetic_form_00748_mask.png,thickening,1,3560
synthetic_form_00749,h01-027,data\synthetic_form_anomalies\images\synthetic_form_00749.png,data\synthetic_form_anomalies\masks\synthetic_form_00749_mask.png,blur,1,4507
synthetic_form_00750,e07-105,data\synthetic_form_anomalies\images\synthetic_form_00750.png,data\synthetic_form_anomalies\masks\synthetic_form_00750_mask.png,thickening,1,8885
synthetic_form_00751,b05-050,data\synthetic_form_anomalies\images\synthetic_form_00751.png,data\synthetic_form_anomalies\masks\synthetic_form_00751_mask.png,blur,1,5251
synthetic_form_00752,e02-018,data\synthetic_form_anomalies\images\synthetic_form_00752.png,data\synthetic_form_anomalies\masks\synthetic_form_00752_mask.png,thickening,1,7670
synthetic_form_00753,g06-047j,data\synthetic_form_anomalies\images\synthetic_form_00753.png,data\synthetic_form_anomalies\masks\synthetic_form_00753_mask.png,dropout,1,9415
synthetic_form_00754,j01-059,data\synthetic_form_anomalies\images\synthetic_form_00754.png,data\synthetic_form_anomalies\masks\synthetic_form_00754_mask.png,thinning,1,3837
synthetic_form_00755,f02-020,data\synthetic_form_anomalies\images\synthetic_form_00755.png,data\synthetic_form_anomalies\masks\synthetic_form_00755_mask.png,thinning,1,7286
synthetic_form_00756,c03-016d,data\synthetic_form_anomalies\images\synthetic_form_00756.png,data\synthetic_form_anomalies\masks\synthetic_form_00756_mask.png,thickening,1,9224
synthetic_form_00757,a02-004,data\synthetic_form_anomalies\images\synthetic_form_00757.png,data\synthetic_form_anomalies\masks\synthetic_form_00757_mask.png,thinning,1,2066
synthetic_form_00758,g04-032,data\synthetic_form_anomalies\images\synthetic_form_00758.png,data\synthetic_form_anomalies\masks\synthetic_form_00758_mask.png,thickening,1,5948
synthetic_form_00759,a01-128u,data\synthetic_form_anomalies\images\synthetic_form_00759.png,data\synthetic_form_anomalies\masks\synthetic_form_00759_mask.png,dropout,1,4526
synthetic_form_00760,c03-081a,data\synthetic_form_anomalies\images\synthetic_form_00760.png,data\synthetic_form_anomalies\masks\synthetic_form_00760_mask.png,blur,1,11227
synthetic_form_00761,f07-084b,data\synthetic_form_anomalies\images\synthetic_form_00761.png,data\synthetic_form_anomalies\masks\synthetic_form_00761_mask.png,thickening,1,17848
synthetic_form_00762,a01-113u,data\synthetic_form_anomalies\images\synthetic_form_00762.png,data\synthetic_form_anomalies\masks\synthetic_form_00762_mask.png,thinning,1,2250
synthetic_form_00763,n01-000,data\synthetic_form_anomalies\images\synthetic_form_00763.png,data\synthetic_form_anomalies\masks\synthetic_form_00763_mask.png,blur,1,15565
synthetic_form_00764,n02-000,data\synthetic_form_anomalies\images\synthetic_form_00764.png,data\synthetic_form_anomalies\masks\synthetic_form_00764_mask.png,thickening,1,3551
synthetic_form_00765,b05-017,data\synthetic_form_anomalies\images\synthetic_form_00765.png,data\synthetic_form_anomalies\masks\synthetic_form_00765_mask.png,thickening,1,6853
synthetic_form_00766,d06-086,data\synthetic_form_anomalies\images\synthetic_form_00766.png,data\synthetic_form_anomalies\masks\synthetic_form_00766_mask.png,blur,1,17403
synthetic_form_00767,g06-042g,data\synthetic_form_anomalies\images\synthetic_form_00767.png,data\synthetic_form_anomalies\masks\synthetic_form_00767_mask.png,dropout,1,5546
synthetic_form_00768,d06-086,data\synthetic_form_anomalies\images\synthetic_form_00768.png,data\synthetic_form_anomalies\masks\synthetic_form_00768_mask.png,dropout,1,6364
synthetic_form_00769,l04-071,data\synthetic_form_anomalies\images\synthetic_form_00769.png,data\synthetic_form_anomalies\masks\synthetic_form_00769_mask.png,blur,1,6730
synthetic_form_00770,k07-063a,data\synthetic_form_anomalies\images\synthetic_form_00770.png,data\synthetic_form_anomalies\masks\synthetic_form_00770_mask.png,blur,1,9573
synthetic_form_00771,e07-072,data\synthetic_form_anomalies\images\synthetic_form_00771.png,data\synthetic_form_anomalies\masks\synthetic_form_00771_mask.png,blur,1,11266
synthetic_form_00772,e04-019,data\synthetic_form_anomalies\images\synthetic_form_00772.png,data\synthetic_form_anomalies\masks\synthetic_form_00772_mask.png,blur,1,3162
synthetic_form_00773,n02-049,data\synthetic_form_anomalies\images\synthetic_form_00773.png,data\synthetic_form_anomalies\masks\synthetic_form_00773_mask.png,thinning,1,6687
synthetic_form_00774,j01-066,data\synthetic_form_anomalies\images\synthetic_form_00774.png,data\synthetic_form_anomalies\masks\synthetic_form_00774_mask.png,dropout,1,6026
synthetic_form_00775,n02-127,data\synthetic_form_anomalies\images\synthetic_form_00775.png,data\synthetic_form_anomalies\masks\synthetic_form_00775_mask.png,thickening,1,6281
synthetic_form_00776,h07-020,data\synthetic_form_anomalies\images\synthetic_form_00776.png,data\synthetic_form_anomalies\masks\synthetic_form_00776_mask.png,dropout,1,4688
synthetic_form_00777,g06-018c,data\synthetic_form_anomalies\images\synthetic_form_00777.png,data\synthetic_form_anomalies\masks\synthetic_form_00777_mask.png,thinning,1,19613
synthetic_form_00778,r02-054,data\synthetic_form_anomalies\images\synthetic_form_00778.png,data\synthetic_form_anomalies\masks\synthetic_form_00778_mask.png,dropout,1,9611
synthetic_form_00779,n04-044,data\synthetic_form_anomalies\images\synthetic_form_00779.png,data\synthetic_form_anomalies\masks\synthetic_form_00779_mask.png,thinning,1,4569
synthetic_form_00780,e06-046,data\synthetic_form_anomalies\images\synthetic_form_00780.png,data\synthetic_form_anomalies\masks\synthetic_form_00780_mask.png,blur,1,9667
synthetic_form_00781,r02-013,data\synthetic_form_anomalies\images\synthetic_form_00781.png,data\synthetic_form_anomalies\masks\synthetic_form_00781_mask.png,blur,1,10704
synthetic_form_00782,n02-037,data\synthetic_form_anomalies\images\synthetic_form_00782.png,data\synthetic_form_anomalies\masks\synthetic_form_00782_mask.png,thinning,1,9202
synthetic_form_00783,g06-042a,data\synthetic_form_anomalies\images\synthetic_form_00783.png,data\synthetic_form_anomalies\masks\synthetic_form_00783_mask.png,blur,1,2713
synthetic_form_00784,g07-026b,data\synthetic_form_anomalies\images\synthetic_form_00784.png,data\synthetic_form_anomalies\masks\synthetic_form_00784_mask.png,thickening,1,10693
synthetic_form_00785,c04-023,data\synthetic_form_anomalies\images\synthetic_form_00785.png,data\synthetic_form_anomalies\masks\synthetic_form_00785_mask.png,blur,1,2713
synthetic_form_00786,g06-037c,data\synthetic_form_anomalies\images\synthetic_form_00786.png,data\synthetic_form_anomalies\masks\synthetic_form_00786_mask.png,thinning,1,11074
synthetic_form_00787,f07-076a,data\synthetic_form_anomalies\images\synthetic_form_00787.png,data\synthetic_form_anomalies\masks\synthetic_form_00787_mask.png,thinning,1,5417
synthetic_form_00788,p03-163,data\synthetic_form_anomalies\images\synthetic_form_00788.png,data\synthetic_form_anomalies\masks\synthetic_form_00788_mask.png,dropout,1,9619
synthetic_form_00789,f07-016,data\synthetic_form_anomalies\images\synthetic_form_00789.png,data\synthetic_form_anomalies\masks\synthetic_form_00789_mask.png,thickening,1,1530
synthetic_form_00790,g06-050n,data\synthetic_form_anomalies\images\synthetic_form_00790.png,data\synthetic_form_anomalies\masks\synthetic_form_00790_mask.png,thinning,1,2728
synthetic_form_00791,a06-039,data\synthetic_form_anomalies\images\synthetic_form_00791.png,data\synthetic_form_anomalies\masks\synthetic_form_00791_mask.png,dropout,1,30110
synthetic_form_00792,g06-026r,data\synthetic_form_anomalies\images\synthetic_form_00792.png,data\synthetic_form_anomalies\masks\synthetic_form_00792_mask.png,thickening,1,4503
synthetic_form_00793,j07-009,data\synthetic_form_anomalies\images\synthetic_form_00793.png,data\synthetic_form_anomalies\masks\synthetic_form_00793_mask.png,thickening,1,5168
synthetic_form_00794,j06-030,data\synthetic_form_anomalies\images\synthetic_form_00794.png,data\synthetic_form_anomalies\masks\synthetic_form_00794_mask.png,thinning,1,588
synthetic_form_00795,p01-168,data\synthetic_form_anomalies\images\synthetic_form_00795.png,data\synthetic_form_anomalies\masks\synthetic_form_00795_mask.png,thickening,1,2217
synthetic_form_00796,h07-040,data\synthetic_form_anomalies\images\synthetic_form_00796.png,data\synthetic_form_anomalies\masks\synthetic_form_00796_mask.png,thickening,1,2006
synthetic_form_00797,e06-021,data\synthetic_form_anomalies\images\synthetic_form_00797.png,data\synthetic_form_anomalies\masks\synthetic_form_00797_mask.png,blur,1,8937
synthetic_form_00798,g06-045k,data\synthetic_form_anomalies\images\synthetic_form_00798.png,data\synthetic_form_anomalies\masks\synthetic_form_00798_mask.png,blur,1,5750
synthetic_form_00799,h05-012,data\synthetic_form_anomalies\images\synthetic_form_00799.png,data\synthetic_form_anomalies\masks\synthetic_form_00799_mask.png,thinning,1,4908
synthetic_form_00800,a01-063x,data\synthetic_form_anomalies\images\synthetic_form_00800.png,data\synthetic_form_anomalies\masks\synthetic_form_00800_mask.png,thinning,1,4487
synthetic_form_00801,l04-130,data\synthetic_form_anomalies\images\synthetic_form_00801.png,data\synthetic_form_anomalies\masks\synthetic_form_00801_mask.png,blur,1,1715
synthetic_form_00802,p03-087,data\synthetic_form_anomalies\images\synthetic_form_00802.png,data\synthetic_form_anomalies\masks\synthetic_form_00802_mask.png,dropout,1,6578
synthetic_form_00803,m04-238,data\synthetic_form_anomalies\images\synthetic_form_00803.png,data\synthetic_form_anomalies\masks\synthetic_form_00803_mask.png,thickening,1,20221
synthetic_form_00804,a03-011,data\synthetic_form_anomalies\images\synthetic_form_00804.png,data\synthetic_form_anomalies\masks\synthetic_form_00804_mask.png,thickening,1,1129
synthetic_form_00805,b03-114,data\synthetic_form_anomalies\images\synthetic_form_00805.png,data\synthetic_form_anomalies\masks\synthetic_form_00805_mask.png,thickening,1,7873
synthetic_form_00806,d06-091,data\synthetic_form_anomalies\images\synthetic_form_00806.png,data\synthetic_form_anomalies\masks\synthetic_form_00806_mask.png,thinning,1,5514
synthetic_form_00807,e07-090,data\synthetic_form_anomalies\images\synthetic_form_00807.png,data\synthetic_form_anomalies\masks\synthetic_form_00807_mask.png,blur,1,5070
synthetic_form_00808,m03-020,data\synthetic_form_anomalies\images\synthetic_form_00808.png,data\synthetic_form_anomalies\masks\synthetic_form_00808_mask.png,dropout,1,2887
synthetic_form_00809,b01-073,data\synthetic_form_anomalies\images\synthetic_form_00809.png,data\synthetic_form_anomalies\masks\synthetic_form_00809_mask.png,thickening,1,6590
synthetic_form_00810,b03-092,data\synthetic_form_anomalies\images\synthetic_form_00810.png,data\synthetic_form_anomalies\masks\synthetic_form_00810_mask.png,thinning,1,3201
synthetic_form_00811,e01-050,data\synthetic_form_anomalies\images\synthetic_form_00811.png,data\synthetic_form_anomalies\masks\synthetic_form_00811_mask.png,dropout,1,2500
synthetic_form_00812,e06-070,data\synthetic_form_anomalies\images\synthetic_form_00812.png,data\synthetic_form_anomalies\masks\synthetic_form_00812_mask.png,dropout,1,7030
synthetic_form_00813,c06-005,data\synthetic_form_anomalies\images\synthetic_form_00813.png,data\synthetic_form_anomalies\masks\synthetic_form_00813_mask.png,thickening,1,3058
synthetic_form_00814,n04-044,data\synthetic_form_anomalies\images\synthetic_form_00814.png,data\synthetic_form_anomalies\masks\synthetic_form_00814_mask.png,dropout,1,11249
synthetic_form_00815,b06-075(1),data\synthetic_form_anomalies\images\synthetic_form_00815.png,data\synthetic_form_anomalies\masks\synthetic_form_00815_mask.png,thickening,1,32346
synthetic_form_00816,r02-000,data\synthetic_form_anomalies\images\synthetic_form_00816.png,data\synthetic_form_anomalies\masks\synthetic_form_00816_mask.png,dropout,1,9358
synthetic_form_00817,e07-003,data\synthetic_form_anomalies\images\synthetic_form_00817.png,data\synthetic_form_anomalies\masks\synthetic_form_00817_mask.png,thickening,1,4008
synthetic_form_00818,a02-057,data\synthetic_form_anomalies\images\synthetic_form_00818.png,data\synthetic_form_anomalies\masks\synthetic_form_00818_mask.png,dropout,1,5874
synthetic_form_00819,r03-110,data\synthetic_form_anomalies\images\synthetic_form_00819.png,data\synthetic_form_anomalies\masks\synthetic_form_00819_mask.png,thickening,1,4972
synthetic_form_00820,n03-064,data\synthetic_form_anomalies\images\synthetic_form_00820.png,data\synthetic_form_anomalies\masks\synthetic_form_00820_mask.png,blur,1,1104
synthetic_form_00821,g06-047b,data\synthetic_form_anomalies\images\synthetic_form_00821.png,data\synthetic_form_anomalies\masks\synthetic_form_00821_mask.png,blur,1,3449
synthetic_form_00822,f07-076a,data\synthetic_form_anomalies\images\synthetic_form_00822.png,data\synthetic_form_anomalies\masks\synthetic_form_00822_mask.png,dropout,1,10982
synthetic_form_00823,g06-109,data\synthetic_form_anomalies\images\synthetic_form_00823.png,data\synthetic_form_anomalies\masks\synthetic_form_00823_mask.png,dropout,1,18261
synthetic_form_00824,g06-042c,data\synthetic_form_anomalies\images\synthetic_form_00824.png,data\synthetic_form_anomalies\masks\synthetic_form_00824_mask.png,thickening,1,5515
synthetic_form_00825,b01-057,data\synthetic_form_anomalies\images\synthetic_form_00825.png,data\synthetic_form_anomalies\masks\synthetic_form_00825_mask.png,dropout,1,15377
synthetic_form_00826,c03-084c,data\synthetic_form_anomalies\images\synthetic_form_00826.png,data\synthetic_form_anomalies\masks\synthetic_form_00826_mask.png,thickening,1,4875
synthetic_form_00827,r02-065,data\synthetic_form_anomalies\images\synthetic_form_00827.png,data\synthetic_form_anomalies\masks\synthetic_form_00827_mask.png,dropout,1,6502
synthetic_form_00828,b03-025,data\synthetic_form_anomalies\images\synthetic_form_00828.png,data\synthetic_form_anomalies\masks\synthetic_form_00828_mask.png,thickening,1,3083
synthetic_form_00829,n02-040,data\synthetic_form_anomalies\images\synthetic_form_00829.png,data\synthetic_form_anomalies\masks\synthetic_form_00829_mask.png,thinning,1,2276
synthetic_form_00830,j04-015,data\synthetic_form_anomalies\images\synthetic_form_00830.png,data\synthetic_form_anomalies\masks\synthetic_form_00830_mask.png,thickening,1,3625
synthetic_form_00831,n02-154,data\synthetic_form_anomalies\images\synthetic_form_00831.png,data\synthetic_form_anomalies\masks\synthetic_form_00831_mask.png,dropout,1,12523
synthetic_form_00832,b06-071,data\synthetic_form_anomalies\images\synthetic_form_00832.png,data\synthetic_form_anomalies\masks\synthetic_form_00832_mask.png,thickening,1,5803
synthetic_form_00833,c02-012,data\synthetic_form_anomalies\images\synthetic_form_00833.png,data\synthetic_form_anomalies\masks\synthetic_form_00833_mask.png,dropout,1,2360
synthetic_form_00834,c03-000f,data\synthetic_form_anomalies\images\synthetic_form_00834.png,data\synthetic_form_anomalies\masks\synthetic_form_00834_mask.png,blur,1,21260
synthetic_form_00835,d05-025,data\synthetic_form_anomalies\images\synthetic_form_00835.png,data\synthetic_form_anomalies\masks\synthetic_form_00835_mask.png,thinning,1,2747
synthetic_form_00836,g06-026p,data\synthetic_form_anomalies\images\synthetic_form_00836.png,data\synthetic_form_anomalies\masks\synthetic_form_00836_mask.png,dropout,1,9636
synthetic_form_00837,l01-111,data\synthetic_form_anomalies\images\synthetic_form_00837.png,data\synthetic_form_anomalies\masks\synthetic_form_00837_mask.png,dropout,1,2126
synthetic_form_00838,f03-182,data\synthetic_form_anomalies\images\synthetic_form_00838.png,data\synthetic_form_anomalies\masks\synthetic_form_00838_mask.png,thickening,1,9014
synthetic_form_00839,g06-037b(1),data\synthetic_form_anomalies\images\synthetic_form_00839.png,data\synthetic_form_anomalies\masks\synthetic_form_00839_mask.png,thickening,1,14265
synthetic_form_00840,m01-026,data\synthetic_form_anomalies\images\synthetic_form_00840.png,data\synthetic_form_anomalies\masks\synthetic_form_00840_mask.png,thinning,1,6358
synthetic_form_00841,f07-046b,data\synthetic_form_anomalies\images\synthetic_form_00841.png,data\synthetic_form_anomalies\masks\synthetic_form_00841_mask.png,thinning,1,6652
synthetic_form_00842,f07-009,data\synthetic_form_anomalies\images\synthetic_form_00842.png,data\synthetic_form_anomalies\masks\synthetic_form_00842_mask.png,dropout,1,20566
synthetic_form_00843,p03-181,data\synthetic_form_anomalies\images\synthetic_form_00843.png,data\synthetic_form_anomalies\masks\synthetic_form_00843_mask.png,thickening,1,8720
synthetic_form_00844,n02-109,data\synthetic_form_anomalies\images\synthetic_form_00844.png,data\synthetic_form_anomalies\masks\synthetic_form_00844_mask.png,blur,1,5785
synthetic_form_00845,m04-113,data\synthetic_form_anomalies\images\synthetic_form_00845.png,data\synthetic_form_anomalies\masks\synthetic_form_00845_mask.png,blur,1,9309
synthetic_form_00846,p02-131,data\synthetic_form_anomalies\images\synthetic_form_00846.png,data\synthetic_form_anomalies\masks\synthetic_form_00846_mask.png,dropout,1,4544
synthetic_form_00847,b06-004,data\synthetic_form_anomalies\images\synthetic_form_00847.png,data\synthetic_form_anomalies\masks\synthetic_form_00847_mask.png,thickening,1,9438
synthetic_form_00848,m01-125,data\synthetic_form_anomalies\images\synthetic_form_00848.png,data\synthetic_form_anomalies\masks\synthetic_form_00848_mask.png,dropout,1,7416
synthetic_form_00849,c06-095,data\synthetic_form_anomalies\images\synthetic_form_00849.png,data\synthetic_form_anomalies\masks\synthetic_form_00849_mask.png,blur,1,4291
synthetic_form_00850,b01-118,data\synthetic_form_anomalies\images\synthetic_form_00850.png,data\synthetic_form_anomalies\masks\synthetic_form_00850_mask.png,thickening,1,2889
synthetic_form_00851,g07-000a,data\synthetic_form_anomalies\images\synthetic_form_00851.png,data\synthetic_form_anomalies\masks\synthetic_form_00851_mask.png,thinning,1,10374
synthetic_form_00852,a01-011,data\synthetic_form_anomalies\images\synthetic_form_00852.png,data\synthetic_form_anomalies\masks\synthetic_form_00852_mask.png,dropout,1,21207
synthetic_form_00853,h07-066b,data\synthetic_form_anomalies\images\synthetic_form_00853.png,data\synthetic_form_anomalies\masks\synthetic_form_00853_mask.png,thinning,1,21344
synthetic_form_00854,b01-057,data\synthetic_form_anomalies\images\synthetic_form_00854.png,data\synthetic_form_anomalies\masks\synthetic_form_00854_mask.png,blur,1,17255
synthetic_form_00855,h07-044a,data\synthetic_form_anomalies\images\synthetic_form_00855.png,data\synthetic_form_anomalies\masks\synthetic_form_00855_mask.png,thinning,1,9405
synthetic_form_00856,g06-026e,data\synthetic_form_anomalies\images\synthetic_form_00856.png,data\synthetic_form_anomalies\masks\synthetic_form_00856_mask.png,thinning,1,4733
synthetic_form_00857,g06-037b,data\synthetic_form_anomalies\images\synthetic_form_00857.png,data\synthetic_form_anomalies\masks\synthetic_form_00857_mask.png,blur,1,6273
synthetic_form_00858,p03-096,data\synthetic_form_anomalies\images\synthetic_form_00858.png,data\synthetic_form_anomalies\masks\synthetic_form_00858_mask.png,thinning,1,7546
synthetic_form_00859,m03-095,data\synthetic_form_anomalies\images\synthetic_form_00859.png,data\synthetic_form_anomalies\masks\synthetic_form_00859_mask.png,thinning,1,2786
synthetic_form_00860,h07-040b,data\synthetic_form_anomalies\images\synthetic_form_00860.png,data\synthetic_form_anomalies\masks\synthetic_form_00860_mask.png,thickening,1,7521
synthetic_form_00861,k07-077,data\synthetic_form_anomalies\images\synthetic_form_00861.png,data\synthetic_form_anomalies\masks\synthetic_form_00861_mask.png,dropout,1,11891
synthetic_form_00862,n04-075,data\synthetic_form_anomalies\images\synthetic_form_00862.png,data\synthetic_form_anomalies\masks\synthetic_form_00862_mask.png,thickening,1,12830
synthetic_form_00863,b01-094,data\synthetic_form_anomalies\images\synthetic_form_00863.png,data\synthetic_form_anomalies\masks\synthetic_form_00863_mask.png,thickening,1,6119
synthetic_form_00864,a03-071,data\synthetic_form_anomalies\images\synthetic_form_00864.png,data\synthetic_form_anomalies\masks\synthetic_form_00864_mask.png,blur,1,9712
synthetic_form_00865,n06-074,data\synthetic_form_anomalies\images\synthetic_form_00865.png,data\synthetic_form_anomalies\masks\synthetic_form_00865_mask.png,blur,1,3954
synthetic_form_00866,c04-139,data\synthetic_form_anomalies\images\synthetic_form_00866.png,data\synthetic_form_anomalies\masks\synthetic_form_00866_mask.png,blur,1,4452
synthetic_form_00867,g06-050o,data\synthetic_form_anomalies\images\synthetic_form_00867.png,data\synthetic_form_anomalies\masks\synthetic_form_00867_mask.png,thinning,1,26512
synthetic_form_00868,d04-117,data\synthetic_form_anomalies\images\synthetic_form_00868.png,data\synthetic_form_anomalies\masks\synthetic_form_00868_mask.png,thickening,1,4039
synthetic_form_00869,g06-018a,data\synthetic_form_anomalies\images\synthetic_form_00869.png,data\synthetic_form_anomalies\masks\synthetic_form_00869_mask.png,thickening,1,4751
synthetic_form_00870,r06-044,data\synthetic_form_anomalies\images\synthetic_form_00870.png,data\synthetic_form_anomalies\masks\synthetic_form_00870_mask.png,dropout,1,12289
synthetic_form_00871,d01-123,data\synthetic_form_anomalies\images\synthetic_form_00871.png,data\synthetic_form_anomalies\masks\synthetic_form_00871_mask.png,thinning,1,17352
synthetic_form_00872,e06-049,data\synthetic_form_anomalies\images\synthetic_form_00872.png,data\synthetic_form_anomalies\masks\synthetic_form_00872_mask.png,thinning,1,3470
synthetic_form_00873,r03-050,data\synthetic_form_anomalies\images\synthetic_form_00873.png,data\synthetic_form_anomalies\masks\synthetic_form_00873_mask.png,thickening,1,1939
synthetic_form_00874,e04-038,data\synthetic_form_anomalies\images\synthetic_form_00874.png,data\synthetic_form_anomalies\masks\synthetic_form_00874_mask.png,thinning,1,3454
synthetic_form_00875,a01-014,data\synthetic_form_anomalies\images\synthetic_form_00875.png,data\synthetic_form_anomalies\masks\synthetic_form_00875_mask.png,thickening,1,3678
synthetic_form_00876,f04-046,data\synthetic_form_anomalies\images\synthetic_form_00876.png,data\synthetic_form_anomalies\masks\synthetic_form_00876_mask.png,blur,1,5138
synthetic_form_00877,h06-000,data\synthetic_form_anomalies\images\synthetic_form_00877.png,data\synthetic_form_anomalies\masks\synthetic_form_00877_mask.png,thickening,1,2261
synthetic_form_00878,f04-007,data\synthetic_form_anomalies\images\synthetic_form_00878.png,data\synthetic_form_anomalies\masks\synthetic_form_00878_mask.png,thickening,1,1837
synthetic_form_00879,c02-035,data\synthetic_form_anomalies\images\synthetic_form_00879.png,data\synthetic_form_anomalies\masks\synthetic_form_00879_mask.png,dropout,1,8826
synthetic_form_00880,a06-095,data\synthetic_form_anomalies\images\synthetic_form_00880.png,data\synthetic_form_anomalies\masks\synthetic_form_00880_mask.png,blur,1,5383
synthetic_form_00881,f07-006,data\synthetic_form_anomalies\images\synthetic_form_00881.png,data\synthetic_form_anomalies\masks\synthetic_form_00881_mask.png,dropout,1,3068
synthetic_form_00882,k07-063a,data\synthetic_form_anomalies\images\synthetic_form_00882.png,data\synthetic_form_anomalies\masks\synthetic_form_00882_mask.png,blur,1,861
synthetic_form_00883,g06-050a,data\synthetic_form_anomalies\images\synthetic_form_00883.png,data\synthetic_form_anomalies\masks\synthetic_form_00883_mask.png,thinning,1,13943
synthetic_form_00884,n04-213,data\synthetic_form_anomalies\images\synthetic_form_00884.png,data\synthetic_form_anomalies\masks\synthetic_form_00884_mask.png,thickening,1,5938
synthetic_form_00885,d07-085,data\synthetic_form_anomalies\images\synthetic_form_00885.png,data\synthetic_form_anomalies\masks\synthetic_form_00885_mask.png,thickening,1,6273
synthetic_form_00886,g04-088,data\synthetic_form_anomalies\images\synthetic_form_00886.png,data\synthetic_form_anomalies\masks\synthetic_form_00886_mask.png,dropout,1,9108
synthetic_form_00887,h04-055,data\synthetic_form_anomalies\images\synthetic_form_00887.png,data\synthetic_form_anomalies\masks\synthetic_form_00887_mask.png,blur,1,6702
synthetic_form_00888,h07-084,data\synthetic_form_anomalies\images\synthetic_form_00888.png,data\synthetic_form_anomalies\masks\synthetic_form_00888_mask.png,thickening,1,7016
synthetic_form_00889,a04-059,data\synthetic_form_anomalies\images\synthetic_form_00889.png,data\synthetic_form_anomalies\masks\synthetic_form_00889_mask.png,dropout,1,15532
synthetic_form_00890,b01-057,data\synthetic_form_anomalies\images\synthetic_form_00890.png,data\synthetic_form_anomalies\masks\synthetic_form_00890_mask.png,thickening,1,7667
synthetic_form_00891,n06-123,data\synthetic_form_anomalies\images\synthetic_form_00891.png,data\synthetic_form_anomalies\masks\synthetic_form_00891_mask.png,blur,1,9544
synthetic_form_00892,a02-046,data\synthetic_form_anomalies\images\synthetic_form_00892.png,data\synthetic_form_anomalies\masks\synthetic_form_00892_mask.png,thinning,1,4090
synthetic_form_00893,k04-126,data\synthetic_form_anomalies\images\synthetic_form_00893.png,data\synthetic_form_anomalies\masks\synthetic_form_00893_mask.png,blur,1,11861
synthetic_form_00894,g06-031h,data\synthetic_form_anomalies\images\synthetic_form_00894.png,data\synthetic_form_anomalies\masks\synthetic_form_00894_mask.png,dropout,1,3759
synthetic_form_00895,f03-182,data\synthetic_form_anomalies\images\synthetic_form_00895.png,data\synthetic_form_anomalies\masks\synthetic_form_00895_mask.png,thickening,1,5580
synthetic_form_00896,p06-069,data\synthetic_form_anomalies\images\synthetic_form_00896.png,data\synthetic_form_anomalies\masks\synthetic_form_00896_mask.png,thickening,1,1180
synthetic_form_00897,a05-013,data\synthetic_form_anomalies\images\synthetic_form_00897.png,data\synthetic_form_anomalies\masks\synthetic_form_00897_mask.png,blur,1,2334
synthetic_form_00898,n06-119,data\synthetic_form_anomalies\images\synthetic_form_00898.png,data\synthetic_form_anomalies\masks\synthetic_form_00898_mask.png,blur,1,2454
synthetic_form_00899,g06-047b,data\synthetic_form_anomalies\images\synthetic_form_00899.png,data\synthetic_form_anomalies\masks\synthetic_form_00899_mask.png,dropout,1,3560
synthetic_form_00900,c02-007,data\synthetic_form_anomalies\images\synthetic_form_00900.png,data\synthetic_form_anomalies\masks\synthetic_form_00900_mask.png,dropout,1,3268
synthetic_form_00901,k04-000,data\synthetic_form_anomalies\images\synthetic_form_00901.png,data\synthetic_form_anomalies\masks\synthetic_form_00901_mask.png,blur,1,6324
synthetic_form_00902,n04-139,data\synthetic_form_anomalies\images\synthetic_form_00902.png,data\synthetic_form_anomalies\masks\synthetic_form_00902_mask.png,thinning,1,4522
synthetic_form_00903,a02-082,data\synthetic_form_anomalies\images\synthetic_form_00903.png,data\synthetic_form_anomalies\masks\synthetic_form_00903_mask.png,dropout,1,11443
synthetic_form_00904,k02-036,data\synthetic_form_anomalies\images\synthetic_form_00904.png,data\synthetic_form_anomalies\masks\synthetic_form_00904_mask.png,thinning,1,2191
synthetic_form_00905,c06-047,data\synthetic_form_anomalies\images\synthetic_form_00905.png,data\synthetic_form_anomalies\masks\synthetic_form_00905_mask.png,thinning,1,2218
synthetic_form_00906,c03-087b,data\synthetic_form_anomalies\images\synthetic_form_00906.png,data\synthetic_form_anomalies\masks\synthetic_form_00906_mask.png,thinning,1,7133
synthetic_form_00907,c03-084c,data\synthetic_form_anomalies\images\synthetic_form_00907.png,data\synthetic_form_anomalies\masks\synthetic_form_00907_mask.png,thickening,1,13085
synthetic_form_00908,g07-014b,data\synthetic_form_anomalies\images\synthetic_form_00908.png,data\synthetic_form_anomalies\masks\synthetic_form_00908_mask.png,blur,1,5845
synthetic_form_00909,n04-044,data\synthetic_form_anomalies\images\synthetic_form_00909.png,data\synthetic_form_anomalies\masks\synthetic_form_00909_mask.png,thinning,1,7591
synthetic_form_00910,f07-002,data\synthetic_form_anomalies\images\synthetic_form_00910.png,data\synthetic_form_anomalies\masks\synthetic_form_00910_mask.png,thickening,1,2423
synthetic_form_00911,m02-095,data\synthetic_form_anomalies\images\synthetic_form_00911.png,data\synthetic_form_anomalies\masks\synthetic_form_00911_mask.png,dropout,1,8077
synthetic_form_00912,g06-050k,data\synthetic_form_anomalies\images\synthetic_form_00912.png,data\synthetic_form_anomalies\masks\synthetic_form_00912_mask.png,thinning,1,5894
synthetic_form_00913,f03-182,data\synthetic_form_anomalies\images\synthetic_form_00913.png,data\synthetic_form_anomalies\masks\synthetic_form_00913_mask.png,blur,1,1870
synthetic_form_00914,d06-030,data\synthetic_form_anomalies\images\synthetic_form_00914.png,data\synthetic_form_anomalies\masks\synthetic_form_00914_mask.png,blur,1,22709
synthetic_form_00915,g02-073,data\synthetic_form_anomalies\images\synthetic_form_00915.png,data\synthetic_form_anomalies\masks\synthetic_form_00915_mask.png,dropout,1,16943
synthetic_form_00916,g07-022b,data\synthetic_form_anomalies\images\synthetic_form_00916.png,data\synthetic_form_anomalies\masks\synthetic_form_00916_mask.png,dropout,1,3989
synthetic_form_00917,k04-061,data\synthetic_form_anomalies\images\synthetic_form_00917.png,data\synthetic_form_anomalies\masks\synthetic_form_00917_mask.png,thickening,1,12535
synthetic_form_00918,b06-000,data\synthetic_form_anomalies\images\synthetic_form_00918.png,data\synthetic_form_anomalies\masks\synthetic_form_00918_mask.png,thickening,1,2271
synthetic_form_00919,a05-044,data\synthetic_form_anomalies\images\synthetic_form_00919.png,data\synthetic_form_anomalies\masks\synthetic_form_00919_mask.png,thickening,1,18164
synthetic_form_00920,l03-004,data\synthetic_form_anomalies\images\synthetic_form_00920.png,data\synthetic_form_anomalies\masks\synthetic_form_00920_mask.png,thinning,1,17143
synthetic_form_00921,k04-061,data\synthetic_form_anomalies\images\synthetic_form_00921.png,data\synthetic_form_anomalies\masks\synthetic_form_00921_mask.png,dropout,1,22390
synthetic_form_00922,n02-033,data\synthetic_form_anomalies\images\synthetic_form_00922.png,data\synthetic_form_anomalies\masks\synthetic_form_00922_mask.png,thinning,1,9935
synthetic_form_00923,b05-045,data\synthetic_form_anomalies\images\synthetic_form_00923.png,data\synthetic_form_anomalies\masks\synthetic_form_00923_mask.png,thickening,1,10767
synthetic_form_00924,g03-058,data\synthetic_form_anomalies\images\synthetic_form_00924.png,data\synthetic_form_anomalies\masks\synthetic_form_00924_mask.png,thinning,1,1724
synthetic_form_00925,g06-050b,data\synthetic_form_anomalies\images\synthetic_form_00925.png,data\synthetic_form_anomalies\masks\synthetic_form_00925_mask.png,thinning,1,15133
synthetic_form_00926,g02-062,data\synthetic_form_anomalies\images\synthetic_form_00926.png,data\synthetic_form_anomalies\masks\synthetic_form_00926_mask.png,thinning,1,13635
synthetic_form_00927,e01-062,data\synthetic_form_anomalies\images\synthetic_form_00927.png,data\synthetic_form_anomalies\masks\synthetic_form_00927_mask.png,thinning,1,1887
synthetic_form_00928,g06-018b,data\synthetic_form_anomalies\images\synthetic_form_00928.png,data\synthetic_form_anomalies\masks\synthetic_form_00928_mask.png,thickening,1,5000
synthetic_form_00929,f04-057,data\synthetic_form_anomalies\images\synthetic_form_00929.png,data\synthetic_form_anomalies\masks\synthetic_form_00929_mask.png,blur,1,22494
synthetic_form_00930,r06-022,data\synthetic_form_anomalies\images\synthetic_form_00930.png,data\synthetic_form_anomalies\masks\synthetic_form_00930_mask.png,thinning,1,25446
synthetic_form_00931,n02-028,data\synthetic_form_anomalies\images\synthetic_form_00931.png,data\synthetic_form_anomalies\masks\synthetic_form_00931_mask.png,thickening,1,11065
synthetic_form_00932,d06-082,data\synthetic_form_anomalies\images\synthetic_form_00932.png,data\synthetic_form_anomalies\masks\synthetic_form_00932_mask.png,dropout,1,5993
synthetic_form_00933,g01-031,data\synthetic_form_anomalies\images\synthetic_form_00933.png,data\synthetic_form_anomalies\masks\synthetic_form_00933_mask.png,thickening,1,8716
synthetic_form_00934,b05-088,data\synthetic_form_anomalies\images\synthetic_form_00934.png,data\synthetic_form_anomalies\masks\synthetic_form_00934_mask.png,thickening,1,4757
synthetic_form_00935,m06-048,data\synthetic_form_anomalies\images\synthetic_form_00935.png,data\synthetic_form_anomalies\masks\synthetic_form_00935_mask.png,thinning,1,8459
synthetic_form_00936,g03-040,data\synthetic_form_anomalies\images\synthetic_form_00936.png,data\synthetic_form_anomalies\masks\synthetic_form_00936_mask.png,dropout,1,17902
synthetic_form_00937,f07-000b,data\synthetic_form_anomalies\images\synthetic_form_00937.png,data\synthetic_form_anomalies\masks\synthetic_form_00937_mask.png,dropout,1,14491
synthetic_form_00938,c06-039,data\synthetic_form_anomalies\images\synthetic_form_00938.png,data\synthetic_form_anomalies\masks\synthetic_form_00938_mask.png,thickening,1,3315
synthetic_form_00939,a02-093,data\synthetic_form_anomalies\images\synthetic_form_00939.png,data\synthetic_form_anomalies\masks\synthetic_form_00939_mask.png,thinning,1,16892
synthetic_form_00940,m04-043,data\synthetic_form_anomalies\images\synthetic_form_00940.png,data\synthetic_form_anomalies\masks\synthetic_form_00940_mask.png,thinning,1,7238
synthetic_form_00941,c03-003b,data\synthetic_form_anomalies\images\synthetic_form_00941.png,data\synthetic_form_anomalies\masks\synthetic_form_00941_mask.png,dropout,1,10908
synthetic_form_00942,l07-138,data\synthetic_form_anomalies\images\synthetic_form_00942.png,data\synthetic_form_anomalies\masks\synthetic_form_00942_mask.png,thickening,1,12337
synthetic_form_00943,g06-050h,data\synthetic_form_anomalies\images\synthetic_form_00943.png,data\synthetic_form_anomalies\masks\synthetic_form_00943_mask.png,thinning,1,7061
synthetic_form_00944,g06-031o,data\synthetic_form_anomalies\images\synthetic_form_00944.png,data\synthetic_form_anomalies\masks\synthetic_form_00944_mask.png,thinning,1,7333
synthetic_form_00945,c03-003e,data\synthetic_form_anomalies\images\synthetic_form_00945.png,data\synthetic_form_anomalies\masks\synthetic_form_00945_mask.png,thickening,1,12545
synthetic_form_00946,g05-087,data\synthetic_form_anomalies\images\synthetic_form_00946.png,data\synthetic_form_anomalies\masks\synthetic_form_00946_mask.png,thickening,1,2923
synthetic_form_00947,j04-061,data\synthetic_form_anomalies\images\synthetic_form_00947.png,data\synthetic_form_anomalies\masks\synthetic_form_00947_mask.png,thinning,1,6230
synthetic_form_00948,c03-081a,data\synthetic_form_anomalies\images\synthetic_form_00948.png,data\synthetic_form_anomalies\masks\synthetic_form_00948_mask.png,thickening,1,8196
synthetic_form_00949,h07-040,data\synthetic_form_anomalies\images\synthetic_form_00949.png,data\synthetic_form_anomalies\masks\synthetic_form_00949_mask.png,thinning,1,12768
synthetic_form_00950,n04-156,data\synthetic_form_anomalies\images\synthetic_form_00950.png,data\synthetic_form_anomalies\masks\synthetic_form_00950_mask.png,dropout,1,9431
synthetic_form_00951,g04-048,data\synthetic_form_anomalies\images\synthetic_form_00951.png,data\synthetic_form_anomalies\masks\synthetic_form_00951_mask.png,dropout,1,19433
synthetic_form_00952,d04-028,data\synthetic_form_anomalies\images\synthetic_form_00952.png,data\synthetic_form_anomalies\masks\synthetic_form_00952_mask.png,blur,1,5332
synthetic_form_00953,l04-124,data\synthetic_form_anomalies\images\synthetic_form_00953.png,data\synthetic_form_anomalies\masks\synthetic_form_00953_mask.png,thickening,1,13612
synthetic_form_00954,b05-045,data\synthetic_form_anomalies\images\synthetic_form_00954.png,data\synthetic_form_anomalies\masks\synthetic_form_00954_mask.png,thickening,1,4313
synthetic_form_00955,l07-131,data\synthetic_form_anomalies\images\synthetic_form_00955.png,data\synthetic_form_anomalies\masks\synthetic_form_00955_mask.png,thinning,1,3626
synthetic_form_00956,p03-057,data\synthetic_form_anomalies\images\synthetic_form_00956.png,data\synthetic_form_anomalies\masks\synthetic_form_00956_mask.png,thickening,1,16863
synthetic_form_00957,a01-020,data\synthetic_form_anomalies\images\synthetic_form_00957.png,data\synthetic_form_anomalies\masks\synthetic_form_00957_mask.png,blur,1,4438
synthetic_form_00958,g06-031k,data\synthetic_form_anomalies\images\synthetic_form_00958.png,data\synthetic_form_anomalies\masks\synthetic_form_00958_mask.png,dropout,1,2710
synthetic_form_00959,n02-000,data\synthetic_form_anomalies\images\synthetic_form_00959.png,data\synthetic_form_anomalies\masks\synthetic_form_00959_mask.png,dropout,1,2849
synthetic_form_00960,k07-141,data\synthetic_form_anomalies\images\synthetic_form_00960.png,data\synthetic_form_anomalies\masks\synthetic_form_00960_mask.png,dropout,1,4405
synthetic_form_00961,c04-139,data\synthetic_form_anomalies\images\synthetic_form_00961.png,data\synthetic_form_anomalies\masks\synthetic_form_00961_mask.png,dropout,1,8994
synthetic_form_00962,c03-081d,data\synthetic_form_anomalies\images\synthetic_form_00962.png,data\synthetic_form_anomalies\masks\synthetic_form_00962_mask.png,dropout,1,14373
synthetic_form_00963,d06-100,data\synthetic_form_anomalies\images\synthetic_form_00963.png,data\synthetic_form_anomalies\masks\synthetic_form_00963_mask.png,dropout,1,11232
synthetic_form_00964,r03-053,data\synthetic_form_anomalies\images\synthetic_form_00964.png,data\synthetic_form_anomalies\masks\synthetic_form_00964_mask.png,thinning,1,17666
synthetic_form_00965,p02-105,data\synthetic_form_anomalies\images\synthetic_form_00965.png,data\synthetic_form_anomalies\masks\synthetic_form_00965_mask.png,dropout,1,7809
synthetic_form_00966,f07-039a,data\synthetic_form_anomalies\images\synthetic_form_00966.png,data\synthetic_form_anomalies\masks\synthetic_form_00966_mask.png,thickening,1,7868
synthetic_form_00967,g06-018d,data\synthetic_form_anomalies\images\synthetic_form_00967.png,data\synthetic_form_anomalies\masks\synthetic_form_00967_mask.png,thinning,1,1790
synthetic_form_00968,l07-176,data\synthetic_form_anomalies\images\synthetic_form_00968.png,data\synthetic_form_anomalies\masks\synthetic_form_00968_mask.png,blur,1,2830
synthetic_form_00969,d01-056,data\synthetic_form_anomalies\images\synthetic_form_00969.png,data\synthetic_form_anomalies\masks\synthetic_form_00969_mask.png,thickening,1,5973
synthetic_form_00970,g06-011l,data\synthetic_form_anomalies\images\synthetic_form_00970.png,data\synthetic_form_anomalies\masks\synthetic_form_00970_mask.png,blur,1,12786
synthetic_form_00971,p03-096,data\synthetic_form_anomalies\images\synthetic_form_00971.png,data\synthetic_form_anomalies\masks\synthetic_form_00971_mask.png,dropout,1,3324
synthetic_form_00972,g06-047e,data\synthetic_form_anomalies\images\synthetic_form_00972.png,data\synthetic_form_anomalies\masks\synthetic_form_00972_mask.png,blur,1,8604
synthetic_form_00973,c04-023,data\synthetic_form_anomalies\images\synthetic_form_00973.png,data\synthetic_form_anomalies\masks\synthetic_form_00973_mask.png,thinning,1,13066
synthetic_form_00974,n04-075,data\synthetic_form_anomalies\images\synthetic_form_00974.png,data\synthetic_form_anomalies\masks\synthetic_form_00974_mask.png,thickening,1,10114
synthetic_form_00975,a06-020,data\synthetic_form_anomalies\images\synthetic_form_00975.png,data\synthetic_form_anomalies\masks\synthetic_form_00975_mask.png,blur,1,19470
synthetic_form_00976,n04-015,data\synthetic_form_anomalies\images\synthetic_form_00976.png,data\synthetic_form_anomalies\masks\synthetic_form_00976_mask.png,thinning,1,7689
synthetic_form_00977,r03-084,data\synthetic_form_anomalies\images\synthetic_form_00977.png,data\synthetic_form_anomalies\masks\synthetic_form_00977_mask.png,blur,1,10032
synthetic_form_00978,r02-054,data\synthetic_form_anomalies\images\synthetic_form_00978.png,data\synthetic_form_anomalies\masks\synthetic_form_00978_mask.png,blur,1,9441
synthetic_form_00979,f07-101a,data\synthetic_form_anomalies\images\synthetic_form_00979.png,data\synthetic_form_anomalies\masks\synthetic_form_00979_mask.png,thinning,1,3108
synthetic_form_00980,g06-031a,data\synthetic_form_anomalies\images\synthetic_form_00980.png,data\synthetic_form_anomalies\masks\synthetic_form_00980_mask.png,dropout,1,5339
synthetic_form_00981,h07-060a,data\synthetic_form_anomalies\images\synthetic_form_00981.png,data\synthetic_form_anomalies\masks\synthetic_form_00981_mask.png,blur,1,10287
synthetic_form_00982,f07-042b,data\synthetic_form_anomalies\images\synthetic_form_00982.png,data\synthetic_form_anomalies\masks\synthetic_form_00982_mask.png,blur,1,799
synthetic_form_00983,k02-053,data\synthetic_form_anomalies\images\synthetic_form_00983.png,data\synthetic_form_anomalies\masks\synthetic_form_00983_mask.png,blur,1,16636
synthetic_form_00984,p01-174,data\synthetic_form_anomalies\images\synthetic_form_00984.png,data\synthetic_form_anomalies\masks\synthetic_form_00984_mask.png,dropout,1,10997
synthetic_form_00985,d06-008,data\synthetic_form_anomalies\images\synthetic_form_00985.png,data\synthetic_form_anomalies\masks\synthetic_form_00985_mask.png,dropout,1,10672
synthetic_form_00986,l04-098,data\synthetic_form_anomalies\images\synthetic_form_00986.png,data\synthetic_form_anomalies\masks\synthetic_form_00986_mask.png,blur,1,4858
synthetic_form_00987,a04-081,data\synthetic_form_anomalies\images\synthetic_form_00987.png,data\synthetic_form_anomalies\masks\synthetic_form_00987_mask.png,thinning,1,3585
synthetic_form_00988,g06-037b(1),data\synthetic_form_anomalies\images\synthetic_form_00988.png,data\synthetic_form_anomalies\masks\synthetic_form_00988_mask.png,thickening,1,9085
synthetic_form_00989,e01-055,data\synthetic_form_anomalies\images\synthetic_form_00989.png,data\synthetic_form_anomalies\masks\synthetic_form_00989_mask.png,dropout,1,3249
synthetic_form_00990,n04-068,data\synthetic_form_anomalies\images\synthetic_form_00990.png,data\synthetic_form_anomalies\masks\synthetic_form_00990_mask.png,thinning,1,7475
synthetic_form_00991,f02-040,data\synthetic_form_anomalies\images\synthetic_form_00991.png,data\synthetic_form_anomalies\masks\synthetic_form_00991_mask.png,blur,1,7326
synthetic_form_00992,c03-084f,data\synthetic_form_anomalies\images\synthetic_form_00992.png,data\synthetic_form_anomalies\masks\synthetic_form_00992_mask.png,thinning,1,4509
synthetic_form_00993,e01-086,data\synthetic_form_anomalies\images\synthetic_form_00993.png,data\synthetic_form_anomalies\masks\synthetic_form_00993_mask.png,thinning,1,8447
synthetic_form_00994,c02-003,data\synthetic_form_anomalies\images\synthetic_form_00994.png,data\synthetic_form_anomalies\masks\synthetic_form_00994_mask.png,dropout,1,4418
synthetic_form_00995,m02-052,data\synthetic_form_anomalies\images\synthetic_form_00995.png,data\synthetic_form_anomalies\masks\synthetic_form_00995_mask.png,thickening,1,11209
synthetic_form_00996,g04-055,data\synthetic_form_anomalies\images\synthetic_form_00996.png,data\synthetic_form_anomalies\masks\synthetic_form_00996_mask.png,blur,1,14638
synthetic_form_00997,h06-003,data\synthetic_form_anomalies\images\synthetic_form_00997.png,data\synthetic_form_anomalies\masks\synthetic_form_00997_mask.png,blur,1,31122
synthetic_form_00998,g06-026e,data\synthetic_form_anomalies\images\synthetic_form_00998.png,data\synthetic_form_anomalies\masks\synthetic_form_00998_mask.png,thinning,1,20524
synthetic_form_00999,j04-098,data\synthetic_form_anomalies\images\synthetic_form_00999.png,data\synthetic_form_anomalies\masks\synthetic_form_00999_mask.png,thickening,1,7893
synthetic_form_01000,f07-101a,data\synthetic_form_anomalies\images\synthetic_form_01000.png,data\synthetic_form_anomalies\masks\synthetic_form_01000_mask.png,dropout,1,5729
